Problem,Feedback,n,Block,Ha,pHa,La,Hb,pHb,Lb,LotShapeB,LotNumB,Amb,Corr,bRate,bRate_std,EV_A,EV_B,EV_diff
2,True,15,4,14,0.6,-18,8,0.25,-5,0,1,True,-1,0.4933333333333334,0.4131182235954578,1.2000000000000002,-1.75,-2.95
3,True,17,4,2,0.5,0,1,1.0,1,0,1,False,0,0.611764705882353,0.4328428596805896,1.0,1.0,0.0
5,False,15,1,26,1.0,26,45,0.75,-36,2,5,False,0,0.5866666666666667,0.4501851470969101,26.0,24.75,-1.25
6,True,15,4,28,1.0,28,33,0.01,28,2,3,True,0,0.8,0.3545621041711673,28.0,28.049999999999997,0.04999999999999716
10,False,15,1,1,1.0,1,59,0.05,0,0,1,True,0,0.7733333333333333,0.4061433010064071,1.0,2.95,1.9500000000000002
10,True,15,4,1,1.0,1,59,0.05,0,0,1,True,0,0.8533333333333334,0.277402921672395,1.0,2.95,1.9500000000000002
11,True,15,4,-4,1.0,-4,38,0.1,-5,1,6,False,0,0.6533333333333332,0.3888934240098375,-4.0,-0.6999999999999997,3.3000000000000003
12,True,17,3,-3,1.0,-3,-2,0.99,-13,2,7,True,0,0.6352941176470589,0.4076474832354976,-3.0,-2.1100000000000003,0.8899999999999997
13,True,15,2,9,1.0,9,48,0.05,7,0,1,False,0,0.7866666666666667,0.324844285041017,9.0,9.05,0.05000000000000071
15,True,19,4,42,0.5,-34,8,0.2,7,0,1,False,0,0.5368421052631579,0.4271488503447916,4.0,7.200000000000001,3.200000000000001
19,True,15,3,6,1.0,6,17,0.01,3,0,1,False,0,0.36,0.4222389303293981,6.0,3.1399999999999997,-2.8600000000000003
22,True,15,5,24,1.0,24,72,0.4,-12,0,1,False,0,0.3733333333333333,0.3990464825532174,24.0,21.6,-2.3999999999999986
23,True,18,5,15,1.0,15,39,0.6,-25,0,1,False,0,0.5333333333333333,0.4172740670816047,15.0,13.399999999999999,-1.6000000000000014
25,False,16,1,21,1.0,21,99,0.4,-30,1,4,True,0,0.3875000000000001,0.3827531841800928,21.0,21.6,0.6000000000000014
25,True,16,5,21,1.0,21,99,0.4,-30,1,4,True,0,0.6,0.3723797345005051,21.0,21.6,0.6000000000000014
26,True,15,5,8,1.0,8,54,0.05,5,0,1,False,0,0.6933333333333334,0.3614784456460256,8.0,7.45,-0.5499999999999998
27,False,16,1,-3,0.2,-12,-5,0.6,-18,1,4,False,0,0.4749999999999999,0.3714835124201342,-10.200000000000001,-10.2,1.7763568394002505e-15
30,False,16,1,6,0.5,-2,18,0.75,-35,2,5,False,0,0.775,0.2720294101747089,2.0,4.75,2.75
30,True,15,4,6,0.5,-2,18,0.75,-35,2,5,False,0,0.8266666666666667,0.3534860406754147,2.0,4.75,2.75
32,True,15,5,22,1.0,22,32,0.5,13,0,1,False,0,0.4933333333333334,0.4131182235954578,22.0,22.5,0.5
34,True,15,2,18,1.0,18,29,0.75,-16,3,2,True,0,0.48,0.4828486896977739,18.0,17.75,-0.25
36,False,16,1,7,0.1,4,1,0.6,1,1,4,False,0,0.1,0.2422120283277993,4.3,1.0,-3.3
36,True,16,4,7,0.1,4,1,0.6,1,1,4,False,0,0.1375,0.2895398648430529,4.3,1.0,-3.3
38,False,32,1,33,0.5,-15,17,0.6,4,2,4,False,0,0.54375,0.4196292526474047,9.0,11.799999999999999,2.799999999999999
38,True,16,5,33,0.5,-15,17,0.6,4,2,4,False,0,0.675,0.4250490167812021,9.0,11.799999999999999,2.799999999999999
39,True,18,2,-1,1.0,-1,23,0.2,-5,0,1,False,0,0.5444444444444445,0.4889631553811201,-1.0,0.6000000000000005,1.6000000000000005
40,True,17,3,-9,1.0,-9,-4,0.5,-20,1,2,False,0,0.2941176470588236,0.3543843045256345,-9.0,-12.0,-3.0
43,False,16,1,-8,0.2,-8,1,0.8,-43,0,1,False,0,0.3625,0.3947573094109004,-8.0,-7.799999999999998,0.20000000000000195
46,True,15,2,-5,0.99,-13,7,0.75,-44,1,4,False,-1,0.8,0.3703280399090206,-5.08,-5.75,-0.6699999999999999
47,False,16,1,29,0.5,-31,39,0.2,-14,0,1,False,0,0.3,0.3502380143083653,-1.0,-3.4000000000000004,-2.4000000000000004
47,True,15,3,29,0.5,-31,39,0.2,-14,0,1,False,0,0.2533333333333333,0.277402921672395,-1.0,-3.4000000000000004,-2.4000000000000004
49,False,16,1,42,0.25,26,97,0.2,13,0,1,False,0,0.3875,0.4224926034855522,30.0,29.800000000000004,-0.19999999999999574
49,True,15,3,42,0.25,26,97,0.2,13,0,1,False,0,0.4800000000000001,0.3764495792457279,30.0,29.800000000000004,-0.19999999999999574
53,True,19,4,-5,1.0,-5,-5,1.0,-5,2,4,False,0,0.5894736842105263,0.3970652574998853,-5.0,-5.0,0.0
55,False,16,1,-9,1.0,-9,15,0.5,-27,1,2,False,0,0.6499999999999999,0.322490309931942,-9.0,-6.0,3.0
56,True,18,3,35,0.6,-17,19,0.05,12,1,2,False,0,0.5888888888888889,0.4199284097093763,14.2,12.349999999999998,-1.8500000000000014
58,False,32,1,5,1.0,5,20,0.4,0,0,1,False,0,0.55,0.3663243759117004,5.0,8.0,3.0
58,True,15,4,5,1.0,5,20,0.4,0,0,1,False,0,0.4666666666666666,0.4186144947778269,5.0,8.0,3.0
59,True,16,5,27,0.4,-6,52,0.25,-7,1,2,False,0,0.35,0.3141125063837265,7.200000000000001,7.75,0.5499999999999989
66,True,16,2,26,1.0,26,25,0.99,20,0,1,True,0,0.3,0.3723797345005051,26.0,24.95,-1.0500000000000007
67,False,16,1,50,0.01,15,25,0.6,-2,1,2,False,1,0.3250000000000001,0.3855731664245668,15.35,14.2,-1.1500000000000004
67,True,15,4,50,0.01,15,25,0.6,-2,1,2,False,1,0.3733333333333333,0.4131182235954578,15.35,14.2,-1.1500000000000004
68,True,18,5,56,0.1,5,44,0.25,1,0,1,False,-1,0.5444444444444445,0.4217920064818988,10.100000000000001,11.75,1.6499999999999986
69,False,16,1,44,0.5,0,22,1.0,22,0,1,False,0,0.7,0.3723797345005049,22.0,22.0,0.0
69,True,15,4,44,0.5,0,22,1.0,22,0,1,False,0,0.5466666666666666,0.3502380143083653,22.0,22.0,0.0
70,True,16,3,11,1.0,11,9,0.95,7,1,8,False,0,0.2125,0.2777888886666756,11.0,8.899999999999999,-2.1000000000000014
71,True,16,3,18,1.0,18,24,0.8,-16,0,1,False,0,0.2875,0.3344149119482164,18.0,16.000000000000004,-1.9999999999999964
72,True,16,4,24,1.0,24,49,0.5,-5,0,1,False,0,0.45,0.3687817782917155,24.0,22.0,-2.0
74,True,16,4,31,0.05,-5,97,0.2,-32,0,1,True,0,0.45,0.3540244812627134,-3.2,-6.199999999999999,-2.999999999999999
78,True,16,4,55,0.25,-1,116,0.25,-23,1,8,False,1,0.5625,0.3947573094109004,13.0,11.75,-1.25
79,False,16,1,13,1.0,13,12,0.99,-31,0,1,True,0,0.1875,0.2680174123696693,13.0,11.569999999999999,-1.4300000000000015
79,True,16,5,13,1.0,13,12,0.99,-31,0,1,True,0,0.125,0.2816617356570348,13.0,11.569999999999999,-1.4300000000000015
83,False,16,1,23,1.0,23,50,0.2,16,1,4,True,0,0.85,0.2476556749467561,23.0,22.8,-0.1999999999999993
88,False,16,1,20,1.0,20,52,0.2,16,0,1,False,0,0.75,0.2683281572999748,20.0,23.200000000000003,3.200000000000003
89,True,16,2,11,1.0,11,35,0.25,1,0,1,False,0,0.4125,0.3537890143385838,11.0,9.5,-1.5
91,False,16,1,-8,0.99,-40,53,0.1,-15,1,8,False,0,0.7124999999999999,0.3344149119482165,-8.32,-8.2,0.120000000000001
92,False,16,1,14,1.0,14,31,0.5,1,0,1,False,0,0.7,0.3183289703016886,14.0,16.0,2.0
92,True,15,4,14,1.0,14,31,0.5,1,0,1,False,0,0.6933333333333334,0.3614784456460256,14.0,16.0,2.0
94,False,16,1,6,1.0,6,51,0.4,-25,1,6,True,0,0.55,0.409878030638384,6.0,5.400000000000002,-0.5999999999999979
94,True,16,5,6,1.0,6,51,0.4,-25,1,6,True,0,0.5749999999999998,0.3568379650952703,6.0,5.400000000000002,-0.5999999999999979
95,True,16,2,6,1.0,6,13,0.4,1,0,1,False,0,0.475,0.3255764119219941,6.0,5.8,-0.20000000000000018
96,True,18,2,24,1.0,24,33,0.75,-6,0,1,False,0,0.5555555555555556,0.4032547322536553,24.0,23.25,-0.75
99,True,17,2,19,1.0,19,19,0.99,5,1,4,False,0,0.4352941176470588,0.431481715242066,19.0,18.86,-0.14000000000000057
101,True,16,5,6,0.1,0,17,0.5,-10,0,1,False,-1,0.6749999999999999,0.3492849839314596,0.6000000000000001,3.5,2.9
102,False,16,1,18,0.99,-17,22,0.95,-17,0,1,False,0,0.7125,0.3649200825751669,17.65,20.049999999999997,2.3999999999999986
103,True,18,3,16,1.0,16,25,0.25,14,1,8,True,0,0.8222222222222223,0.2462795053820797,16.0,16.75,0.75
107,True,17,3,-8,1.0,-8,11,0.01,-6,0,1,False,0,0.8941176470588235,0.2014652210534554,-8.0,-5.829999999999999,2.170000000000001
108,False,16,1,63,0.25,3,19,0.8,12,0,1,False,-1,0.4875,0.4379878232706171,18.0,17.6,-0.3999999999999986
108,True,15,4,63,0.25,3,19,0.8,12,0,1,False,-1,0.3733333333333333,0.4131182235954578,18.0,17.6,-0.3999999999999986
109,False,16,1,16,0.01,4,58,0.2,-9,0,1,False,0,0.275,0.3991657967979387,4.12,4.400000000000001,0.28000000000000114
111,True,17,2,25,0.01,-3,45,0.1,-5,1,2,False,1,0.5882352941176472,0.3966773766885005,-2.7199999999999998,0.0,2.7199999999999998
114,False,16,1,11,1.0,11,23,0.4,4,3,3,True,0,0.6624999999999999,0.4112987559751022,11.0,11.600000000000001,0.6000000000000014
114,True,17,2,11,1.0,11,23,0.4,4,3,3,True,0,0.5411764705882353,0.3857765278134023,11.0,11.600000000000001,0.6000000000000014
116,False,33,1,6,1.0,6,77,0.01,2,1,2,False,0,0.5333333333333332,0.3796928583298173,6.0,2.75,-3.25
116,True,16,4,6,1.0,6,77,0.01,2,1,2,False,0,0.3375,0.4047633053197057,6.0,2.75,-3.25
119,False,16,1,31,0.4,4,15,1.0,15,3,6,False,0,0.425,0.4187282332651254,14.8,15.0,0.1999999999999993
119,True,15,5,31,0.4,4,15,1.0,15,3,6,False,0,0.5333333333333333,0.4386125310350269,14.8,15.0,0.1999999999999993
123,True,16,2,-2,1.0,-2,-1,0.75,-4,0,1,False,0,0.7625,0.2753785273643051,-2.0,-1.75,0.25
124,False,16,1,38,0.05,3,24,0.6,-22,3,2,True,0,0.3125000000000001,0.3930648801406709,4.75,5.599999999999998,0.8499999999999979
124,True,15,3,38,0.05,3,24,0.6,-22,3,2,True,0,0.4,0.3927922024247863,4.75,5.599999999999998,0.8499999999999979
126,False,16,1,7,1.0,7,22,0.01,9,1,8,False,0,0.7374999999999999,0.3774917217635375,7.0,9.13,2.130000000000001
126,True,15,5,7,1.0,7,22,0.01,9,1,8,False,0,0.8933333333333333,0.1830950832868254,7.0,9.13,2.130000000000001
128,False,16,1,21,0.6,-11,20,0.75,-23,3,4,False,0,0.575,0.3991657967979388,8.2,9.25,1.0500000000000007
128,True,15,3,21,0.6,-11,20,0.75,-23,3,4,False,0,0.7733333333333334,0.3104528182847634,8.2,9.25,1.0500000000000007
129,True,18,5,-4,1.0,-4,43,0.5,-48,1,4,False,0,0.7777777777777778,0.3422341055571988,-4.0,-2.5,1.5
131,False,16,1,98,0.1,-6,4,1.0,4,1,2,False,0,0.65,0.4647580015448901,4.4,4.0,-0.40000000000000036
131,True,16,2,98,0.1,-6,4,1.0,4,1,2,False,0,0.7625000000000001,0.2941088233970548,4.4,4.0,-0.40000000000000036
132,True,18,4,22,0.6,0,16,0.6,12,2,5,True,1,0.6999999999999998,0.3235828832817662,13.2,14.4,1.200000000000001
134,True,16,3,10,1.0,10,42,0.25,-5,2,7,True,0,0.8125000000000001,0.2680174123696692,10.0,6.75,-3.25
135,False,16,1,21,1.0,21,90,0.1,16,0,1,False,0,0.5999999999999999,0.4066120181860508,21.0,23.4,2.3999999999999986
137,False,16,1,2,0.25,-10,35,0.01,-10,2,7,False,0,0.6124999999999999,0.4161329915623931,-7.0,-9.55,-2.5500000000000007
137,True,16,2,2,0.25,-10,35,0.01,-10,2,7,False,0,0.45,0.4472135954999579,-7.0,-9.55,-2.5500000000000007
138,False,16,1,-9,0.8,-15,-10,1.0,-10,1,4,False,0,0.4,0.4258325179379016,-10.2,-10.0,0.1999999999999993
138,True,15,5,-9,0.8,-15,-10,1.0,-10,1,4,False,0,0.24,0.3042555317022659,-10.2,-10.0,0.1999999999999993
142,True,17,2,44,0.4,14,26,1.0,26,0,1,False,0,0.4,0.3605551275463989,26.0,26.0,0.0
145,True,17,3,8,1.0,8,11,0.9,7,0,1,False,0,0.7882352941176469,0.3199264621385211,8.0,10.6,2.5999999999999996
147,False,16,1,-2,1.0,-2,-3,0.75,-6,0,1,False,0,0.2125,0.3304037933599835,-2.0,-3.75,-1.75
150,True,31,2,22,1.0,22,23,0.2,20,2,4,False,0,0.535483870967742,0.4045972376712213,22.0,20.6,-1.3999999999999986
155,True,16,3,63,0.6,-29,32,0.75,22,1,8,False,0,0.5625,0.3117156824201609,26.199999999999996,29.5,3.3000000000000043
156,False,16,1,-1,0.9,-25,1,0.4,-7,0,1,False,0,0.8124999999999999,0.3138470965295044,-3.3999999999999995,-3.8000000000000003,-0.4000000000000008
157,False,16,1,23,1.0,23,89,0.5,-40,0,1,False,0,0.275,0.2516611478423583,23.0,24.5,1.5
159,True,16,2,0,1.0,0,3,0.9,-13,0,1,False,0,0.75,0.3386246693120078,0.0,1.4000000000000004,1.4000000000000004
161,False,31,1,29,0.95,2,38,0.4,25,2,4,True,1,0.5741935483870969,0.405764908894698,27.65,30.200000000000003,2.5500000000000043
161,True,15,4,29,0.95,2,38,0.4,25,2,4,True,1,0.8599999999999999,0.1764733893335115,27.65,30.200000000000003,2.5500000000000043
165,True,16,2,-1,1.0,-1,23,0.05,-3,1,6,False,0,0.525,0.3642343567906062,-1.0,-1.6999999999999995,-0.6999999999999995
168,True,17,4,-1,0.2,-2,-2,1.0,-2,1,8,False,0,0.5411764705882353,0.4886957431897322,-1.8,-2.0,-0.19999999999999996
170,True,18,4,30,1.0,30,40,0.75,4,0,1,True,0,0.5666666666666667,0.344707889976085,30.0,31.0,1.0
171,False,16,1,40,0.5,18,29,1.0,29,1,4,False,0,0.2875,0.3180670788790734,29.0,29.0,0.0
172,False,16,1,-7,1.0,-7,24,0.5,-32,0,1,False,0,0.7,0.4,-7.0,-4.0,3.0
172,True,15,2,-7,1.0,-7,24,0.5,-32,0,1,False,0,0.7066666666666667,0.3614784456460255,-7.0,-4.0,3.0
173,False,16,1,18,0.75,-19,78,0.2,-6,1,6,False,-1,0.6499999999999999,0.3055050463303893,8.75,10.8,2.0500000000000007
175,True,16,3,-4,1.0,-4,27,0.05,-8,0,1,False,0,0.2375,0.3364025366531392,-4.0,-6.25,-2.25
176,True,16,4,24,0.5,22,23,1.0,23,1,4,False,0,0.25,0.322490309931942,23.0,23.0,0.0
177,True,16,4,21,0.75,21,115,0.4,-45,0,1,True,0,0.1125,0.2187083293643233,21.0,19.0,-2.0
178,True,18,5,13,1.0,13,14,0.95,11,0,1,True,0,0.5333333333333333,0.4058397249567139,13.0,13.85,0.8499999999999996
179,False,16,1,3,1.0,3,5,0.9,-39,3,4,False,0,0.275,0.3255764119219941,3.0,0.600000000000001,-2.399999999999999
182,False,16,1,27,0.8,1,22,0.8,5,0,1,False,1,0.3375000000000001,0.2604483314082341,21.8,18.6,-3.1999999999999993
182,True,15,5,27,0.8,1,22,0.8,5,0,1,False,1,0.1733333333333333,0.2120197654757238,21.8,18.6,-3.1999999999999993
183,True,16,5,1,1.0,1,59,0.2,-14,0,1,False,0,0.2375,0.2446085307860977,1.0,0.5999999999999996,-0.40000000000000036
186,False,16,1,67,0.05,15,26,0.5,12,1,2,True,0,0.5874999999999999,0.3757215280851852,17.6,19.0,1.3999999999999986
186,True,15,5,67,0.05,15,26,0.5,12,1,2,True,0,0.64,0.2848558532711889,17.6,19.0,1.3999999999999986
190,True,16,4,5,0.75,5,41,0.4,-14,0,1,True,0,0.375,0.2516611478423583,5.0,8.000000000000002,3.0000000000000018
192,False,17,1,28,0.01,2,14,0.1,-2,0,1,False,0,0.2352941176470588,0.3334313581357268,2.26,-0.3999999999999999,-2.6599999999999997
193,False,17,1,10,1.0,10,30,0.5,-16,0,1,True,0,0.3058823529411765,0.3325480947082957,10.0,7.0,-3.0
193,True,15,2,10,1.0,10,30,0.5,-16,0,1,True,0,0.28,0.3447566429485338,10.0,7.0,-3.0
197,False,17,1,24,1.0,24,79,0.1,15,2,4,True,0,0.8235294117647058,0.1855040827202527,24.0,21.4,-2.6000000000000014
197,True,16,4,24,1.0,24,79,0.1,15,2,4,True,0,0.65,0.2875181153713043,24.0,21.4,-2.6000000000000014
198,True,17,2,17,0.8,12,56,0.4,-14,3,2,False,0,0.4,0.3,16.0,14.000000000000002,-1.9999999999999982
199,True,16,4,18,1.0,18,25,0.9,-26,1,4,False,0,0.5249999999999999,0.3991657967979388,18.0,19.9,1.8999999999999986
201,True,16,5,-2,1.0,-2,18,0.2,-9,3,3,True,0,0.6874999999999999,0.3095695936834452,-2.0,-3.6,-1.6
205,True,16,2,27,0.4,17,21,1.0,21,0,1,False,0,0.625,0.3568379650952703,21.0,21.0,0.0
206,True,16,5,7,0.6,-6,84,0.25,-27,0,1,False,0,0.5375,0.3480900266693469,1.7999999999999998,0.75,-1.0499999999999998
207,True,18,3,16,1.0,16,50,0.2,4,0,1,False,0,0.4666666666666667,0.3564531154716027,16.0,13.2,-2.8000000000000007
211,True,16,5,72,0.4,-5,59,0.4,3,1,6,True,-1,0.6375,0.284897642437888,25.8,25.400000000000002,-0.3999999999999986
214,False,16,1,24,1.0,24,24,0.95,-15,2,7,False,0,0.4625,0.4425306015783918,24.0,22.049999999999997,-1.9500000000000028
214,True,15,3,24,1.0,24,24,0.95,-15,2,7,False,0,0.5733333333333334,0.3692979181920098,24.0,22.049999999999997,-1.9500000000000028
217,False,16,1,-10,1.0,-10,3,0.6,-21,0,1,False,0,0.5499999999999999,0.3759432581299116,-10.0,-6.6000000000000005,3.3999999999999995
218,True,16,5,15,0.2,-16,-10,1.0,-10,0,1,False,0,0.4625,0.3774917217635375,-9.8,-10.0,-0.1999999999999993
219,False,16,1,-9,1.0,-9,9,0.05,-10,0,1,True,0,0.7000000000000001,0.3183289703016886,-9.0,-9.05,-0.05000000000000071
219,True,18,2,-9,1.0,-9,9,0.05,-10,0,1,True,0,0.8666666666666667,0.2566755791678991,-9.0,-9.05,-0.05000000000000071
220,True,16,3,60,0.25,-31,109,0.1,-18,0,1,False,0,0.425,0.3714835124201341,-8.25,-5.299999999999999,2.950000000000001
221,True,19,3,15,0.95,-45,12,1.0,12,1,4,True,0,0.6526315789473685,0.4046513191112561,11.999999999999998,12.0,1.7763568394002505e-15
226,True,16,4,90,0.4,-35,107,0.2,-5,1,4,False,0,0.425,0.3,15.0,17.400000000000002,2.400000000000002
227,False,16,1,16,0.25,15,102,0.4,-48,0,1,False,0,0.1875,0.2680174123696692,15.25,12.000000000000007,-3.249999999999993
228,False,16,1,26,1.0,26,38,0.01,28,1,8,False,0,0.8,0.3098386676965933,26.0,28.099999999999998,2.099999999999998
229,False,16,1,-1,1.0,-1,36,0.25,-9,3,5,False,0,0.6,0.3577708763999663,-1.0,2.25,3.25
230,False,16,1,78,0.2,-28,41,0.01,-6,1,2,False,0,0.5875,0.3537890143385838,-6.800000000000001,-5.529999999999999,1.2700000000000014
231,True,16,4,5,0.25,1,2,1.0,2,1,2,False,0,0.6,0.3577708763999663,2.0,2.0,0.0
232,False,16,1,27,0.4,27,75,0.5,-24,0,1,False,0,0.25,0.3055050463303893,27.0,25.5,-1.5
232,True,15,5,27,0.4,27,75,0.5,-24,0,1,False,0,0.3733333333333333,0.3534860406754147,27.0,25.5,-1.5
233,False,16,1,-1,1.0,-1,-1,1.0,-1,3,2,False,0,0.6125,0.4224926034855521,-1.0,-1.0,0.0
233,True,15,2,-1,1.0,-1,-1,1.0,-1,3,2,False,0,0.52,0.3277629805645711,-1.0,-1.0,0.0
235,True,18,2,4,1.0,4,65,0.2,-11,0,1,False,0,0.2666666666666667,0.3819454842528923,4.0,4.199999999999999,0.1999999999999993
236,False,16,1,26,1.0,26,29,0.4,23,0,1,False,0,0.3375,0.4240676046732801,26.0,25.4,-0.6000000000000014
236,True,16,2,26,1.0,26,29,0.4,23,0,1,False,0,0.725,0.443471156521669,26.0,25.4,-0.6000000000000014
238,False,16,1,-6,1.0,-6,-3,0.99,-15,0,1,True,0,0.2625,0.25,-6.0,-3.12,2.88
238,True,17,5,-6,1.0,-6,-3,0.99,-15,0,1,True,0,0.5294117647058824,0.2910427500435996,-6.0,-3.12,2.88
239,True,17,3,14,1.0,14,18,0.6,9,1,2,False,0,0.6823529411764706,0.4126670784628437,14.0,14.399999999999999,0.3999999999999986
243,True,17,5,16,1.0,16,18,0.8,6,0,1,False,0,0.3529411764705882,0.4501633690378744,16.0,15.6,-0.40000000000000036
244,True,20,4,15,0.2,-5,88,0.1,-14,1,8,True,0,0.77,0.2921787484616764,-1.0,-3.799999999999999,-2.799999999999999
247,True,17,5,8,0.6,-2,92,0.01,6,0,1,False,1,0.8117647058823529,0.3638034375544995,4.0,6.859999999999999,2.8599999999999994
248,True,16,3,37,0.5,-23,7,1.0,7,1,4,False,0,0.5249999999999999,0.2909753712372692,7.0,7.0,0.0
250,True,19,4,-1,1.0,-1,77,0.1,-10,1,6,False,0,0.6105263157894738,0.4026229789243216,-1.0,-1.2999999999999998,-0.2999999999999998
251,False,16,1,68,0.25,0,17,1.0,17,0,1,False,0,0.7749999999999999,0.2816617356570348,17.0,17.0,0.0
251,True,15,4,68,0.25,0,17,1.0,17,0,1,False,0,0.7466666666666666,0.3888934240098375,17.0,17.0,0.0
252,False,16,1,-10,1.0,-10,57,0.1,-17,3,3,False,0,0.8125,0.3222318006239194,-10.0,-9.600000000000001,0.3999999999999986
254,True,18,2,109,0.25,-24,13,0.95,-50,1,2,False,0,0.6111111111111109,0.3529520695486751,9.25,9.849999999999998,0.5999999999999979
255,False,16,1,58,0.01,1,27,0.1,0,1,4,False,0,0.4,0.3577708763999663,1.5699999999999998,2.7,1.1300000000000003
256,True,18,5,7,1.0,7,35,0.05,2,3,6,False,0,0.5111111111111111,0.3894020890135344,7.0,3.65,-3.35
258,False,16,1,30,0.25,-13,46,0.05,-3,0,1,False,1,0.5625,0.3442382895611701,-2.25,-0.5499999999999994,1.7000000000000006
262,False,16,1,8,1.0,8,19,0.25,1,1,6,False,0,0.3,0.3577708763999663,8.0,5.5,-2.5
262,True,15,5,8,1.0,8,19,0.25,1,1,6,False,0,0.5333333333333333,0.4186144947778269,8.0,5.5,-2.5
263,True,17,5,50,0.01,15,17,0.6,5,1,4,False,0,0.3176470588235294,0.3609627649038871,15.35,12.2,-3.1500000000000004
264,True,20,5,35,0.5,5,29,0.6,8,3,3,True,0,0.48,0.3968295404963274,20.0,20.599999999999998,0.5999999999999979
266,False,16,1,8,0.75,-12,3,1.0,3,0,1,False,0,0.475,0.3991657967979388,3.0,3.0,0.0
266,True,15,3,8,0.75,-12,3,1.0,3,0,1,False,0,0.3333333333333333,0.3598941643369749,3.0,3.0,0.0
269,True,17,4,6,0.2,-4,2,0.4,-7,1,8,False,1,0.4823529411764706,0.4065637928382935,-2.0,-3.4000000000000004,-1.4000000000000004
271,False,16,1,24,1.0,24,34,0.01,25,1,6,False,0,0.8875000000000001,0.2825479310370779,24.0,25.09,1.0899999999999999
272,True,17,5,5,1.0,5,27,0.5,-18,0,1,False,0,0.4588235294117647,0.4047511944537839,5.0,4.5,-0.5
273,False,16,1,15,1.0,15,58,0.6,-49,1,8,False,0,0.45,0.4098780306383839,15.0,15.199999999999996,0.19999999999999574
273,True,15,4,15,1.0,15,58,0.6,-49,1,8,False,0,0.6133333333333334,0.3739111175259755,15.0,15.199999999999996,0.19999999999999574
274,True,16,2,89,0.2,6,66,0.2,11,3,6,False,0,0.3875,0.3757215280851853,22.6,22.0,-0.6000000000000014
276,True,17,4,1,0.9,1,50,0.2,-12,1,8,False,0,0.411764705882353,0.3966773766885006,1.0,0.3999999999999986,-0.6000000000000014
277,False,17,1,29,0.99,11,46,0.4,21,2,2,False,0,0.6352941176470589,0.362182924208521,28.82,31.0,2.1799999999999997
277,True,16,2,29,0.99,11,46,0.4,21,2,2,False,0,0.5625000000000001,0.3879432948254165,28.82,31.0,2.1799999999999997
278,True,16,2,25,0.95,5,45,0.05,22,0,1,True,0,0.475,0.3642343567906062,24.0,23.15,-0.8500000000000014
279,False,17,1,16,1.0,16,16,0.95,-6,0,1,False,0,0.2352941176470588,0.362182924208521,16.0,14.899999999999999,-1.1000000000000014
281,True,16,3,23,1.0,23,39,0.2,21,1,8,False,0,0.5874999999999999,0.4410215414239989,23.0,24.6,1.6000000000000014
286,True,16,3,38,0.4,-9,9,0.9,-10,2,3,False,0,0.55,0.3614784456460256,9.8,7.1,-2.700000000000001
287,True,16,4,6,0.25,-15,-10,1.0,-10,2,6,False,0,0.5249999999999999,0.4312771730569565,-9.75,-10.0,-0.25
289,True,16,3,19,1.0,19,19,1.0,19,3,2,False,0,0.6875,0.4440345331915825,19.0,19.0,0.0
290,True,16,2,28,0.8,25,41,0.01,26,2,6,False,0,0.775,0.3255764119219941,27.400000000000002,26.15,-1.2500000000000036
293,True,18,3,32,0.1,26,88,0.05,20,2,2,True,0,0.7222222222222222,0.3078493817275996,26.6,23.4,-3.200000000000003
299,False,15,1,19,0.9,18,16,0.99,-20,0,1,True,0,0.1866666666666666,0.3159264531651691,18.900000000000002,15.64,-3.2600000000000016
299,True,16,2,19,0.9,18,16,0.99,-20,0,1,True,0,0.1624999999999999,0.2446085307860977,18.900000000000002,15.64,-3.2600000000000016
300,True,16,5,8,1.0,8,77,0.2,-13,1,4,False,0,0.3875,0.3222318006239194,8.0,5.0,-3.0
301,True,19,5,-4,0.8,-9,63,0.2,-26,2,4,True,-1,0.6631578947368421,0.2985344318793794,-5.0,-8.2,-3.1999999999999993
302,True,33,5,-1,1.0,-1,1,0.75,-18,0,1,False,0,0.4787878787878788,0.3533390508399614,-1.0,-3.75,-2.75
303,True,18,5,36,0.5,22,41,0.25,29,1,4,True,0,0.6333333333333333,0.3646109933485113,29.0,32.0,3.0
306,False,15,1,8,1.0,8,10,0.99,7,0,1,False,0,0.7866666666666667,0.3502380143083653,8.0,9.97,1.9700000000000006
306,True,16,4,8,1.0,8,10,0.99,7,0,1,False,0,0.8250000000000001,0.3415650255319866,8.0,9.97,1.9700000000000006
308,False,15,1,11,1.0,11,79,0.01,10,0,1,False,0,0.4266666666666667,0.439913411393435,11.0,10.690000000000001,-0.3099999999999987
308,True,16,5,11,1.0,11,79,0.01,10,0,1,False,0,0.65,0.4412104562073146,11.0,10.690000000000001,-0.3099999999999987
309,True,16,3,9,1.0,9,9,0.5,5,0,1,True,0,0.2,0.3011090610836324,9.0,7.0,-2.0
312,True,17,5,16,1.0,16,46,0.05,18,0,1,False,0,0.9294117647058824,0.1571810495986751,16.0,19.4,3.3999999999999986
313,False,16,1,26,1.0,26,29,0.1,26,0,1,False,0,0.55,0.4351245032554858,26.0,26.300000000000004,0.30000000000000426
314,False,16,1,9,0.2,-11,-9,0.99,-10,0,1,False,0,0.275,0.3642343567906062,-7.000000000000001,-9.01,-2.009999999999999
314,True,15,2,9,0.2,-11,-9,0.99,-10,0,1,False,0,0.1733333333333333,0.2814926202195987,-7.000000000000001,-9.01,-2.009999999999999
317,True,16,4,41,0.25,24,28,1.0,28,0,1,False,0,0.3375,0.3913651321549567,28.25,28.0,-0.25
318,False,16,1,2,1.0,2,73,0.2,-19,0,1,False,0,0.375,0.4187282332651254,2.0,-0.5999999999999996,-2.5999999999999996
318,True,15,5,2,1.0,2,73,0.2,-19,0,1,False,0,0.32,0.352946778667023,2.0,-0.5999999999999996,-2.5999999999999996
323,False,16,1,7,1.0,7,16,0.2,7,3,3,False,0,0.75,0.3829708431025353,7.0,8.8,1.8000000000000007
324,True,17,3,103,0.25,-17,13,1.0,13,2,2,True,0,0.7185520361990951,0.282987271855153,13.0,13.0,0.0
325,True,17,4,5,1.0,5,19,0.4,-10,1,4,False,0,0.4941176470588234,0.4069253436370333,5.0,1.6000000000000005,-3.3999999999999995
326,True,16,3,25,0.95,-14,21,0.95,12,0,1,False,0,0.5750000000000001,0.4187282332651254,23.05,20.55,-2.5
328,True,16,3,21,0.25,8,12,0.99,-4,0,1,True,0,0.2500000000000001,0.2780887148615228,11.25,11.84,0.5899999999999999
331,True,18,3,43,0.4,-39,82,0.25,-33,0,1,False,0,0.4666666666666667,0.3757345746510897,-6.199999999999999,-4.25,1.9499999999999993
335,False,15,1,-7,1.0,-7,19,0.05,-5,0,1,True,0,0.8933333333333332,0.1830950832868253,-7.0,-3.8,3.2
335,True,16,4,-7,1.0,-7,19,0.05,-5,0,1,True,0,0.8250000000000001,0.2516611478423583,-7.0,-3.8,3.2
336,True,16,4,36,0.4,-34,41,0.25,-20,3,6,False,0,0.525,0.3492849839314596,-5.999999999999998,-4.75,1.2499999999999982
337,True,16,4,29,1.0,29,61,0.05,27,0,1,False,0,0.4375000000000001,0.4272001872658765,29.0,28.7,-0.3000000000000007
338,True,18,4,13,0.5,-29,1,0.25,-11,0,1,True,0,0.4777777777777778,0.3299831645537222,-8.0,-8.0,0.0
339,True,17,4,20,1.0,20,29,0.4,10,1,2,True,0,0.8235294117647058,0.2332632948105689,20.0,17.6,-2.3999999999999986
343,True,17,2,13,1.0,13,13,1.0,13,1,4,False,0,0.611764705882353,0.4553602323177449,13.0,13.0,0.0
344,False,16,1,80,0.25,-13,19,0.2,9,0,1,False,1,0.6,0.4066120181860509,10.25,11.0,0.75
347,False,16,1,15,1.0,15,27,0.6,-1,1,2,False,0,0.5625,0.4573474244670748,15.0,15.799999999999999,0.7999999999999989
349,False,16,1,-6,1.0,-6,0,0.05,-7,0,1,True,0,0.8375000000000001,0.2848976424378879,-6.0,-6.6499999999999995,-0.6499999999999995
349,True,16,2,-6,1.0,-6,0,0.05,-7,0,1,True,0,0.7375,0.3630886025935451,-6.0,-6.6499999999999995,-0.6499999999999995
350,False,16,1,34,0.01,-1,10,0.75,-31,0,1,False,-1,0.5875000000000001,0.4287578959428425,-0.6499999999999999,-0.25,0.3999999999999999
350,True,15,3,34,0.01,-1,10,0.75,-31,0,1,False,-1,0.7066666666666667,0.3369329451445933,-0.6499999999999999,-0.25,0.3999999999999999
352,True,16,4,13,1.0,13,43,0.1,13,1,6,False,0,0.95,0.1366260102127946,13.0,16.0,3.0
353,True,16,4,8,0.4,6,7,1.0,7,1,8,False,0,0.575,0.443471156521669,6.8,7.0,0.20000000000000018
354,False,16,1,9,0.6,2,22,0.25,1,0,1,True,0,0.475,0.4312771730569565,6.199999999999999,6.25,0.05000000000000071
355,True,16,5,-1,1.0,-1,54,0.4,-38,0,1,False,0,0.7,0.3265986323710904,-1.0,-1.1999999999999993,-0.1999999999999993
357,True,16,2,-3,1.0,-3,19,0.2,-10,0,1,False,0,0.6499999999999999,0.3306559138036598,-3.0,-4.199999999999999,-1.1999999999999993
359,True,16,2,27,0.5,-43,95,0.2,-30,2,5,False,1,0.6625,0.3159641329855864,-8.0,-5.0,3.0
360,True,33,3,14,1.0,14,114,0.01,12,0,1,False,0,0.5333333333333333,0.4173328008516305,14.0,13.02,-0.9800000000000004
361,True,16,5,-10,1.0,-10,75,0.2,-28,0,1,True,0,0.7749999999999999,0.2516611478423583,-10.0,-7.400000000000002,2.599999999999998
362,False,16,1,101,0.01,1,24,0.2,-2,1,4,False,0,0.1875,0.2963668897386031,2.0,3.2000000000000006,1.2000000000000006
362,True,16,3,101,0.01,1,24,0.2,-2,1,4,False,0,0.3250000000000001,0.3714835124201341,2.0,3.2000000000000006,1.2000000000000006
365,False,16,1,-4,1.0,-4,67,0.01,-6,0,1,False,0,0.3375,0.3774917217635376,-4.0,-5.27,-1.2699999999999996
365,True,16,4,-4,1.0,-4,67,0.01,-6,0,1,False,0,0.425,0.4250490167812021,-4.0,-5.27,-1.2699999999999996
366,True,16,4,19,0.95,18,37,0.1,17,1,8,False,0,0.575,0.443471156521669,18.950000000000003,19.0,0.04999999999999716
368,True,17,5,-5,0.99,-19,25,0.4,-26,1,4,False,0,0.7185520361990951,0.3163570704631434,-5.140000000000001,-5.6,-0.4599999999999991
369,True,15,3,-4,1.0,-4,38,0.01,-1,0,1,False,0,0.8266666666666667,0.2914659173083209,-4.0,-0.61,3.39
371,True,31,3,5,0.6,-8,40,0.25,-10,3,4,False,0,0.4258064516129032,0.3255433836275219,-0.20000000000000018,2.5,2.7
372,True,16,2,7,1.0,7,31,0.2,4,2,3,False,0,0.775,0.2816617356570348,7.0,9.4,2.4000000000000004
374,True,18,2,-8,1.0,-8,41,0.1,-15,0,1,False,0,0.5777777777777777,0.3750381244236936,-8.0,-9.399999999999999,-1.3999999999999986
378,True,17,4,1,1.0,1,21,0.25,-3,0,1,True,0,0.6941176470588236,0.40073461953532,1.0,3.0,2.0
381,True,18,3,30,0.95,7,36,0.1,31,0,1,False,0,0.8999999999999999,0.1714985851425088,28.85,31.500000000000004,2.650000000000002
382,False,16,1,7,1.0,7,8,0.99,-26,1,6,False,0,0.35,0.3966526608171605,7.0,7.66,0.6600000000000001
382,True,16,3,7,1.0,7,8,0.99,-26,1,6,False,0,0.65,0.3966526608171605,7.0,7.66,0.6600000000000001
384,False,16,1,4,1.0,4,24,0.6,-31,0,1,False,0,0.575,0.3991657967979388,4.0,1.9999999999999982,-2.0000000000000018
386,False,16,1,1,1.0,1,15,0.75,-44,0,1,False,0,0.5875,0.3964425136973413,1.0,0.25,-0.75
386,True,16,2,1,1.0,1,15,0.75,-44,0,1,False,0,0.7000000000000001,0.3425395354310701,1.0,0.25,-0.75
387,True,18,3,-5,1.0,-5,23,0.5,-39,1,4,False,0,0.7222222222222222,0.3888982258449625,-5.0,-8.0,-3.0
388,False,16,1,-10,1.0,-10,5,0.6,-29,2,4,True,0,0.8,0.3183289703016885,-10.0,-8.600000000000001,1.3999999999999986
388,True,16,4,-10,1.0,-10,5,0.6,-29,2,4,True,0,0.8375,0.2552776266472773,-10.0,-8.600000000000001,1.3999999999999986
390,False,16,1,-8,1.0,-8,-9,0.99,-24,1,8,False,0,0.3750000000000001,0.3924283374069717,-8.0,-9.15,-1.1500000000000004
391,True,16,5,74,0.25,7,32,0.75,-10,0,1,False,0,0.4,0.3183289703016886,23.75,21.5,-2.25
392,False,16,1,28,0.99,-4,87,0.5,-36,0,1,True,1,0.0875,0.1784189825476351,27.68,25.5,-2.1799999999999997
393,True,18,4,0,1.0,0,40,0.05,-3,0,1,False,0,0.5111111111111111,0.4457497172825983,0.0,-0.8499999999999996,-0.8499999999999996
394,False,16,1,93,0.1,-3,37,0.6,-44,0,1,False,0,0.2625,0.3774917217635375,6.6000000000000005,4.599999999999998,-2.0000000000000027
394,True,16,4,93,0.1,-3,37,0.6,-44,0,1,False,0,0.4375000000000001,0.4145278438577237,6.6000000000000005,4.599999999999998,-2.0000000000000027
395,True,16,5,36,0.75,-7,33,0.4,21,0,1,False,0,0.6125,0.389657969677682,25.25,25.8,0.5500000000000007
396,True,16,3,13,1.0,13,16,0.99,1,0,1,False,0,0.6,0.3723797345005051,13.0,15.85,2.8499999999999996
397,True,16,4,8,1.0,8,12,0.25,9,1,4,False,0,0.75,0.2780887148615228,8.0,9.75,1.75
399,True,17,2,28,1.0,28,57,0.25,15,1,2,False,0,0.5647058823529413,0.4372373160976031,28.0,25.5,-2.5
401,True,17,3,24,1.0,24,32,0.9,-21,0,1,False,0,0.4,0.3872983346207417,24.0,26.700000000000003,2.700000000000003
402,False,16,1,-8,1.0,-8,-5,0.8,-9,1,6,False,0,0.775,0.2909753712372692,-8.0,-5.8,2.2
402,True,16,5,-8,1.0,-8,-5,0.8,-9,1,6,False,0,0.825,0.3785938897200181,-8.0,-5.8,2.2
403,True,17,4,27,1.0,27,27,0.5,23,0,1,False,0,0.0352941176470588,0.1057188279741848,27.0,25.0,-2.0
408,False,16,1,29,0.75,1,22,1.0,22,1,6,False,0,0.425,0.4187282332651256,22.0,22.0,0.0
408,True,15,3,29,0.75,1,22,1.0,22,1,6,False,0,0.3733333333333333,0.4333699618219101,22.0,22.0,0.0
409,True,18,5,-5,1.0,-5,-4,0.75,-15,1,6,True,0,0.3666666666666668,0.3895698985834929,-5.0,-6.75,-1.75
411,False,16,1,25,1.0,25,115,0.1,14,2,5,False,0,0.66875,0.3360927451364181,25.0,24.1,-0.8999999999999986
411,True,31,3,25,1.0,25,115,0.1,14,2,5,False,0,0.496774193548387,0.4159197606652369,25.0,24.1,-0.8999999999999986
413,True,17,5,27,1.0,27,29,0.99,11,0,1,False,0,0.6941176470588236,0.3815602643018762,27.0,28.82,1.8200000000000003
414,False,16,1,29,1.0,29,65,0.1,22,1,8,True,0,0.7499999999999999,0.3306559138036598,29.0,26.3,-2.6999999999999993
414,True,15,2,29,1.0,29,65,0.1,22,1,8,True,0,0.5733333333333334,0.376955220278534,29.0,26.3,-2.6999999999999993
416,False,16,1,3,1.0,3,19,0.1,-1,3,6,False,0,0.3750000000000001,0.3785938897200182,3.0,1.0,-2.0
417,True,17,5,24,1.0,24,50,0.05,26,2,5,False,0,0.9058823529411764,0.2749331469541598,24.0,27.2,3.1999999999999993
418,True,16,4,25,1.0,25,29,0.75,17,1,8,False,0,0.6625,0.3703601850451351,25.0,26.0,1.0
419,True,19,4,29,1.0,29,50,0.6,-1,0,1,False,0,0.3368421052631579,0.4058058188014305,29.0,29.6,0.6000000000000014
422,False,16,1,22,0.1,18,18,1.0,18,1,2,False,0,0.2875,0.3792536530256937,18.4,18.0,-0.3999999999999986
422,True,16,2,22,0.1,18,18,1.0,18,1,2,False,0,0.375,0.4187282332651254,18.4,18.0,-0.3999999999999986
423,True,17,4,27,0.99,-24,84,0.4,-15,1,4,False,-1,0.4941176470588236,0.3091734712004212,26.490000000000002,24.6,-1.8900000000000006
425,True,17,2,15,1.0,15,33,0.2,13,2,2,False,0,0.7647058823529411,0.3258473117707668,15.0,17.0,2.0
429,False,32,1,-3,1.0,-3,70,0.1,-10,2,3,False,0,0.58125,0.3675880408037446,-3.0,-2.0,1.0
429,True,15,3,-3,1.0,-3,70,0.1,-10,2,3,False,0,0.6,0.3545621041711673,-3.0,-2.0,1.0
430,True,16,3,0,0.99,-28,54,0.05,-1,0,1,False,0,0.475,0.3714835124201343,-0.28000000000000025,1.7500000000000002,2.0300000000000002
431,False,16,1,9,0.99,-17,9,1.0,9,0,1,False,0,0.8375,0.2753785273643051,8.74,9.0,0.2599999999999998
431,True,15,5,9,0.99,-17,9,1.0,9,0,1,False,0,0.96,0.1121223821162776,8.74,9.0,0.2599999999999998
432,False,16,1,-1,1.0,-1,24,0.2,-6,0,1,False,0,0.4696428571428572,0.4274867225530913,-1.0,0.0,1.0
432,True,15,5,-1,1.0,-1,24,0.2,-6,0,1,False,0,0.2800000000000001,0.3004758131459407,-1.0,0.0,1.0
436,True,19,4,55,0.5,-9,23,1.0,23,1,8,False,0,0.6842105263157896,0.2774149677423433,23.0,23.0,0.0
437,False,17,1,25,1.0,25,31,0.01,28,0,1,True,0,0.7529411764705882,0.3710081654405055,25.0,28.029999999999998,3.0299999999999976
437,True,15,4,25,1.0,25,31,0.01,28,0,1,True,0,0.8266666666666668,0.2120197654757238,25.0,28.029999999999998,3.0299999999999976
440,True,33,5,-5,0.8,-9,-6,1.0,-6,0,1,False,0,0.5393939393939394,0.3856321060442468,-5.8,-6.0,-0.20000000000000018
442,False,17,1,-5,0.9,-11,18,0.5,-26,0,1,False,1,0.7294117647058824,0.3386825687172889,-5.6,-4.0,1.5999999999999996
444,False,16,1,26,0.9,-3,26,0.99,0,1,2,False,0,0.6875,0.3575378767813745,23.1,25.74,2.639999999999997
444,True,15,2,26,0.9,-3,26,0.99,0,1,2,False,0,0.6666666666666666,0.3677473252630061,23.1,25.74,2.639999999999997
446,True,16,2,10,1.0,10,57,0.25,-9,0,1,False,0,0.2375,0.3030401513551189,10.0,7.5,-2.5
449,False,32,1,-2,1.0,-2,87,0.01,-5,0,1,False,0,0.55,0.3627849269550852,-2.0,-4.08,-2.08
451,True,15,2,5,0.95,-4,14,0.05,3,0,1,False,0,0.52,0.3839642840533107,4.55,3.55,-1.0
452,True,15,5,19,0.4,-4,22,0.01,2,3,4,False,0,0.6533333333333334,0.341983012666391,5.200000000000001,2.2,-3.000000000000001
460,False,15,1,27,0.75,-21,42,0.5,-18,0,1,False,0,0.5066666666666667,0.384460041889302,15.0,12.0,-3.0
460,True,15,2,27,0.75,-21,42,0.5,-18,0,1,False,0,0.4,0.3703280399090206,15.0,12.0,-3.0
461,True,17,3,26,1.0,26,99,0.05,21,1,2,False,0,0.5294117647058825,0.4119537381223056,26.0,24.9,-1.1000000000000014
462,False,32,1,18,1.0,18,29,0.01,17,0,1,False,0,0.5375,0.3607787276469896,18.0,17.119999999999997,-0.8800000000000026
462,True,16,2,18,1.0,18,29,0.01,17,0,1,False,0,0.4,0.4442221666388715,18.0,17.119999999999997,-0.8800000000000026
464,False,16,1,4,1.0,4,25,0.4,-13,0,1,False,0,0.2625,0.2895398648430529,4.0,2.2,-1.7999999999999998
464,True,16,4,4,1.0,4,25,0.4,-13,0,1,False,0,0.25,0.2780887148615228,4.0,2.2,-1.7999999999999998
465,True,15,2,36,0.05,25,75,0.25,8,1,2,True,0,0.44,0.3480558247506528,25.55,24.75,-0.8000000000000007
467,False,16,1,19,1.0,19,29,0.4,13,0,1,True,0,0.7999999999999999,0.2065591117977288,19.0,19.400000000000002,0.40000000000000213
467,True,16,4,19,1.0,19,29,0.4,13,0,1,True,0,0.5875,0.3304037933599835,19.0,19.400000000000002,0.40000000000000213
468,True,20,5,42,0.8,-28,35,0.25,22,0,1,True,0,0.4600000000000001,0.3676382661487267,28.000000000000004,25.25,-2.7500000000000036
472,True,18,2,96,0.25,-44,-11,0.01,-12,0,1,False,0,0.3888888888888889,0.3529520695486751,-9.0,-11.989999999999998,-2.9899999999999984
477,True,16,2,63,0.1,22,26,1.0,26,1,6,True,0,0.5875,0.4031128874149274,26.1,26.0,-0.10000000000000142
478,False,16,1,8,1.0,8,78,0.2,-7,1,6,False,0,0.4,0.3577708763999664,8.0,10.0,2.0
478,True,16,2,8,1.0,8,78,0.2,-7,1,6,False,0,0.2625,0.3324154027718932,8.0,10.0,2.0
479,True,16,2,19,1.0,19,21,0.95,7,0,1,False,0,0.725,0.3415650255319866,19.0,20.3,1.3000000000000007
482,True,16,2,13,1.0,13,14,0.9,-11,1,8,False,0,0.3125,0.3792536530256938,13.0,11.5,-1.5
483,False,16,1,12,1.0,12,76,0.01,13,0,1,True,0,0.725,0.3785938897200182,12.0,13.629999999999999,1.629999999999999
483,True,17,4,12,1.0,12,76,0.01,13,0,1,True,0,0.7764705882352941,0.243745286530596,12.0,13.629999999999999,1.629999999999999
487,True,15,4,27,0.01,20,20,1.0,20,2,5,False,0,0.2266666666666667,0.2814926202195987,20.07,20.0,-0.07000000000000028
491,True,33,3,89,0.2,-35,31,0.4,-38,1,6,True,0,0.6121212121212122,0.3903184403131434,-10.2,-10.4,-0.20000000000000107
492,True,16,5,31,0.6,-12,63,0.01,14,1,2,False,0,0.6375,0.284897642437888,13.799999999999997,14.49,0.690000000000003
493,True,16,5,11,1.0,11,55,0.5,-31,1,6,False,0,0.4125,0.3461695153148719,11.0,12.0,1.0
494,True,17,2,10,1.0,10,9,0.75,1,3,2,False,0,0.1647058823529411,0.3101233151316348,10.0,7.0,-3.0
495,True,16,4,92,0.25,-37,60,0.01,-5,0,1,True,0,0.775,0.2720294101747089,-4.75,-4.3500000000000005,0.39999999999999947
496,True,17,4,84,0.25,-19,35,0.5,-15,1,2,False,0,0.6000000000000001,0.324037034920393,6.75,10.0,3.25
497,True,16,5,33,0.4,13,20,0.8,13,1,6,False,0,0.35,0.3687817782917155,21.0,18.6,-2.3999999999999986
499,True,18,2,12,0.2,3,18,0.75,-30,0,1,False,0,0.4944444444444445,0.2919956128240572,4.800000000000001,6.0,1.1999999999999993
500,True,17,5,27,0.2,17,22,0.9,18,0,1,False,0,0.7411764705882353,0.2526331914293225,19.0,21.6,2.6000000000000014
502,True,18,3,66,0.25,-18,11,0.4,-1,2,7,False,0,0.7333333333333333,0.2910427500435996,3.0,3.8000000000000003,0.8000000000000003
503,False,16,1,30,1.0,30,32,0.99,10,0,1,False,0,0.3750000000000001,0.4434711565216691,30.0,31.78,1.7800000000000011
503,True,16,3,30,1.0,30,32,0.99,10,0,1,False,0,0.8625000000000002,0.280178514522438,30.0,31.78,1.7800000000000011
504,False,16,1,64,0.05,19,23,0.4,18,3,2,False,0,0.275,0.3568379650952703,21.25,20.0,-1.25
505,True,16,3,2,1.0,2,8,0.8,-20,1,2,False,0,0.7625,0.311715682420161,2.0,2.4000000000000012,0.40000000000000124
506,True,15,2,13,1.0,13,17,0.8,0,1,8,False,0,0.6700952380952382,0.3335433352093623,13.0,13.600000000000001,0.6000000000000014
508,True,15,2,17,1.0,17,21,0.5,8,1,6,False,0,0.6328205128205128,0.3108011444100265,17.0,14.5,-2.5
509,True,16,4,14,1.0,14,39,0.4,-8,0,1,False,0,0.2375,0.2446085307860977,14.0,10.8,-3.1999999999999993
510,True,16,3,50,0.75,-35,29,1.0,29,1,6,False,0,0.475,0.4187282332651254,28.75,29.0,0.25
513,True,16,2,21,0.75,16,27,0.2,17,1,4,False,0,0.475,0.3714835124201342,19.75,19.0,-0.75
514,False,16,1,11,1.0,11,27,0.5,0,0,1,True,0,0.4,0.3577708763999663,11.0,13.5,2.5
514,True,17,4,11,1.0,11,27,0.5,0,0,1,True,0,0.4588235294117647,0.3857765278134023,11.0,13.5,2.5
515,True,18,4,30,1.0,30,33,0.99,-11,0,1,True,0,0.2333333333333333,0.3378130356555584,30.0,32.56,2.5600000000000023
519,True,16,2,4,1.0,4,71,0.25,-19,0,1,False,0,0.3,0.3265986323710904,4.0,3.5,-0.5
520,True,16,4,20,1.0,20,88,0.25,1,0,1,False,0,0.375,0.4553387017741116,20.0,22.75,2.75
521,True,18,2,55,0.01,22,60,0.4,-5,0,1,True,0,0.4111111111111112,0.3724148365163724,22.330000000000002,21.0,-1.3300000000000018
522,False,16,1,91,0.1,4,13,0.8,-1,1,4,False,1,0.35,0.4412104562073145,12.7,10.200000000000001,-2.4999999999999982
528,False,16,1,3,1.0,3,0,0.99,-26,0,1,False,0,0.1455827067669172,0.1953376850506186,3.0,-0.26000000000000023,-3.2600000000000002
530,False,16,1,25,0.8,-10,18,1.0,18,0,1,False,0,0.6374999999999998,0.3879432948254165,18.0,18.0,0.0
530,True,15,3,25,0.8,-10,18,1.0,18,0,1,False,0,0.64,0.4289522117905442,18.0,18.0,0.0
531,False,16,1,-9,1.0,-9,-7,0.8,-32,1,8,False,0,0.35,0.3614784456460256,-9.0,-12.0,-3.0
531,True,15,4,-9,1.0,-9,-7,0.8,-32,1,8,False,0,0.6666666666666666,0.3754362541795624,-9.0,-12.0,-3.0
532,False,16,1,3,1.0,3,20,0.1,4,3,3,True,0,0.7874999999999999,0.2680174123696692,3.0,5.6,2.5999999999999996
532,True,15,5,3,1.0,3,20,0.1,4,3,3,True,0,0.9466666666666668,0.1407463101097993,3.0,5.6,2.5999999999999996
533,False,16,1,44,0.2,-17,75,0.01,-3,1,6,False,0,0.575,0.4187282332651254,-4.800000000000001,-2.2199999999999998,2.580000000000001
535,False,16,1,26,0.75,-6,20,0.8,6,1,8,False,-1,0.375,0.4187282332651256,18.0,17.2,-0.8000000000000007
536,True,16,2,54,0.4,-14,49,0.1,9,0,1,False,0,0.6374999999999998,0.3518996068956789,13.200000000000001,13.0,-0.20000000000000107
537,False,16,1,31,0.5,15,60,0.4,-3,0,1,False,0,0.2250000000000001,0.3087609647175843,23.0,22.2,-0.8000000000000007
537,True,16,3,31,0.5,15,60,0.4,-3,0,1,False,0,0.3625,0.3739429546512855,23.0,22.2,-0.8000000000000007
539,True,16,2,36,0.5,22,42,0.05,25,2,4,False,0,0.4625,0.4240676046732801,29.0,25.85,-3.1499999999999986
540,True,18,5,75,0.6,-40,31,0.95,5,0,1,False,0,0.7888888888888889,0.2323508728293809,29.0,29.7,0.6999999999999993
542,True,16,3,81,0.25,-4,75,0.1,10,1,4,False,0,0.6749999999999999,0.3336665001664586,17.25,16.5,-0.75
543,True,16,3,15,1.0,15,32,0.5,-3,2,5,False,0,0.4,0.3346640106136303,15.0,14.5,-0.5
544,True,18,2,28,1.0,28,28,1.0,28,1,6,False,0,0.2333333333333333,0.3378130356555584,28.0,28.0,0.0
546,False,16,1,-1,0.6,-24,2,0.05,-9,0,1,False,0,0.575,0.3924283374069717,-10.200000000000001,-8.45,1.7500000000000018
546,True,17,3,-1,0.6,-24,2,0.05,-9,0,1,False,0,0.611764705882353,0.3425681555201396,-10.200000000000001,-8.45,1.7500000000000018
547,True,20,2,58,0.6,-40,36,0.75,-34,0,1,False,0,0.5,0.3524351377428043,18.799999999999997,18.5,-0.29999999999999716
555,False,16,1,17,0.99,-1,27,0.6,0,1,2,False,0,0.5375,0.4544227107000706,16.819999999999997,16.2,-0.6199999999999974
555,True,16,3,17,0.99,-1,27,0.6,0,1,2,False,0,0.475,0.3714835124201342,16.819999999999997,16.2,-0.6199999999999974
559,True,18,5,17,1.0,17,21,0.95,2,0,1,False,0,0.5666666666666665,0.4242640687119285,17.0,20.05,3.0500000000000007
560,False,16,1,10,1.0,10,10,1.0,10,3,2,True,0,0.4125,0.4096746676734276,10.0,10.0,0.0
560,True,17,5,10,1.0,10,10,1.0,10,3,2,True,0,0.5647058823529412,0.4076474832354976,10.0,10.0,0.0
561,False,16,1,19,0.05,-9,48,0.4,-49,0,1,False,0,0.6875000000000001,0.3180670788790734,-7.599999999999999,-10.199999999999996,-2.599999999999997
567,True,18,5,-2,0.6,-10,14,0.4,-15,1,6,False,1,0.8222222222222222,0.2646986200891953,-5.2,-3.3999999999999995,1.8000000000000007
572,True,15,2,24,0.2,0,112,0.1,-4,1,8,False,0,0.2,0.2618614682831908,4.800000000000001,7.600000000000001,2.8000000000000007
573,False,16,1,30,1.0,30,38,0.8,-5,0,1,False,0,0.1625,0.2552776266472772,30.0,29.400000000000002,-0.5999999999999979
573,True,17,5,30,1.0,30,38,0.8,-5,0,1,False,0,0.3882352941176471,0.4029304421069108,30.0,29.400000000000002,-0.5999999999999979
574,True,19,4,28,0.5,18,21,0.95,12,0,1,False,0,0.2105263157894736,0.3160427833943887,23.0,20.55,-2.4499999999999993
576,True,16,5,2,0.95,1,42,0.4,-29,1,6,False,0,0.3625000000000001,0.3739429546512855,1.95,-0.5999999999999979,-2.549999999999998
580,True,18,2,22,1.0,22,32,0.8,-24,0,1,False,0,0.2555555555555555,0.341660688613412,22.0,20.800000000000004,-1.1999999999999957
581,True,19,2,-3,1.0,-3,-5,0.99,-16,3,3,True,0,0.1052631578947368,0.1928548222268252,-3.0,-5.11,-2.1100000000000003
582,True,16,3,25,1.0,25,45,0.5,1,0,1,False,0,0.375,0.3991657967979388,25.0,23.0,-2.0
583,False,16,1,14,1.0,14,14,0.2,13,0,1,False,0,0.2,0.3425395354310701,14.0,13.200000000000001,-0.7999999999999989
583,True,17,5,14,1.0,14,14,0.2,13,0,1,False,0,0.1411764705882353,0.2209604702469758,14.0,13.200000000000001,-0.7999999999999989
590,True,19,4,23,0.95,23,28,0.1,22,3,6,False,0,0.2,0.3197221015541813,23.0,22.6,-0.3999999999999986
591,True,15,3,79,0.2,-4,23,0.25,9,1,2,False,0,0.8763636363636365,0.1884755221033048,12.600000000000001,12.5,-0.10000000000000142
592,True,15,2,34,0.2,-6,2,1.0,2,0,1,False,0,0.8266666666666667,0.1667618775665584,2.0,2.0,0.0
595,True,16,4,18,1.0,18,21,0.75,9,0,1,False,0,0.4125,0.4410215414239989,18.0,18.0,0.0
596,True,15,4,-1,1.0,-1,52,0.25,-18,0,1,False,0,0.4666666666666667,0.3754362541795624,-1.0,-0.5,0.5
598,False,16,1,6,1.0,6,15,0.05,9,0,1,False,0,0.7875000000000001,0.3612478373637689,6.0,9.299999999999999,3.299999999999999
598,True,16,5,6,1.0,6,15,0.05,9,0,1,False,0,0.9125,0.1784189825476351,6.0,9.299999999999999,3.299999999999999
599,True,18,2,-6,1.0,-6,17,0.5,-33,1,4,False,0,0.7444444444444444,0.3484794233476807,-6.0,-8.0,-2.0
601,True,16,4,15,1.0,15,19,0.75,16,0,1,True,0,0.775,0.3714835124201341,15.0,18.25,3.25
603,True,18,2,1,1.0,1,13,0.4,-9,0,1,True,0,0.4888888888888888,0.344518229499567,1.0,-0.1999999999999993,-1.1999999999999993
604,True,18,4,101,0.4,-24,34,0.6,15,0,1,False,0,0.6000000000000001,0.4058397249567139,26.000000000000007,26.4,0.3999999999999915
608,False,17,1,70,0.1,10,15,0.75,13,1,2,False,0,0.6941176470588235,0.3613699424331217,16.0,14.5,-1.5
610,True,15,3,33,0.2,-12,0,0.95,-15,0,1,False,0,0.4666666666666667,0.3598941643369749,-3.000000000000001,-0.7500000000000007,2.25
611,False,17,1,23,1.0,23,39,0.5,6,0,1,False,0,0.4,0.4,23.0,22.5,-0.5
612,True,15,5,4,1.0,4,41,0.2,-6,1,8,False,0,0.4400000000000001,0.4154171741411621,4.0,3.4000000000000004,-0.5999999999999996
616,False,17,1,9,1.0,9,64,0.2,-5,3,4,False,0,0.5058823529411766,0.3880570000581328,9.0,8.8,-0.1999999999999993
617,True,16,3,22,0.75,-2,16,1.0,16,0,1,False,0,0.6500000000000001,0.3224903099319419,16.0,16.0,0.0
619,False,17,1,30,1.0,30,77,0.4,1,0,1,False,0,0.5882352941176472,0.3199264621385211,30.0,31.400000000000002,1.4000000000000021
620,True,16,3,61,0.5,-23,32,0.05,19,2,3,False,0,0.5999999999999999,0.4258325179379017,19.0,19.650000000000002,0.6500000000000021
621,False,16,1,21,1.0,21,21,1.0,21,2,5,False,0,0.5875000000000001,0.3304037933599835,21.0,21.0,0.0
624,True,17,5,39,0.6,17,69,0.01,31,0,1,True,0,0.6470588235294118,0.3502100210210002,30.2,31.380000000000003,1.1800000000000033
626,True,17,4,17,1.0,17,22,0.8,9,0,1,True,0,0.588235294117647,0.3706115772294095,17.0,19.400000000000002,2.400000000000002
627,True,16,3,3,1.0,3,39,0.1,1,0,1,True,0,0.525,0.3568379650952703,3.0,4.800000000000001,1.8000000000000007
630,False,16,1,55,0.5,-15,36,0.25,17,1,2,False,0,0.7125,0.35,20.0,21.75,1.75
633,True,32,4,24,1.0,24,33,0.6,7,0,1,False,0,0.3562499999999999,0.3281792389887358,24.0,22.6,-1.3999999999999986
635,False,16,1,62,0.25,-5,13,0.25,9,0,1,False,0,0.6625000000000001,0.3159641329855864,11.75,10.0,-1.75
640,True,15,3,1,1.0,1,4,0.01,-1,1,6,False,0,0.2266666666666666,0.3534860406754147,1.0,-0.95,-1.95
644,True,16,4,0,1.0,0,11,0.75,-22,0,1,False,0,0.6000000000000001,0.3651483716701107,0.0,2.75,2.75
645,True,16,3,30,0.1,26,48,0.05,27,0,1,False,0,0.7,0.3502380143083653,26.400000000000002,28.049999999999997,1.649999999999995
646,True,15,2,5,1.0,5,53,0.5,-45,1,2,False,0,0.3466666666666667,0.3814758308514571,5.0,4.0,-1.0
648,False,16,1,100,0.4,-40,19,0.99,-10,0,1,False,1,0.5875,0.3964425136973414,16.0,18.709999999999997,2.7099999999999973
650,True,16,4,24,0.2,-5,2,0.9,-12,0,1,True,0,0.3125,0.3008321791298265,0.8000000000000007,0.6000000000000003,-0.2000000000000004
651,False,17,1,11,0.99,1,11,1.0,11,0,1,False,0,0.8470588235294118,0.3502100210210002,10.9,11.0,0.09999999999999964
651,True,16,5,11,0.99,1,11,1.0,11,0,1,False,0,0.8625,0.2895398648430529,10.9,11.0,0.09999999999999964
655,True,16,2,54,0.5,-4,43,0.4,10,0,1,True,1,0.5625,0.3201562118716424,25.0,23.2,-1.8000000000000007
656,True,16,3,14,1.0,14,100,0.05,6,1,6,False,0,0.5875,0.3827531841800928,14.0,10.7,-3.3000000000000007
657,True,18,2,7,1.0,7,50,0.4,-17,0,1,False,0,0.4222222222222223,0.3993458703717951,7.0,9.8,2.8000000000000007
662,True,16,2,34,0.2,19,36,0.25,13,0,1,True,1,0.325,0.3855731664245668,22.0,18.75,-3.25
663,True,17,3,40,0.2,0,26,0.1,7,3,6,False,0,0.8607843137254902,0.1834224382393637,8.0,8.9,0.9000000000000004
664,True,16,2,-10,1.0,-10,40,0.4,-44,0,1,False,0,0.7125,0.3095695936834452,-10.0,-10.399999999999999,-0.3999999999999986
666,True,16,4,14,1.0,14,17,0.9,-1,1,8,False,0,0.7,0.3577708763999663,14.0,15.200000000000001,1.200000000000001
671,True,19,2,30,1.0,30,44,0.5,10,0,1,False,0,0.2210526315789474,0.2485042976789582,30.0,27.0,-3.0
672,True,16,5,13,1.0,13,16,0.99,15,0,1,False,0,0.9375,0.1204159457879229,13.0,15.99,2.99
674,True,16,4,-6,1.0,-6,8,0.4,-18,1,2,False,0,0.7749999999999999,0.2909753712372693,-6.0,-7.599999999999999,-1.5999999999999988
676,False,16,1,18,1.0,18,43,0.1,17,1,8,True,0,0.8500000000000001,0.1861898672502524,18.0,19.6,1.6000000000000014
676,True,16,2,18,1.0,18,43,0.1,17,1,8,True,0,0.775,0.3415650255319866,18.0,19.6,1.6000000000000014
678,True,18,5,-5,1.0,-5,-7,0.95,-19,2,6,False,0,0.5444444444444445,0.4217920064818988,-5.0,-7.6000000000000005,-2.6000000000000005
679,True,17,5,-10,1.0,-10,-3,0.8,-22,3,4,True,0,0.6823529411764706,0.3244905509364777,-10.0,-6.799999999999999,3.200000000000001
681,False,16,1,26,1.0,26,24,0.75,23,1,4,False,0,0.225,0.3714835124201341,26.0,23.75,-2.25
681,True,16,3,26,1.0,26,24,0.75,23,1,4,False,0,0.05,0.1154700538379251,26.0,23.75,-2.25
683,True,16,3,18,1.0,18,25,0.4,18,0,1,False,0,0.8625,0.2704933763822446,18.0,20.799999999999997,2.799999999999997
684,True,17,4,80,0.2,0,16,1.0,16,1,4,False,0,0.8588235294117647,0.2807552838536876,16.0,16.0,0.0
685,False,16,1,12,1.0,12,55,0.4,-12,0,1,False,0,0.4625000000000001,0.4112987559751022,12.0,14.8,2.8000000000000007
686,True,18,2,69,0.2,-25,-6,0.99,-44,1,6,False,0,0.5222222222222223,0.4066441652405491,-6.199999999999999,-6.38,-0.1800000000000006
690,False,16,1,18,1.0,18,41,0.5,1,0,1,False,0,0.6125,0.3757215280851853,18.0,21.0,3.0
692,True,17,3,-8,1.0,-8,34,0.4,-36,1,4,False,0,0.611764705882353,0.4328428596805896,-8.0,-7.9999999999999964,3.552713678800501e-15
694,True,31,5,21,0.8,-16,16,0.8,-3,1,8,True,0,0.5032258064516129,0.4028927656897817,13.600000000000001,12.200000000000001,-1.4000000000000004
695,False,16,1,38,0.4,10,37,0.05,19,3,2,False,0,0.2625,0.3630886025935451,21.200000000000003,19.900000000000002,-1.3000000000000007
696,True,18,4,23,1.0,23,28,0.4,16,1,6,False,0,0.5666666666666667,0.440587842613506,23.0,20.8,-2.1999999999999993
701,True,17,2,-1,1.0,-1,-1,0.9,-28,0,1,False,0,0.1058823529411764,0.2249182858153548,-1.0,-3.6999999999999993,-2.6999999999999993
705,False,16,1,0,1.0,0,92,0.01,-4,0,1,False,0,0.3,0.4258325179379017,0.0,-3.04,-3.04
705,True,16,5,0,1.0,0,92,0.01,-4,0,1,False,0,0.55,0.4412104562073146,0.0,-3.04,-3.04
708,True,16,4,13,0.01,0,0,1.0,0,0,1,False,0,0.225,0.3492849839314596,0.13,0.0,-0.13
709,True,16,3,105,0.25,-11,94,0.1,13,0,1,False,0,0.6125,0.3537890143385839,18.0,21.1,3.1000000000000014
710,True,17,3,-8,0.99,-29,60,0.2,-26,0,1,False,0,0.7176470588235294,0.3940737464575112,-8.21,-8.8,-0.5899999999999999
711,False,16,1,-10,1.0,-10,57,0.25,-36,0,1,False,0,0.6375000000000001,0.3879432948254164,-10.0,-12.75,-2.75
712,True,16,3,23,0.99,-8,30,0.9,-22,0,1,False,0,0.425,0.3415650255319866,22.689999999999998,24.8,2.110000000000003
714,True,16,2,17,1.0,17,17,0.95,10,1,8,False,0,0.4125,0.4349329450233296,17.0,16.65,-0.3500000000000014
715,True,16,5,28,1.0,28,42,0.25,26,1,6,True,0,0.7999999999999999,0.3425395354310701,28.0,30.0,2.0
716,True,18,5,28,0.5,24,26,1.0,26,0,1,False,0,0.4,0.4752708206288037,26.0,26.0,0.0
717,True,16,4,-10,1.0,-10,41,0.25,-31,0,1,True,0,0.7666666666666666,0.2732520204255893,-10.0,-13.0,-3.0
721,True,18,4,36,0.8,-8,51,0.5,2,2,6,True,0,0.7333333333333335,0.3429971702850176,27.200000000000003,26.5,-0.7000000000000028
722,True,19,4,8,1.0,8,8,0.95,1,0,1,True,0,0.2210526315789474,0.3583588322220885,8.0,7.6499999999999995,-0.35000000000000053
724,True,17,2,1,1.0,1,11,0.6,-22,0,1,True,0,0.3647058823529412,0.3334313581357268,1.0,-2.200000000000001,-3.200000000000001
725,False,16,1,-8,1.0,-8,-8,0.75,-12,1,2,False,0,0.2375,0.3201562118716424,-8.0,-9.0,-1.0
725,True,15,3,-8,1.0,-8,-8,0.75,-12,1,2,False,0,0.0666666666666666,0.2093072473889134,-8.0,-9.0,-1.0
727,True,16,4,12,1.0,12,104,0.25,-22,1,6,False,0,0.2722222222222222,0.2878614207059782,12.0,9.5,-2.5
728,True,16,4,47,0.25,-2,30,0.1,5,2,5,False,0,0.7250000000000001,0.3568379650952703,10.25,7.5,-2.75
729,True,17,4,27,1.0,27,24,0.9,23,1,4,True,0,0.2117647058823529,0.2955553098431334,27.0,23.900000000000002,-3.099999999999998
735,True,16,4,18,0.6,-17,74,0.1,-7,0,1,False,0,0.3375,0.3703601850451351,3.9999999999999982,1.1000000000000005,-2.8999999999999977
739,False,16,1,14,1.0,14,115,0.05,6,1,4,False,0,0.5625,0.3667424164178449,14.0,11.45,-2.5500000000000007
739,True,18,4,14,1.0,14,115,0.05,6,1,4,False,0,0.4666666666666667,0.4115966043420212,14.0,11.45,-2.5500000000000007
740,False,15,1,21,0.75,-6,83,0.4,-35,0,1,False,0,0.36,0.3561701038227982,14.25,12.200000000000003,-2.049999999999997
740,True,20,2,21,0.75,-6,83,0.4,-35,0,1,False,0,0.42,0.3548164833292067,14.25,12.200000000000003,-2.049999999999997
742,True,23,4,53,0.2,20,27,1.0,27,2,6,False,0,0.5565217391304348,0.3715154309245038,26.6,27.0,0.3999999999999986
743,True,16,3,29,0.75,0,25,0.8,9,3,4,True,0,0.5125,0.3997916123849191,21.75,21.8,0.05000000000000071
744,True,16,2,14,1.0,14,15,0.1,12,1,4,True,0,0.5375,0.4177319714841085,14.0,12.3,-1.6999999999999993
745,True,16,4,21,1.0,21,24,0.25,24,0,1,False,0,0.8,0.3346640106136302,21.0,24.0,3.0
749,True,16,3,53,0.6,-17,25,1.0,25,2,7,True,0,0.7625,0.2941088233970548,24.999999999999996,25.0,3.552713678800501e-15
752,False,16,1,-5,0.75,-12,-7,1.0,-7,3,4,True,0,0.4875,0.4064070209367287,-6.75,-7.0,-0.25
753,True,24,3,0,0.05,-6,7,0.5,-13,0,1,False,0,0.8000000000000002,0.2206709137469482,-5.699999999999999,-3.0,2.6999999999999993
760,True,16,2,-4,1.0,-4,28,0.05,-7,1,6,True,0,0.6375,0.4080441152620633,-4.0,-5.249999999999999,-1.2499999999999991
764,False,16,1,36,0.5,10,39,0.5,4,0,1,False,0,0.3875,0.3612478373637689,23.0,21.5,-1.5
764,True,19,3,36,0.5,10,39,0.5,4,0,1,False,0,0.3578947368421053,0.3305143961794574,23.0,21.5,-1.5
765,True,23,4,8,0.95,-1,8,1.0,8,0,1,False,0,0.8869565217391304,0.2398945750004041,7.55,8.0,0.4500000000000002
768,False,16,1,83,0.05,6,33,0.2,1,0,1,False,0,0.2250000000000001,0.204939015319192,9.85,7.4,-2.4499999999999993
768,True,20,2,83,0.05,6,33,0.2,1,0,1,False,0,0.3099999999999999,0.3462581938988669,9.85,7.4,-2.4499999999999993
769,False,16,1,24,1.0,24,48,0.1,22,1,6,True,0,0.7875,0.3138470965295043,24.0,24.6,0.6000000000000014
769,True,16,3,24,1.0,24,48,0.1,22,1,6,True,0,0.75,0.3759432581299116,24.0,24.6,0.6000000000000014
772,True,16,2,0,1.0,0,30,0.4,-15,0,1,False,0,0.7249999999999999,0.3336665001664586,0.0,3.0,3.0
775,False,16,1,13,1.0,13,30,0.01,12,0,1,False,0,0.475,0.3642343567906062,13.0,12.18,-0.8200000000000003
779,True,17,4,-3,1.0,-3,110,0.05,-8,2,3,False,0,0.6941176470588236,0.40073461953532,-3.0,-2.0999999999999996,0.9000000000000004
780,True,16,2,15,0.75,-42,13,0.6,-19,1,2,False,0,0.3625,0.3947573094109004,0.75,0.1999999999999993,-0.5500000000000007
782,False,16,1,37,0.6,-38,13,0.05,9,2,3,True,0,0.6875,0.3263433774416144,6.999999999999998,9.2,2.200000000000001
782,True,16,5,37,0.6,-38,13,0.05,9,2,3,True,0,0.775,0.2909753712372692,6.999999999999998,9.2,2.200000000000001
783,True,16,5,53,0.6,-45,55,0.4,-13,3,5,False,0,0.525,0.3785938897200183,13.799999999999997,14.2,0.40000000000000213
786,True,16,3,15,1.0,15,13,0.25,13,0,1,False,0,0.1875,0.3461695153148719,15.0,13.0,-2.0
788,True,18,5,2,1.0,2,14,0.1,-1,1,2,True,0,0.5444444444444444,0.3617314932413465,2.0,0.5000000000000001,-1.5
789,False,16,1,-7,1.0,-7,11,0.25,-14,0,1,True,0,0.6625000000000001,0.3324154027718932,-7.0,-7.75,-0.75
789,True,15,3,-7,1.0,-7,11,0.25,-14,0,1,True,0,0.6533333333333332,0.3502380143083653,-7.0,-7.75,-0.75
791,False,16,1,71,0.5,-11,34,0.99,-39,0,1,False,1,0.3625,0.3879432948254165,30.0,33.269999999999996,3.269999999999996
791,True,16,2,71,0.5,-11,34,0.99,-39,0,1,False,1,0.4749999999999999,0.4250490167812021,30.0,33.269999999999996,3.269999999999996
793,True,17,5,0,0.9,-38,-6,0.99,-27,3,4,True,0,0.2588235294117647,0.3985266984930429,-3.799999999999999,-6.21,-2.410000000000001
794,True,17,4,27,0.9,10,47,0.75,-46,0,1,True,0,0.2941176470588236,0.3009787954227301,25.3,23.75,-1.5500000000000007
796,False,16,1,6,1.0,6,24,0.5,-14,3,3,False,0,0.3750000000000001,0.3855731664245667,6.0,5.0,-1.0
796,True,15,5,6,1.0,6,24,0.5,-14,3,3,False,0,0.56,0.3561701038227982,6.0,5.0,-1.0
799,True,20,3,19,0.9,2,70,0.4,-18,0,1,False,-1,0.29,0.3864821096152208,17.3,17.200000000000003,-0.09999999999999787
803,False,16,1,-9,1.0,-9,-7,0.99,-8,0,1,False,0,0.7124999999999999,0.3649200825751669,-9.0,-7.01,1.9900000000000002
803,True,16,3,-9,1.0,-9,-7,0.99,-8,0,1,False,0,0.825,0.2816617356570348,-9.0,-7.01,1.9900000000000002
804,True,17,3,25,1.0,25,55,0.01,23,0,1,False,0,0.5411764705882353,0.4730999148295894,25.0,23.32,-1.6799999999999997
806,True,17,5,27,0.8,22,52,0.01,27,0,1,False,0,0.8352941176470587,0.3180824902257829,26.0,27.25,1.25
809,True,18,4,-5,1.0,-5,37,0.1,-10,2,4,True,0,0.7444444444444445,0.341660688613412,-5.0,-5.3,-0.2999999999999998
811,True,18,5,-6,1.0,-6,37,0.05,-9,1,6,True,0,0.8111111111111112,0.2323508728293809,-6.0,-6.699999999999999,-0.6999999999999993
812,True,17,4,2,1.0,2,46,0.05,3,3,6,False,0,0.8941176470588236,0.2135140166221357,2.0,5.15,3.1500000000000004
813,False,16,1,8,1.0,8,50,0.25,-8,0,1,False,0,0.3125,0.3792536530256937,8.0,6.5,-1.5
813,True,15,4,8,1.0,8,50,0.25,-8,0,1,False,0,0.3066666666666666,0.3104528182847634,8.0,6.5,-1.5
815,True,16,3,5,1.0,5,4,0.95,-11,0,1,True,0,0.025,0.1,5.0,3.249999999999999,-1.7500000000000009
816,False,16,1,3,0.95,-3,3,1.0,3,0,1,False,0,0.8125,0.2777888886666755,2.6999999999999993,3.0,0.3000000000000007
818,True,16,3,0,0.2,-4,36,0.25,-15,1,2,False,0,0.6625,0.3556683848755748,-3.2,-2.25,0.9500000000000002
819,True,18,5,4,1.0,4,4,0.99,-3,0,1,False,0,0.0444444444444444,0.1464168996281919,4.0,3.9299999999999997,-0.07000000000000028
820,False,16,1,8,1.0,8,7,0.95,-4,0,1,True,0,0.1624999999999999,0.2552776266472772,8.0,6.449999999999999,-1.5500000000000007
820,True,17,3,8,1.0,8,7,0.95,-4,0,1,True,0,0.1058823529411764,0.2656844656620286,8.0,6.449999999999999,-1.5500000000000007
825,False,16,1,88,0.1,5,17,0.4,13,1,8,False,-1,0.7125,0.3263433774416143,13.3,14.600000000000001,1.3000000000000007
827,True,16,2,35,0.2,-4,4,0.75,3,2,5,False,-1,0.7625000000000001,0.311715682420161,3.8,3.75,-0.04999999999999982
828,False,16,1,58,0.4,-17,27,0.25,7,0,1,False,1,0.7375,0.3242941051987634,13.000000000000004,12.0,-1.0000000000000036
830,False,16,1,-1,1.0,-1,20,0.5,-17,0,1,False,0,0.7124999999999999,0.3649200825751669,-1.0,1.5,2.5
833,False,16,1,24,0.99,6,25,0.5,23,1,8,False,0,0.55,0.3829708431025353,23.819999999999997,24.0,0.18000000000000327
833,True,15,2,24,0.99,6,25,0.5,23,1,8,False,0,0.5333333333333333,0.4450789122113494,23.819999999999997,24.0,0.18000000000000327
835,True,16,4,23,1.0,23,25,0.99,9,2,2,False,0,0.7124999999999999,0.399791612384919,23.0,24.84,1.8399999999999999
836,False,16,1,29,0.5,-39,42,0.01,-4,2,4,False,0,0.4125,0.3964425136973413,-5.0,-3.54,1.46
836,True,15,5,29,0.5,-39,42,0.01,-4,2,4,False,0,0.4666666666666666,0.3436498771936898,-5.0,-3.54,1.46
838,True,16,3,25,0.5,-7,12,0.95,-12,1,8,False,0,0.275,0.4187282332651256,9.0,10.799999999999997,1.7999999999999972
839,True,16,4,6,1.0,6,78,0.4,-42,2,4,True,0,0.6125,0.3222318006239194,6.0,6.0000000000000036,3.552713678800501e-15
840,True,16,3,-2,1.0,-2,25,0.2,-11,1,8,False,0,0.4749999999999999,0.3785938897200182,-2.0,-3.8000000000000007,-1.8000000000000007
841,True,17,4,20,1.0,20,66,0.6,-41,2,5,True,0,0.6941176470588236,0.2838806708709095,20.0,23.2,3.1999999999999993
843,True,17,2,-2,1.0,-2,69,0.01,-1,0,1,False,0,0.8823529411764707,0.2242635004789204,-2.0,-0.29999999999999993,1.7000000000000002
844,True,16,4,5,1.0,5,57,0.2,-7,2,5,False,0,0.4375000000000001,0.311715682420161,5.0,5.8,0.7999999999999998
845,False,16,1,70,0.4,-48,83,0.2,-21,1,8,False,0,0.5499999999999999,0.3614784456460256,-0.7999999999999972,-0.1999999999999993,0.5999999999999979
845,True,15,3,70,0.4,-48,83,0.2,-21,1,8,False,0,0.3200000000000001,0.2704493615131253,-0.7999999999999972,-0.1999999999999993,0.5999999999999979
851,True,20,2,-2,0.75,-26,1,0.8,-43,0,1,False,-1,0.74,0.3315037508718495,-8.0,-7.799999999999998,0.20000000000000195
852,True,16,3,28,1.0,28,101,0.25,1,0,1,False,0,0.4375000000000001,0.2941088233970548,28.0,26.0,-2.0
854,True,21,5,20,1.0,20,61,0.4,-4,0,1,True,0,0.3523809523809525,0.3340943693315522,20.0,22.000000000000004,2.0000000000000036
862,False,16,1,16,1.0,16,27,0.4,4,1,4,False,0,0.4124999999999999,0.3537890143385838,16.0,13.200000000000001,-2.799999999999999
862,True,15,5,16,1.0,16,27,0.4,4,1,4,False,0,0.5066666666666667,0.376955220278534,16.0,13.200000000000001,-2.799999999999999
867,True,16,2,18,1.0,18,25,0.8,-15,1,2,False,0,0.5375,0.3630886025935451,18.0,17.0,-1.0
868,False,16,1,10,1.0,10,7,0.99,-20,2,7,True,0,0.6125,0.3537890143385838,10.0,6.7299999999999995,-3.2700000000000005
868,True,17,3,10,1.0,10,7,0.99,-20,2,7,True,0,0.4588235294117647,0.3792407275224599,10.0,6.7299999999999995,-3.2700000000000005
870,True,16,2,21,1.0,21,47,0.4,3,2,2,False,0,0.4625,0.3913651321549566,21.0,20.6,-0.3999999999999986
873,False,17,1,14,1.0,14,46,0.01,15,0,1,False,0,0.7647058823529412,0.3408466966074855,14.0,15.31,1.3100000000000005
873,True,16,3,14,1.0,14,46,0.01,15,0,1,False,0,0.825,0.2909753712372692,14.0,15.31,1.3100000000000005
874,True,19,3,6,1.0,6,9,0.99,7,0,1,False,0,0.8105263157894738,0.2865401597645515,6.0,8.98,2.9800000000000004
875,True,20,3,6,0.2,3,9,0.5,-7,2,2,True,0,0.51,0.3076224617081276,3.6000000000000005,1.0,-2.6000000000000005
877,False,17,1,43,0.4,-44,-9,1.0,-9,2,8,False,0,0.5294117647058822,0.3670229997601529,-9.2,-9.0,0.1999999999999993
878,True,16,3,34,0.01,2,2,1.0,2,3,2,False,0,0.3875,0.4224926034855521,2.32,2.0,-0.31999999999999984
880,False,16,1,24,1.0,24,21,0.99,-7,2,4,False,0,0.3375,0.4177319714841085,24.0,20.72,-3.280000000000001
880,True,15,4,24,1.0,24,21,0.99,-7,2,4,False,0,0.1333333333333333,0.2992052966172383,24.0,20.72,-3.280000000000001
882,False,16,1,10,1.0,10,35,0.25,3,3,2,False,0,0.2250000000000001,0.262043253427114,10.0,11.0,1.0
882,True,16,3,10,1.0,10,35,0.25,3,3,2,False,0,0.425,0.405791407827552,10.0,11.0,1.0
883,True,16,4,-9,1.0,-9,6,0.01,-11,0,1,False,0,0.2500000000000001,0.2875181153713043,-9.0,-10.83,-1.83
884,False,16,1,82,0.01,11,17,0.9,-42,2,2,False,0,0.275,0.3255764119219941,11.71,11.100000000000001,-0.6099999999999994
884,True,15,4,82,0.01,11,17,0.9,-42,2,2,False,0,0.4533333333333333,0.4172472146045293,11.71,11.100000000000001,-0.6099999999999994
886,False,31,1,27,1.0,27,38,0.25,19,0,1,False,0,0.4451612903225807,0.3888776240047927,27.0,23.75,-3.25
886,True,15,2,27,1.0,27,38,0.25,19,0,1,False,0,0.28,0.4262795863213318,27.0,23.75,-3.25
887,True,19,3,45,0.5,-35,9,0.9,0,0,1,False,0,0.6631578947368422,0.3336840260482454,5.0,8.1,3.0999999999999996
888,True,16,3,6,1.0,6,27,0.5,-14,1,6,False,0,0.45,0.3386246693120078,6.0,6.5,0.5
889,True,19,2,20,1.0,20,20,1.0,20,2,6,False,0,0.7473684210526316,0.3322790344351359,20.0,20.0,0.0
892,False,16,1,71,0.01,16,21,0.6,6,0,1,False,0,0.4375,0.4209117088733297,16.55,15.0,-1.5500000000000007
892,True,15,3,71,0.01,16,21,0.6,6,0,1,False,0,0.5333333333333333,0.4386125310350269,16.55,15.0,-1.5500000000000007
896,True,16,4,26,1.0,26,27,0.1,26,2,6,False,0,0.7875000000000001,0.3138470965295043,26.0,26.1,0.10000000000000142
898,False,16,1,12,1.0,12,50,0.2,1,1,6,False,0,0.425,0.3415650255319866,12.0,10.8,-1.1999999999999993
900,True,16,2,22,0.99,-41,76,0.25,4,1,2,True,0,0.6125,0.3537890143385838,21.37,22.0,0.629999999999999
902,True,17,4,19,1.0,19,30,0.1,17,0,1,False,0,0.7529411764705882,0.3280961121737492,19.0,18.3,-0.6999999999999993
904,True,19,4,3,1.0,3,20,0.2,-5,0,1,False,0,0.2421052631578948,0.3305143961794574,3.0,0.0,-3.0
905,True,20,2,58,0.05,24,63,0.4,-3,1,4,True,0,0.4400000000000001,0.3408966504907161,25.699999999999996,23.400000000000002,-2.2999999999999936
907,True,16,3,23,1.0,23,30,0.9,-7,2,4,True,0,0.625,0.3714835124201343,23.0,26.3,3.3000000000000007
908,True,16,3,-7,0.95,-13,92,0.1,-16,1,6,False,0,0.5375,0.3630886025935451,-7.3,-5.199999999999999,2.1000000000000005
911,True,16,3,1,1.0,1,23,0.4,-16,3,3,False,0,0.5499999999999999,0.3759432581299116,1.0,-0.3999999999999986,-1.3999999999999986
912,True,16,5,42,0.2,25,31,0.01,27,0,1,False,0,0.5249999999999999,0.4187282332651254,28.4,27.04,-1.3599999999999994
914,False,16,1,6,1.0,6,32,0.6,-38,1,4,False,0,0.525,0.3642343567906062,6.0,3.9999999999999982,-2.0000000000000018
915,True,16,3,-1,1.0,-1,59,0.01,-3,0,1,False,0,0.425,0.3568379650952703,-1.0,-2.38,-1.38
916,True,16,4,25,0.25,22,23,0.8,21,0,1,False,0,0.3625,0.4209117088733298,22.75,22.6,-0.14999999999999858
918,True,16,3,25,0.5,5,37,0.1,16,0,1,False,0,0.6125,0.3461695153148719,15.0,18.1,3.1000000000000014
929,True,16,2,38,0.75,2,29,1.0,29,0,1,False,0,0.4125,0.3383784863137726,29.0,29.0,0.0
930,True,33,2,24,0.1,17,36,0.5,-1,0,1,False,0,0.4060606060606061,0.3445462540967776,17.700000000000003,17.5,-0.20000000000000284
931,True,16,2,-4,1.0,-4,0,0.9,-21,2,7,False,0,0.6125,0.3685557397915997,-4.0,-2.0999999999999996,1.9000000000000004
933,False,16,1,118,0.01,18,37,0.05,19,1,4,False,0,0.4125,0.3685557397915997,19.0,19.900000000000002,0.9000000000000021
933,True,16,5,118,0.01,18,37,0.05,19,1,4,False,0,0.6375,0.4014556845614055,19.0,19.900000000000002,0.9000000000000021
934,True,15,4,10,1.0,10,102,0.2,-12,1,4,False,0,0.4666666666666667,0.3352326839390103,10.0,10.8,0.8000000000000007
936,True,19,4,27,1.0,27,32,0.1,30,0,1,False,0,0.7789473684210527,0.3645071975640857,27.0,30.2,3.1999999999999993
937,True,19,4,54,0.5,-48,4,0.75,0,0,1,False,0,0.4210526315789474,0.3765028365961036,3.0,3.0,0.0
938,False,16,1,102,0.4,-18,30,1.0,30,1,2,False,0,0.6249999999999999,0.3492849839314596,30.000000000000007,30.0,-7.105427357601002e-15
941,True,16,2,-1,1.0,-1,15,0.6,-24,3,3,False,0,0.6625,0.3630886025935451,-1.0,-0.6000000000000014,0.3999999999999986
943,False,16,1,25,0.4,-2,65,0.2,-4,1,6,False,0,0.325,0.3336665001664586,8.8,9.8,1.0
943,True,17,2,25,0.4,-2,65,0.2,-4,1,6,False,0,0.5058823529411764,0.3749509771878421,8.8,9.8,1.0
944,False,16,1,14,0.4,-14,65,0.25,-22,1,4,False,0,0.4625,0.3480900266693469,-2.8,-0.25,2.55
944,True,16,4,14,0.4,-14,65,0.25,-22,1,4,False,0,0.4375,0.439507299901454,-2.8,-0.25,2.55
947,True,16,3,25,1.0,25,29,0.25,25,0,1,False,0,0.625,0.4611579628139003,25.0,26.0,1.0
949,True,16,5,-7,1.0,-7,36,0.25,-22,0,1,False,0,0.6375000000000001,0.3442382895611701,-7.0,-7.5,-0.5
950,False,16,1,16,0.6,9,35,0.4,0,0,1,False,0,0.3750000000000001,0.3255764119219941,13.2,14.0,0.8000000000000007
950,True,16,4,16,0.6,9,35,0.4,0,0,1,False,0,0.2875,0.3344149119482164,13.2,14.0,0.8000000000000007
951,True,18,2,12,1.0,12,12,1.0,12,2,6,False,0,0.4777777777777778,0.4291654768687105,12.0,12.0,0.0
954,True,20,3,30,0.5,20,51,0.5,0,0,1,False,-1,0.36,0.3816860103885336,25.0,25.5,0.5
955,True,16,5,19,1.0,19,32,0.8,-26,1,2,True,0,0.4125,0.3537890143385839,19.0,20.400000000000002,1.4000000000000021
956,False,16,1,11,1.0,11,19,0.5,7,1,8,True,0,0.8,0.3577708763999663,11.0,13.0,2.0
957,True,15,2,3,1.0,3,24,0.6,-28,0,1,False,0,0.52,0.3839642840533107,3.0,3.1999999999999975,0.1999999999999975
960,False,18,1,28,1.0,28,101,0.1,19,0,1,False,0,0.5222222222222223,0.4008161608159554,28.0,27.200000000000003,-0.7999999999999972
960,True,16,3,28,1.0,28,101,0.1,19,0,1,False,0,0.3875000000000001,0.4031128874149275,28.0,27.200000000000003,-0.7999999999999972
963,False,18,1,21,1.0,21,73,0.01,20,0,1,True,0,0.8111111111111111,0.2867441755680876,21.0,20.53,-0.46999999999999886
964,True,15,2,32,0.25,21,49,0.6,-12,0,1,True,0,0.1933333333333333,0.2520393015460277,23.75,24.599999999999998,0.8499999999999979
967,True,16,2,0,1.0,0,22,0.25,-11,2,2,False,0,0.475,0.4123105625617661,0.0,-2.75,-2.75
968,False,15,1,10,0.99,-10,80,0.2,-6,1,4,False,0,0.3733333333333333,0.4333699618219101,9.8,11.2,1.3999999999999986
968,True,16,5,10,0.99,-10,80,0.2,-6,1,4,False,0,0.3375000000000001,0.3630886025935451,9.8,11.2,1.3999999999999986
969,True,16,5,15,1.0,15,61,0.5,-29,3,3,False,0,0.5125000000000001,0.3721558813185679,15.0,16.0,1.0
973,True,15,4,16,1.0,16,53,0.5,-21,0,1,False,0,0.4416666666666666,0.3489354558954312,16.0,16.0,0.0
974,True,19,5,32,0.75,-4,23,1.0,23,1,6,False,0,0.5894736842105264,0.3799045740447421,23.0,23.0,0.0
975,True,18,2,71,0.4,-4,26,1.0,26,1,8,False,0,0.6333333333333334,0.3646109933485114,26.000000000000004,26.0,-3.552713678800501e-15
976,True,15,3,5,0.95,-48,52,0.05,-1,1,2,False,-1,0.4533333333333334,0.3888934240098375,2.349999999999998,1.6500000000000001,-0.6999999999999977
978,True,15,2,8,1.0,8,17,0.4,2,0,1,True,0,0.4933333333333334,0.3283436063174123,8.0,8.0,0.0
980,True,15,4,-1,1.0,-1,61,0.1,-8,1,8,False,0,0.4533333333333334,0.3814758308514571,-1.0,-1.0999999999999996,-0.09999999999999964
981,True,18,4,11,0.99,2,14,0.9,12,1,8,True,1,0.9444444444444444,0.1338226316137377,10.91,13.799999999999999,2.889999999999999
982,True,15,3,34,0.01,16,16,1.0,16,1,6,False,0,0.4133333333333333,0.4373077809027587,16.18,16.0,-0.17999999999999972
987,False,16,1,11,0.95,-3,10,1.0,10,0,1,False,0,0.7875,0.2578759391645525,10.299999999999999,10.0,-0.29999999999999893
988,True,18,2,-3,1.0,-3,1,0.5,-3,0,1,False,0,0.9555555555555556,0.1464168996281919,-3.0,-1.0,2.0
991,False,16,1,2,1.0,2,11,0.01,5,0,1,False,0,0.8625,0.2895398648430529,2.0,5.0600000000000005,3.0600000000000005
993,True,18,4,22,1.0,22,67,0.4,-7,2,6,False,0,0.3555555555555555,0.2955000193534825,22.0,22.6,0.6000000000000014
996,True,18,4,26,1.0,26,39,0.05,25,1,2,False,0,0.7888888888888889,0.3323514951671939,26.0,25.7,-0.3000000000000007
997,True,32,4,117,0.05,17,23,0.95,2,0,1,False,0,0.45,0.373302610102953,22.0,21.95,-0.05000000000000071
1001,True,16,5,18,0.75,-18,23,0.75,-35,0,1,False,0,0.7375,0.3324154027718933,9.0,8.5,-0.5
1004,True,16,3,8,1.0,8,21,0.75,-26,0,1,False,0,0.375,0.3492849839314596,8.0,9.25,1.25
1006,True,16,2,12,1.0,12,12,1.0,12,1,6,True,0,0.65,0.3898717737923586,12.0,12.0,0.0
1007,True,16,5,-7,1.0,-7,1,0.4,-18,1,2,False,0,0.65,0.4098780306383839,-7.0,-10.399999999999999,-3.3999999999999986
1008,False,16,1,10,1.0,10,77,0.2,-4,1,6,True,0,0.6375000000000001,0.3667424164178449,10.0,12.2,2.1999999999999993
1008,True,15,5,10,1.0,10,77,0.2,-4,1,6,True,0,0.5733333333333334,0.2914659173083208,10.0,12.2,2.1999999999999993
1009,True,17,3,16,0.5,-26,-5,1.0,-5,0,1,False,0,0.1176470588235294,0.2555271368114526,-5.0,-5.0,0.0
1011,True,16,3,-10,1.0,-10,63,0.1,-21,3,5,False,0,0.4375000000000001,0.4145278438577237,-10.0,-12.600000000000001,-2.6000000000000014
1013,True,16,3,12,1.0,12,14,0.9,11,1,8,True,0,0.7875,0.3537890143385838,12.0,13.7,1.6999999999999993
1014,True,20,5,0,1.0,0,1,0.95,-20,0,1,False,0,0.86,0.2835860585987593,0.0,-0.05000000000000093,-0.05000000000000093
1015,False,16,1,-9,0.8,-10,2,0.2,-14,1,8,False,0,0.825,0.2909753712372692,-9.2,-10.8,-1.6000000000000014
1015,True,32,4,-9,0.8,-10,2,0.2,-14,1,8,False,0,0.58125,0.3946721791971889,-9.2,-10.8,-1.6000000000000014
1017,False,16,1,38,0.2,-2,97,0.2,-13,0,1,False,-1,0.575,0.3991657967979388,6.0,9.000000000000002,3.0000000000000018
1017,True,16,4,38,0.2,-2,97,0.2,-13,0,1,False,-1,0.4,0.4,6.0,9.000000000000002,3.0000000000000018
1020,True,16,3,14,1.0,14,43,0.6,-29,0,1,False,0,0.4000000000000001,0.3723797345005051,14.0,14.2,0.1999999999999993
1021,True,16,4,28,1.0,28,30,0.8,29,1,6,False,0,0.775,0.3415650255319866,28.0,29.799999999999997,1.7999999999999972
1022,True,16,3,0,1.0,0,17,0.6,-24,0,1,False,0,0.7125,0.3095695936834452,0.0,0.5999999999999979,0.5999999999999979
1026,False,16,1,18,1.0,18,38,0.2,13,1,4,False,0,0.6375,0.3593976442141304,18.0,18.0,0.0
1027,False,16,1,-7,0.05,-10,-1,0.4,-12,0,1,False,0,0.6125000000000002,0.3612478373637689,-9.85,-7.6,2.25
1028,True,17,3,18,1.0,18,34,0.05,18,0,1,False,0,0.776470588235294,0.3929526239966879,18.0,18.799999999999997,0.7999999999999972
1029,True,16,5,17,0.2,13,25,0.6,-8,0,1,False,0,0.45,0.3898717737923585,13.8,11.8,-2.0
1031,True,16,2,4,1.0,4,83,0.05,-3,0,1,False,0,0.1375,0.2276693508870558,4.0,1.3000000000000007,-2.6999999999999993
1033,True,18,2,48,0.6,-7,99,0.25,-1,0,1,False,0,0.6888888888888889,0.3708319563755004,25.999999999999996,24.0,-1.9999999999999964
1034,True,16,4,8,0.2,-1,1,0.8,0,0,1,False,0,0.7125,0.35,0.8,0.8,0.0
1037,True,32,4,2,1.0,2,43,0.1,-4,0,1,False,0,0.4375,0.4323603634365293,2.0,0.6999999999999997,-1.3000000000000003
1040,True,16,4,30,1.0,30,60,0.5,2,1,4,False,0,0.5875000000000001,0.3612478373637688,30.0,31.0,1.0
1045,True,19,3,19,0.5,-9,8,0.75,4,0,1,False,1,0.4947368421052632,0.3792883456195392,5.0,7.0,2.0
1047,True,19,3,3,0.25,-4,22,0.4,-18,0,1,True,0,0.6315789473684209,0.3667464028134539,-2.25,-1.9999999999999982,0.2500000000000018
1049,True,16,4,14,1.0,14,69,0.25,-3,2,6,False,0,0.325,0.3336665001664586,14.0,15.0,1.0
1051,True,18,3,73,0.1,23,106,0.2,8,0,1,False,0,0.4666666666666667,0.4392506988845757,28.0,27.6,-0.3999999999999986
1052,True,16,4,39,0.2,-5,13,0.1,2,0,1,True,0,0.6625000000000001,0.4425306015783918,3.8000000000000007,3.1,-0.7000000000000006
1053,True,17,3,65,0.01,12,85,0.4,-35,0,1,False,0,0.2470588235294117,0.28748401490088,12.53,13.0,0.47000000000000064
1056,False,16,1,118,0.1,18,35,0.5,18,0,1,True,0,0.5625,0.3739429546512855,28.0,26.5,-1.5
1056,True,17,2,118,0.1,18,35,0.5,18,0,1,True,0,0.4470588235294117,0.3842486939776496,28.0,26.5,-1.5
1057,False,16,1,-5,1.0,-5,-6,0.99,-24,0,1,False,0,0.225,0.3568379650952703,-5.0,-6.18,-1.1799999999999997
1057,True,15,2,-5,1.0,-5,-6,0.99,-24,0,1,False,0,0.1466666666666666,0.2199567056967174,-5.0,-6.18,-1.1799999999999997
1059,False,16,1,7,1.0,7,101,0.1,-1,2,3,False,0,0.4125,0.4031128874149276,7.0,9.200000000000001,2.200000000000001
1059,True,15,4,7,1.0,7,101,0.1,-1,2,3,False,0,0.4133333333333334,0.3502380143083653,7.0,9.200000000000001,2.200000000000001
1060,True,18,2,0,1.0,0,0,0.5,-6,0,1,True,0,0.1222222222222222,0.2390066589167255,0.0,-3.0,-3.0
1061,False,16,1,30,1.0,30,74,0.4,1,0,1,False,0,0.3999999999999999,0.3346640106136302,30.0,30.200000000000003,0.20000000000000284
1062,True,19,4,0,1.0,0,80,0.1,-7,3,4,False,0,0.5157894736842106,0.3547505506921367,0.0,1.7000000000000002,1.7000000000000002
1064,False,16,1,12,1.0,12,15,0.8,-4,0,1,True,0,0.2,0.2828427124746189,12.0,11.2,-0.8000000000000007
1064,True,15,5,12,1.0,12,15,0.8,-4,0,1,True,0,0.28,0.352946778667023,12.0,11.2,-0.8000000000000007
1065,False,16,1,9,1.0,9,52,0.05,9,0,1,False,0,0.7875,0.2963668897386031,9.0,11.149999999999999,2.1499999999999986
1066,True,18,5,4,0.9,-18,2,1.0,2,2,2,False,0,0.5666666666666667,0.3646109933485115,1.8000000000000005,2.0,0.1999999999999995
1067,False,16,1,4,0.5,-14,-5,1.0,-5,0,1,False,0,0.5375,0.3480900266693469,-5.0,-5.0,0.0
1067,True,16,4,4,0.5,-14,-5,1.0,-5,0,1,False,0,0.35,0.3306559138036599,-5.0,-5.0,0.0
1068,False,16,1,5,1.0,5,5,1.0,5,2,3,True,0,0.6250000000000001,0.3924283374069717,5.0,5.0,0.0
1068,True,17,2,5,1.0,5,5,1.0,5,2,3,True,0,0.6823529411764707,0.3539690913724796,5.0,5.0,0.0
1069,True,18,3,29,0.75,17,70,0.4,2,1,6,False,0,0.5333333333333334,0.3360672201667224,26.0,29.2,3.1999999999999993
1070,False,16,1,5,1.0,5,5,1.0,5,2,5,False,0,0.4625,0.3774917217635376,5.0,5.0,0.0
1070,True,15,2,5,1.0,5,5,1.0,5,2,5,False,0,0.56,0.3561701038227982,5.0,5.0,0.0
1073,False,16,1,33,0.2,-20,2,0.2,-16,0,1,False,0,0.325,0.3336665001664586,-9.399999999999999,-12.4,-3.0000000000000018
1073,True,15,2,33,0.2,-20,2,0.2,-16,0,1,False,0,0.2666666666666666,0.3177300441449957,-9.399999999999999,-12.4,-3.0000000000000018
1084,True,17,3,64,0.1,-16,3,0.01,-9,1,8,False,0,0.3647058823529412,0.3258473117707668,-8.0,-8.88,-0.8800000000000008
1086,False,17,1,-6,1.0,-6,3,0.1,-5,0,1,False,0,0.8352941176470587,0.2849148479602901,-6.0,-4.2,1.7999999999999998
1088,True,17,5,47,0.1,7,11,0.95,-19,1,2,False,0,0.3294117647058824,0.3670229997601529,11.0,9.499999999999998,-1.5000000000000018
1089,True,16,5,45,0.05,25,34,0.1,28,1,4,False,-1,0.7499999999999999,0.2780887148615228,26.0,28.6,2.6000000000000014
1092,False,16,1,-2,1.0,-2,1,0.99,0,2,4,False,0,0.8000000000000002,0.2633122354417533,-2.0,0.99,2.99
1094,True,16,3,30,1.0,30,74,0.5,-18,1,8,False,0,0.3,0.3011090610836324,30.0,28.0,-2.0
1095,False,16,1,13,1.0,13,24,0.6,0,0,1,False,0,0.425,0.3415650255319866,13.0,14.399999999999999,1.3999999999999986
1095,True,15,2,13,1.0,13,24,0.6,0,0,1,False,0,0.6266666666666666,0.384460041889302,13.0,14.399999999999999,1.3999999999999986
1096,False,16,1,21,1.0,21,25,0.6,11,0,1,False,0,0.6000000000000001,0.4,21.0,19.4,-1.6000000000000014
1098,True,17,2,-7,1.0,-7,-7,0.95,-20,0,1,False,0,0.2823529411764706,0.3811746550428803,-7.0,-7.65,-0.6500000000000004
1099,True,33,2,-9,1.0,-9,59,0.01,-10,0,1,False,0,0.5575757575757575,0.3865151218179431,-9.0,-9.31,-0.3100000000000005
1102,False,16,1,86,0.05,13,15,0.9,14,0,1,False,0,0.3875,0.4031128874149274,16.65,14.9,-1.7499999999999982
1102,True,15,2,86,0.05,13,15,0.9,14,0,1,False,0,0.3333333333333333,0.3829708431025353,16.65,14.9,-1.7499999999999982
1107,True,18,3,-3,1.0,-3,20,0.25,-11,0,1,True,0,0.7000000000000001,0.344707889976085,-3.0,-3.25,-0.25
1108,True,30,4,-8,1.0,-8,-2,0.5,-16,0,1,False,0,0.5066666666666666,0.3473379883642438,-8.0,-9.0,-1.0
1109,False,16,1,21,1.0,21,37,0.5,11,2,4,False,0,0.6000000000000001,0.3651483716701107,21.0,24.0,3.0
1113,False,16,1,-10,1.0,-10,-10,1.0,-10,2,7,False,0,0.6375000000000001,0.4014556845614054,-10.0,-10.0,0.0
1114,True,17,5,21,1.0,21,41,0.4,4,0,1,False,0,0.5647058823529413,0.3258473117707668,21.0,18.8,-2.1999999999999993
1115,True,17,2,0,0.75,-12,1,0.75,-4,2,7,False,0,0.7379679144385028,0.2645016226988149,-3.0,-0.25,2.75
1116,False,16,1,56,0.01,19,19,1.0,19,0,1,False,0,0.1875,0.3052321520853704,19.369999999999997,19.0,-0.36999999999999744
1116,True,15,4,56,0.01,19,19,1.0,19,0,1,False,0,0.2133333333333332,0.341983012666391,19.369999999999997,19.0,-0.36999999999999744
1117,True,17,3,29,1.0,29,82,0.4,-7,3,3,False,0,0.6588235294117648,0.3373774287230322,29.0,28.600000000000005,-0.399999999999995
1118,True,16,5,4,1.0,4,60,0.25,-17,0,1,False,0,0.3875000000000001,0.2777888886666756,4.0,2.25,-1.75
1121,True,17,3,5,0.99,-19,69,0.2,-14,0,1,False,0,0.4941176470588236,0.3249434339913912,4.76,2.5999999999999996,-2.16
1128,True,18,4,-2,0.5,-18,-10,1.0,-10,0,1,False,0,0.3222222222222222,0.4066441652405491,-10.0,-10.0,0.0
1129,True,17,3,8,1.0,8,11,0.25,10,1,8,True,0,0.8941176470588235,0.1748949264390412,8.0,10.25,2.25
1135,True,16,5,15,0.95,-4,14,1.0,14,1,2,False,0,0.475,0.4057914078275521,14.05,14.0,-0.05000000000000071
1138,True,18,3,15,1.0,15,80,0.25,-8,1,4,False,0,0.2111111111111111,0.2948357247267763,15.0,14.0,-1.0
1139,True,19,5,11,1.0,11,18,0.75,-9,1,8,False,0,0.5684210526315789,0.4123814733134404,11.0,11.25,0.25
1141,True,17,4,1,1.0,1,68,0.05,1,1,2,False,0,0.7411764705882353,0.3658189844879085,1.0,4.3500000000000005,3.3500000000000005
1143,True,18,2,10,1.0,10,53,0.2,-4,0,1,False,0,0.2333333333333333,0.3646109933485114,10.0,7.400000000000001,-2.5999999999999988
1146,True,15,3,30,0.95,25,58,0.25,18,0,1,True,0,0.4400000000000001,0.304255531702266,29.75,28.0,-1.75
1147,True,17,4,-3,1.0,-3,-1,0.1,-1,1,8,True,0,0.8117647058823528,0.2176073095658108,-3.0,-1.0,2.0
1149,True,16,5,-7,1.0,-7,55,0.4,-45,0,1,False,0,0.5875000000000001,0.2872281323269015,-7.0,-5.0,2.0
1150,False,17,1,1,1.0,1,75,0.05,-3,0,1,False,0,0.3411764705882353,0.392203428607865,1.0,0.9000000000000004,-0.09999999999999964
1150,True,15,5,1,1.0,1,75,0.05,-3,0,1,False,0,0.3466666666666667,0.39617216074881,1.0,0.9000000000000004,-0.09999999999999964
1153,False,17,1,-6,1.0,-6,51,0.1,-12,0,1,False,0,0.6235294117647058,0.3152963125472329,-6.0,-5.7,0.2999999999999998
1153,True,17,3,-6,1.0,-6,51,0.1,-12,0,1,False,0,0.6235294117647059,0.3929526239966879,-6.0,-5.7,0.2999999999999998
1154,True,17,2,26,1.0,26,28,0.95,-5,1,2,False,0,0.5529411764705883,0.3970479301337929,26.0,26.349999999999998,0.34999999999999787
1159,True,17,2,46,0.2,1,42,0.6,-38,1,4,False,1,0.388235294117647,0.3276475868619675,10.000000000000002,9.999999999999998,-3.552713678800501e-15
1162,False,16,1,16,0.75,-29,72,0.05,1,0,1,False,0,0.6749999999999998,0.2294921930407801,4.75,4.55,-0.20000000000000018
1162,True,15,4,16,0.75,-29,72,0.05,1,0,1,False,0,0.4400000000000001,0.3561701038227982,4.75,4.55,-0.20000000000000018
1163,True,18,5,7,1.0,7,29,0.6,-23,0,1,False,0,0.5555555555555556,0.3791976393296808,7.0,8.199999999999998,1.1999999999999975
1164,True,16,2,-4,1.0,-4,101,0.2,-34,1,8,True,0,0.7,0.3098386676965933,-4.0,-7.0,-3.0
1166,True,16,4,45,0.2,-15,9,0.6,-14,3,5,False,0,0.5375000000000001,0.3630886025935451,-3.0,-0.20000000000000107,2.799999999999999
1168,True,17,4,-1,1.0,-1,50,0.4,-36,3,2,False,0,0.6352941176470588,0.3690209622612723,-1.0,-1.5999999999999979,-0.5999999999999979
1169,True,16,5,1,1.0,1,81,0.01,-3,2,5,False,0,0.3,0.3794733192202056,1.0,-2.1599999999999997,-3.1599999999999997
1172,True,16,5,8,1.0,8,52,0.2,-2,0,1,False,0,0.4500000000000001,0.3687817782917155,8.0,8.8,0.8000000000000007
1176,False,16,1,29,1.0,29,71,0.25,14,0,1,False,0,0.55,0.3759432581299116,29.0,28.25,-0.75
1177,True,16,2,-1,0.01,-5,8,0.25,-11,0,1,True,0,0.6375,0.3593976442141304,-4.96,-6.25,-1.29
1178,True,18,2,21,0.25,-15,15,0.1,-11,2,5,False,0,0.5444444444444444,0.3275977128093364,-6.0,-8.4,-2.4000000000000004
1180,True,16,3,38,0.4,-10,9,1.0,9,0,1,False,0,0.6500000000000001,0.3055050463303894,9.200000000000001,9.0,-0.20000000000000107
1181,True,16,3,-3,0.4,-11,97,0.2,-31,1,2,False,0,0.625,0.3642343567906062,-7.8,-5.399999999999999,2.4000000000000012
1186,True,16,5,41,0.01,25,62,0.6,-28,3,4,False,0,0.375,0.3642343567906063,25.16,25.999999999999993,0.8399999999999928
1189,True,16,3,64,0.25,-24,11,0.1,-4,0,1,False,0,0.3124999999999999,0.2305789814069501,-2.0,-2.5,-0.5
1190,False,16,1,22,0.75,-29,13,0.6,-1,2,6,False,0,0.6625000000000001,0.3556683848755747,9.25,7.3999999999999995,-1.8500000000000005
1190,True,16,5,22,0.75,-29,13,0.6,-1,2,6,False,0,0.5625,0.3947573094109004,9.25,7.3999999999999995,-1.8500000000000005
1195,False,16,1,14,1.0,14,41,0.2,3,0,1,False,0,0.4,0.3794733192202056,14.0,10.600000000000001,-3.3999999999999986
1197,True,16,5,45,0.5,13,41,0.01,27,1,4,False,0,0.4625,0.2704933763822446,29.0,27.14,-1.8599999999999994
1199,False,16,1,31,0.25,28,38,0.4,18,0,1,False,0,0.325,0.3087609647175843,28.75,26.0,-2.75
1199,True,17,5,31,0.25,28,38,0.4,18,0,1,False,0,0.3176470588235294,0.3321055820775357,28.75,26.0,-2.75
1202,True,16,3,55,0.2,20,32,0.75,5,1,2,False,0,0.3875000000000001,0.3612478373637689,27.0,25.25,-1.75
1205,True,16,5,15,0.75,0,11,1.0,11,1,8,False,0,0.4,0.4381780460041329,11.25,11.0,-0.25
1208,False,16,1,36,0.05,-5,5,0.4,-7,1,4,False,0,0.4375000000000001,0.3518996068956789,-2.95,-2.2,0.75
1208,True,16,4,36,0.05,-5,5,0.4,-7,1,4,False,0,0.7125,0.393064880140671,-2.95,-2.2,0.75
1210,True,18,3,12,1.0,12,24,0.25,12,0,1,False,0,0.8333333333333335,0.3235828832817662,12.0,15.0,3.0
1219,True,17,2,23,1.0,23,68,0.25,6,0,1,False,0,0.4941176470588234,0.4069253436370333,23.0,21.5,-1.5
1220,True,17,4,29,1.0,29,68,0.01,31,0,1,True,0,0.8352941176470587,0.2935582916359803,29.0,31.37,2.370000000000001
1221,True,18,3,13,0.75,-43,-1,1.0,-1,0,1,False,0,0.4777777777777778,0.4123898149531873,-1.0,-1.0,0.0
1224,True,15,2,2,0.99,2,25,0.01,1,0,1,False,0,0.5225,0.3680365373942414,2.0,1.24,-0.76
1225,True,17,5,27,1.0,27,28,0.99,8,0,1,False,0,0.6000000000000001,0.4358898943540673,27.0,27.799999999999997,0.7999999999999972
1226,True,18,3,28,1.0,28,98,0.25,5,3,2,False,0,0.4666666666666666,0.4115966043420212,28.0,28.25,0.25
1227,False,16,1,-5,0.95,-22,93,0.1,-20,0,1,False,0,0.5875,0.4096746676734275,-5.850000000000001,-8.7,-2.849999999999998
1228,False,16,1,13,1.0,13,35,0.05,14,0,1,False,0,0.7,0.3577708763999663,13.0,15.049999999999999,2.049999999999999
1228,True,16,3,13,1.0,13,35,0.05,14,0,1,False,0,0.925,0.1437590576856521,13.0,15.049999999999999,2.049999999999999
1229,False,16,1,15,1.0,15,16,0.75,1,1,8,False,0,0.375,0.4057914078275521,15.0,12.25,-2.75
1230,True,17,3,84,0.25,8,100,0.2,10,3,2,False,0,0.5529411764705882,0.3502100210210002,27.0,28.0,1.0
1232,True,17,2,18,1.0,18,42,0.05,15,0,1,False,0,0.6235294117647058,0.4176263457995464,18.0,16.35,-1.6499999999999986
1233,False,16,1,19,1.0,19,49,0.6,-22,0,1,False,0,0.2375,0.2655183609470351,19.0,20.599999999999998,1.5999999999999979
1233,True,16,3,19,1.0,19,49,0.6,-22,0,1,False,0,0.425,0.4123105625617661,19.0,20.599999999999998,1.5999999999999979
1236,True,15,2,-3,0.95,-4,-2,0.5,-3,1,6,False,0,0.76,0.3042555317022659,-3.05,-2.5,0.5499999999999998
1241,True,15,4,8,1.0,8,8,0.9,-19,0,1,False,0,0.3066666666666667,0.4333699618219101,8.0,5.300000000000001,-2.6999999999999993
1243,True,17,5,27,1.0,27,64,0.01,28,2,4,False,0,0.7647058823529411,0.362182924208521,27.0,28.36,1.3599999999999994
1244,True,17,5,-3,0.6,-6,-6,0.8,-12,2,7,False,0,0.6941176470588235,0.3613699424331217,-4.2,-7.2,-3.0
1245,True,17,5,3,0.25,-2,-1,1.0,-1,1,6,False,0,0.4,0.406201920231798,-0.75,-1.0,-0.25
1247,True,18,5,23,1.0,23,25,0.75,14,2,2,False,0,0.4888888888888888,0.4404394715560529,23.0,22.25,-0.75
1248,False,17,1,54,0.01,-2,4,0.75,-22,1,8,False,0,0.5529411764705884,0.3842486939776497,-1.44,-2.5,-1.06
1248,True,16,5,54,0.01,-2,4,0.75,-22,1,8,False,0,0.75,0.3306559138036599,-1.44,-2.5,-1.06
1249,True,15,3,17,0.95,15,27,0.5,5,0,1,False,0,0.4266666666666667,0.3692979181920098,16.9,16.0,-0.8999999999999986
1250,False,17,1,72,0.4,-35,16,0.2,7,0,1,False,0,0.5764705882352941,0.4115966043420212,7.800000000000001,8.8,1.0
1251,True,17,2,8,0.95,-14,36,0.25,1,0,1,False,-1,0.7647058823529411,0.3180824902257829,6.899999999999999,9.75,2.8500000000000014
1254,True,17,5,27,1.0,27,54,0.5,-6,1,4,False,0,0.4705882352941176,0.3869184440588755,27.0,24.0,-3.0
1255,False,17,1,30,0.05,2,3,1.0,3,0,1,False,0,0.3529411764705882,0.4094472601245848,3.4,3.0,-0.3999999999999999
1255,True,15,3,30,0.05,2,3,1.0,3,0,1,False,0,0.16,0.2848558532711889,3.4,3.0,-0.3999999999999999
1256,True,17,2,32,0.5,8,24,0.8,17,0,1,False,0,0.5411764705882354,0.4169214907051023,20.0,22.6,2.6000000000000014
1260,False,16,1,-4,1.0,-4,118,0.2,-37,1,4,False,0,0.6249999999999999,0.3568379650952703,-4.0,-6.0,-2.0
1260,True,16,3,-4,1.0,-4,118,0.2,-37,1,4,False,0,0.45,0.3898717737923585,-4.0,-6.0,-2.0
1261,True,17,3,74,0.25,-7,13,1.0,13,0,1,False,0,0.6705882352941177,0.3077432084594901,13.25,13.0,-0.25
1263,True,15,5,69,0.01,9,13,0.5,4,0,1,False,-1,0.3733333333333333,0.2711527420547495,9.6,8.5,-1.0999999999999996
1264,True,18,2,-8,1.0,-8,52,0.4,-43,0,1,False,0,0.6888888888888889,0.3771236166328253,-8.0,-5.0,3.0
1268,True,15,2,20,0.9,-30,14,0.25,12,2,2,False,0,0.52,0.3764495792457281,15.0,12.5,-2.5
1272,True,17,2,14,0.4,-21,-4,0.4,-10,3,2,False,0,0.2705882352941176,0.373772500798201,-6.999999999999999,-7.6,-0.6000000000000005
1274,True,16,4,8,0.95,-11,10,0.05,10,0,1,False,0,0.8374999999999999,0.2753785273643051,7.049999999999999,10.0,2.950000000000001
1275,True,16,5,28,0.8,22,32,0.4,29,0,1,False,-1,0.6875,0.3649200825751671,26.8,30.2,3.3999999999999986
1276,True,16,2,9,1.0,9,80,0.05,4,2,4,False,0,0.4125,0.4529532720564746,9.0,7.8,-1.2000000000000002
1277,True,15,2,0,1.0,0,92,0.1,-14,0,1,True,0,0.5333333333333333,0.4386125310350269,0.0,-3.3999999999999986,-3.3999999999999986
1279,True,15,5,9,1.0,9,41,0.6,-36,1,8,False,0,0.5999999999999999,0.3779644730092273,9.0,10.199999999999998,1.1999999999999975
1280,True,15,2,4,1.0,4,13,0.5,-8,0,1,False,0,0.3866666666666666,0.3159264531651691,4.0,2.5,-1.5
1282,False,16,1,-6,1.0,-6,-1,0.9,-19,2,6,False,0,0.775,0.2909753712372692,-6.0,-2.7999999999999994,3.2000000000000006
1284,True,16,4,21,0.75,-11,62,0.1,7,0,1,True,0,0.5749999999999998,0.3714835124201342,13.0,12.5,-0.5
1286,True,17,2,3,1.0,3,14,0.25,3,0,1,False,0,0.7999999999999999,0.3464101615137754,3.0,5.75,2.75
1287,True,16,5,9,1.0,9,9,0.05,7,1,8,False,0,0.2375,0.311715682420161,9.0,7.1,-1.9000000000000004
1289,True,17,4,10,0.75,2,8,1.0,8,0,1,False,0,0.4823529411764706,0.4126670784628437,8.0,8.0,0.0
1290,True,18,3,0,1.0,0,2,0.9,-13,1,8,False,0,0.7666666666666667,0.3834824944236852,0.0,0.5000000000000002,0.5000000000000002
1292,True,16,5,65,0.4,-13,27,0.4,8,2,7,True,0,0.7875000000000001,0.2362907813126304,18.2,15.600000000000001,-2.599999999999998
1293,True,17,3,23,0.6,6,84,0.1,6,1,2,False,0,0.4352941176470588,0.4076474832354976,16.2,13.8,-2.3999999999999986
1295,False,31,1,54,0.2,-10,84,0.05,-4,0,1,False,0,0.5741935483870968,0.3924009360636846,2.8000000000000007,0.40000000000000036,-2.4000000000000004
1295,True,15,4,54,0.2,-10,84,0.05,-4,0,1,False,0,0.3733333333333333,0.4199773236508757,2.8000000000000007,0.40000000000000036,-2.4000000000000004
1296,True,17,3,16,1.0,16,108,0.1,2,0,1,False,0,0.4117647058823529,0.4151541173786797,16.0,12.600000000000001,-3.3999999999999986
1300,False,18,1,29,1.0,29,51,0.25,24,1,2,False,0,0.8111111111111112,0.2867441755680876,29.0,30.75,1.75
1300,True,17,3,29,1.0,29,51,0.25,24,1,2,False,0,0.8823529411764706,0.1878672873255448,29.0,30.75,1.75
1301,False,16,1,4,1.0,4,11,0.2,0,0,1,False,0,0.3125000000000001,0.3575378767813745,4.0,2.2,-1.7999999999999998
1302,True,31,5,-3,1.0,-3,57,0.1,-11,3,2,False,0,0.5548387096774193,0.3784518548661281,-3.0,-4.2,-1.2000000000000002
1303,True,19,5,44,0.5,16,89,0.4,-6,0,1,False,0,0.4526315789473685,0.3991218430680475,30.0,32.0,2.0
1304,True,18,3,63,0.5,-17,50,0.01,25,0,1,False,0,0.7444444444444446,0.2812204959107026,23.0,25.25,2.25
1305,False,18,1,96,0.4,-31,31,0.8,-15,3,5,False,0,0.7111111111111111,0.3233808333817773,19.800000000000008,21.8,1.999999999999993
1305,True,16,2,96,0.4,-31,31,0.8,-15,3,5,False,0,0.5750000000000001,0.405791407827552,19.800000000000008,21.8,1.999999999999993
1306,True,16,3,89,0.25,-35,45,0.05,-5,1,4,False,0,0.525,0.3492849839314596,-4.0,-2.5,1.5
1307,True,18,2,19,0.9,-27,24,0.8,-17,1,8,False,0,0.7555555555555555,0.3601016559450665,14.400000000000002,15.800000000000004,1.4000000000000021
1308,False,18,1,-4,1.0,-4,-7,0.95,-10,2,3,False,0,0.2,0.3429971702850177,-4.0,-7.15,-3.1500000000000004
1308,True,15,3,-4,1.0,-4,-7,0.95,-10,2,3,False,0,0.1466666666666666,0.277402921672395,-4.0,-7.15,-3.1500000000000004
1309,False,16,1,3,0.75,-25,-4,0.75,-11,1,8,False,0,0.2625,0.307408522978788,-4.0,-5.75,-1.75
1309,True,15,5,3,0.75,-25,-4,0.75,-11,1,8,False,0,0.3200000000000001,0.4262795863213318,-4.0,-5.75,-1.75
1312,True,18,3,5,1.0,5,8,0.95,2,1,6,False,0,0.9111111111111108,0.2494438257849294,5.0,7.699999999999999,2.6999999999999993
1313,True,20,5,54,0.6,-46,13,0.4,12,0,1,False,0,0.64,0.3761298767853018,13.999999999999996,12.399999999999999,-1.5999999999999979
1315,False,16,1,19,0.75,-16,9,0.01,9,3,3,False,0,0.6000000000000001,0.3723797345005051,10.25,9.0,-1.25
1315,True,16,5,19,0.75,-16,9,0.01,9,3,3,False,0,0.5875,0.3757215280851852,10.25,9.0,-1.25
1316,True,18,2,79,0.01,-4,45,0.4,-33,3,4,False,0,0.5888888888888889,0.3251947631603684,-3.17,-1.8000000000000007,1.3699999999999992
1317,True,16,2,7,1.0,7,35,0.05,4,0,1,False,0,0.2625,0.3630886025935451,7.0,5.55,-1.4500000000000002
1318,False,16,1,-1,1.0,-1,1,0.9,-18,0,1,False,0,0.6249999999999999,0.3492849839314596,-1.0,-0.8999999999999996,0.10000000000000042
1318,True,16,4,-1,1.0,-1,1,0.9,-18,0,1,False,0,0.625,0.4312771730569565,-1.0,-0.8999999999999996,0.10000000000000042
1320,True,18,4,25,1.0,25,37,0.01,27,1,2,False,0,0.8444444444444444,0.2705598166378093,25.0,27.1,2.1000000000000014
1324,True,18,2,-3,1.0,-3,13,0.2,-3,2,3,False,0,0.8555555555555556,0.3275977128093365,-3.0,0.19999999999999973,3.1999999999999997
1325,False,16,1,17,0.95,-12,16,1.0,16,2,7,False,0,0.8500000000000001,0.2780887148615228,15.549999999999997,16.0,0.45000000000000284
1325,True,16,2,17,0.95,-12,16,1.0,16,2,7,False,0,0.65,0.3966526608171605,15.549999999999997,16.0,0.45000000000000284
1326,True,16,2,-8,1.0,-8,2,0.6,-28,0,1,True,0,0.5499999999999999,0.3540244812627134,-8.0,-10.000000000000002,-2.0000000000000018
1328,False,16,1,51,0.2,-24,117,0.1,-21,1,4,False,0,0.7125,0.3575378767813745,-9.000000000000002,-7.200000000000001,1.8000000000000007
1328,True,15,4,51,0.2,-24,117,0.1,-21,1,4,False,0,0.6133333333333333,0.3888934240098375,-9.000000000000002,-7.200000000000001,1.8000000000000007
1331,False,16,1,13,1.0,13,88,0.01,12,0,1,False,0,0.6375,0.3879432948254165,13.0,12.76,-0.2400000000000002
1331,True,16,4,13,1.0,13,88,0.01,12,0,1,False,0,0.6000000000000001,0.4320493798938573,13.0,12.76,-0.2400000000000002
1334,True,17,5,11,1.0,11,21,0.6,-5,3,2,False,0,0.5529411764705882,0.3429971702850177,11.0,10.6,-0.40000000000000036
1336,False,16,1,8,0.99,-17,17,0.5,-4,0,1,False,0,0.3375,0.4177319714841085,7.75,6.5,-1.25
1337,False,16,1,36,0.5,-46,17,0.01,-8,0,1,False,-1,0.4625,0.3774917217635375,-5.0,-7.75,-2.75
1337,True,16,4,36,0.5,-46,17,0.01,-8,0,1,False,-1,0.2625,0.3159641329855864,-5.0,-7.75,-2.75
1338,False,16,1,-3,1.0,-3,13,0.6,-24,1,2,False,0,0.7375,0.3556683848755748,-3.0,-1.8000000000000016,1.1999999999999984
1338,True,16,5,-3,1.0,-3,13,0.6,-24,1,2,False,0,0.8250000000000001,0.2408318915758459,-3.0,-1.8000000000000016,1.1999999999999984
1339,True,15,2,-2,1.0,-2,-1,0.75,-11,0,1,False,0,0.4399999999999999,0.3135055251278903,-2.0,-3.5,-1.5
1340,True,18,4,68,0.2,-20,74,0.1,-8,0,1,False,-1,0.6666666666666666,0.3429971702850177,-2.3999999999999986,0.20000000000000018,2.5999999999999988
1341,False,16,1,-4,1.0,-4,-4,1.0,-4,1,6,False,0,0.5875,0.4161329915623929,-4.0,-4.0,0.0
1341,True,16,4,-4,1.0,-4,-4,1.0,-4,1,6,False,0,0.4375,0.4145278438577236,-4.0,-4.0,0.0
1342,True,17,4,24,1.0,24,46,0.01,25,0,1,False,0,0.9058823529411764,0.2014652210534554,24.0,25.21,1.2100000000000009
1343,False,16,1,36,0.25,5,119,0.2,-11,0,1,False,0,0.3604166666666666,0.3129829601325499,12.75,15.0,2.25
1343,True,16,3,36,0.25,5,119,0.2,-11,0,1,False,0,0.3750000000000001,0.3991657967979388,12.75,15.0,2.25
1344,False,16,1,19,1.0,19,50,0.6,-24,0,1,False,0,0.3875,0.3138470965295043,19.0,20.4,1.3999999999999986
1344,True,16,2,19,1.0,19,50,0.6,-24,0,1,False,0,0.4625,0.3159641329855863,19.0,20.4,1.3999999999999986
1345,True,17,2,18,1.0,18,21,0.9,-26,3,4,False,0,0.5294117647058824,0.3386825687172889,18.0,16.300000000000004,-1.6999999999999957
1347,True,15,4,12,1.0,12,96,0.2,-10,0,1,False,0,0.2933333333333334,0.2491891612715892,12.0,11.200000000000003,-0.7999999999999972
1348,True,15,5,-2,1.0,-2,-2,1.0,-2,3,2,False,0,0.5733333333333335,0.3369329451445933,-2.0,-2.0,0.0
1349,False,16,1,24,0.75,1,22,0.95,-37,3,5,False,1,0.2,0.3098386676965933,18.25,19.049999999999997,0.7999999999999972
1349,True,16,5,24,0.75,1,22,0.95,-37,3,5,False,1,0.3,0.3098386676965933,18.25,19.049999999999997,0.7999999999999972
1350,True,17,3,-8,1.0,-8,9,0.1,-11,2,7,False,0,0.5529411764705884,0.3970479301337931,-8.0,-9.0,-1.0
1352,False,16,1,-7,1.0,-7,-9,0.75,-14,0,1,False,0,0.1875,0.2578759391645526,-7.0,-10.25,-3.25
1352,True,16,5,-7,1.0,-7,-9,0.75,-14,0,1,False,0,0.1125,0.1927865832122834,-7.0,-10.25,-3.25
1355,True,18,3,42,0.5,-8,32,0.4,3,0,1,True,0,0.7,0.3235828832817662,17.0,14.600000000000001,-2.3999999999999986
1356,True,15,3,13,1.0,13,90,0.1,8,0,1,False,0,0.4800000000000001,0.3839642840533107,13.0,16.2,3.1999999999999993
1357,True,17,4,33,0.25,17,21,1.0,21,0,1,False,0,0.4705882352941176,0.4119537381223056,21.0,21.0,0.0
1360,True,18,2,109,0.2,-26,19,0.5,-13,0,1,False,0,0.5111111111111113,0.3644316911525943,1.0,3.0,2.0
1365,True,15,4,40,0.01,-3,46,0.25,-23,0,1,False,0,0.52,0.4126568965687042,-2.57,-5.75,-3.18
1366,True,15,4,33,0.1,23,24,0.99,-23,3,5,False,0,0.3466666666666667,0.4307247491424304,24.0,23.529999999999998,-0.4700000000000024
1372,True,17,4,23,1.0,23,31,0.2,21,1,2,False,0,0.5529411764705883,0.4155081934493343,23.0,23.0,0.0
1373,True,19,5,15,1.0,15,45,0.05,17,1,8,False,0,0.7789473684210527,0.2820144743496157,15.0,18.4,3.3999999999999986
1374,True,15,3,14,1.0,14,46,0.2,2,3,6,False,0,0.5333333333333333,0.3598941643369749,14.0,10.8,-3.1999999999999993
1375,True,17,5,30,1.0,30,33,0.6,29,2,6,False,0,0.4941176470588236,0.4307995302853958,30.0,31.400000000000002,1.4000000000000021
1379,True,16,4,-9,1.0,-9,3,0.1,-11,0,1,True,0,0.6375000000000001,0.3364025366531392,-9.0,-9.6,-0.5999999999999996
1381,False,16,1,-10,1.0,-10,15,0.01,-13,1,8,True,0,0.8750000000000001,0.2175622516277429,-10.0,-12.719999999999999,-2.719999999999999
1383,True,15,2,48,0.05,9,24,0.25,11,1,6,False,-1,0.7333333333333333,0.2794552524023087,10.95,14.25,3.3000000000000007
1386,True,15,2,15,0.2,0,3,0.99,-1,1,6,True,0,0.6266666666666667,0.3195234546871921,3.0,2.96,-0.040000000000000036
1387,False,16,1,25,1.0,25,96,0.01,22,0,1,True,0,0.7374999999999999,0.3844910055298216,25.0,22.740000000000002,-2.259999999999998
1387,True,15,2,25,1.0,25,96,0.01,22,0,1,True,0,0.7066666666666667,0.384460041889302,25.0,22.740000000000002,-2.259999999999998
1388,False,16,1,27,1.0,27,62,0.25,16,0,1,False,0,0.4625,0.4112987559751022,27.0,27.5,0.5
1388,True,30,5,27,1.0,27,62,0.25,16,0,1,False,0,0.5266666666666667,0.3503036449684201,27.0,27.5,0.5
1389,True,17,3,29,1.0,29,57,0.1,28,2,5,False,0,0.6235294117647059,0.3733788487660788,29.0,30.9,1.8999999999999986
1390,False,16,1,-2,0.99,-29,5,0.01,-1,0,1,False,0,0.85,0.2,-2.2700000000000005,-0.94,1.3300000000000005
1390,True,15,3,-2,0.99,-29,5,0.01,-1,0,1,False,0,0.8533333333333334,0.3159264531651691,-2.2700000000000005,-0.94,1.3300000000000005
1392,True,15,5,29,1.0,29,34,0.8,1,2,6,False,0,0.4400000000000001,0.3641035959331198,29.0,27.400000000000002,-1.5999999999999979
1396,True,15,4,-3,1.0,-3,16,0.6,-28,3,5,False,0,0.6799999999999999,0.360951124510943,-3.0,-1.6000000000000014,1.3999999999999986
1399,True,15,2,17,1.0,17,73,0.01,19,3,3,False,0,0.9066666666666668,0.1486446705914413,17.0,19.54,2.539999999999999
1402,True,15,5,32,0.1,30,38,0.75,16,3,3,False,0,0.4666666666666667,0.3754362541795624,30.2,32.5,2.3000000000000007
1403,False,16,1,-9,0.99,-16,-3,0.8,-34,0,1,False,0,0.4,0.4442221666388715,-9.07,-9.2,-0.129999999999999
1405,True,15,5,7,1.0,7,50,0.4,-24,3,2,False,0,0.4666666666666667,0.3265986323710904,7.0,5.600000000000001,-1.3999999999999986
1406,True,15,5,18,0.75,-1,18,0.6,5,3,6,False,0,0.5866666666666667,0.4172472146045293,13.25,12.799999999999999,-0.45000000000000107
1408,False,16,1,36,0.2,15,69,0.4,-16,3,3,False,-1,0.3375,0.3480900266693469,19.2,18.0,-1.1999999999999993
1409,True,16,2,29,1.0,29,36,0.6,23,0,1,True,0,0.5875,0.4349329450233296,29.0,30.799999999999997,1.7999999999999972
1410,True,15,2,21,0.1,-7,4,0.5,-10,0,1,False,0,0.52,0.352946778667023,-4.199999999999999,-3.0,1.1999999999999993
1411,False,31,1,22,0.25,10,14,0.99,-3,2,7,False,0,0.4580645161290324,0.3273878368219026,13.0,13.83,0.8300000000000001
1411,True,15,2,22,0.25,10,14,0.99,-3,2,7,False,0,0.3866666666666667,0.3814758308514571,13.0,13.83,0.8300000000000001
1413,True,16,4,76,0.6,-39,55,0.25,22,0,1,False,0,0.7625,0.3593976442141304,30.0,30.25,0.25
1416,True,15,3,3,1.0,3,20,0.75,-35,0,1,False,0,0.6266666666666667,0.3104528182847634,3.0,6.25,3.25
1420,False,15,1,30,1.0,30,28,0.99,26,1,6,False,0,0.2533333333333333,0.341983012666391,30.0,27.98,-2.0199999999999996
1420,True,15,3,30,1.0,30,28,0.99,26,1,6,False,0,0.16,0.2947153590452029,30.0,27.98,-2.0199999999999996
1421,True,15,3,11,1.0,11,41,0.5,-20,0,1,False,0,0.4,0.3625307868699863,11.0,10.5,-0.5
1424,True,19,3,61,0.1,27,92,0.5,-26,0,1,False,1,0.4421052631578948,0.3805198045272109,30.400000000000002,33.0,2.599999999999998
1426,False,15,1,31,0.5,-7,68,0.05,7,1,8,False,0,0.6666666666666666,0.3976119189552021,12.0,10.05,-1.9499999999999993
1427,True,17,4,25,1.0,25,26,0.4,19,0,1,True,0,0.3176470588235294,0.3811746550428804,25.0,21.8,-3.1999999999999993
1428,False,15,1,2,1.0,2,8,0.4,-4,0,1,False,0,0.36,0.322490309931942,2.0,0.8000000000000003,-1.1999999999999997
1432,True,17,3,20,1.0,20,37,0.4,12,1,8,True,0,0.6941176470588235,0.3880570000581328,20.0,22.0,2.0
1434,True,16,4,58,0.05,22,24,1.0,24,1,4,False,0,0.3875,0.4349329450233296,23.799999999999997,24.0,0.20000000000000284
1437,True,15,4,87,0.2,11,29,0.9,-15,1,2,False,0,0.4725925925925926,0.2878450821175094,26.200000000000003,24.6,-1.6000000000000014
1438,False,16,1,12,1.0,12,13,0.6,5,0,1,False,0,0.325,0.4312771730569565,12.0,9.8,-2.1999999999999993
1441,False,16,1,49,0.25,17,37,0.4,19,2,2,True,0,0.625,0.3568379650952703,25.0,26.200000000000003,1.2000000000000028
1441,True,16,2,49,0.25,17,37,0.4,19,2,2,True,0,0.5375,0.3981205847478877,25.0,26.200000000000003,1.2000000000000028
1443,True,18,4,26,1.0,26,58,0.2,16,1,8,False,0,0.6666666666666666,0.3819454842528923,26.0,24.400000000000002,-1.5999999999999979
1444,True,16,4,101,0.4,-22,27,1.0,27,0,1,False,0,0.5750000000000001,0.2720294101747089,27.200000000000006,27.0,-0.2000000000000064
1447,True,17,3,85,0.25,-39,1,0.4,-17,0,1,False,0,0.2705882352941176,0.3869184440588755,-8.0,-9.799999999999999,-1.799999999999999
1450,True,20,2,23,0.5,-33,70,0.4,-50,0,1,True,0,0.65,0.3486817278958291,-5.0,-2.0,3.0
1451,True,15,2,22,1.0,22,25,0.9,18,0,1,False,0,0.7333333333333333,0.3177300441449957,22.0,24.3,2.3000000000000007
1454,False,17,1,16,1.0,16,35,0.1,13,0,1,False,0,0.4941176470588236,0.4422535870901644,16.0,15.200000000000001,-0.7999999999999989
1454,True,15,4,16,1.0,16,35,0.1,13,0,1,False,0,0.5466666666666666,0.3961721607488101,16.0,15.200000000000001,-0.7999999999999989
1456,False,16,1,8,1.0,8,13,0.75,6,0,1,True,0,0.7999999999999999,0.2732520204255893,8.0,11.25,3.25
1456,True,15,2,8,1.0,8,13,0.75,6,0,1,True,0,0.8933333333333333,0.1667618775665584,8.0,11.25,3.25
1458,False,16,1,-7,1.0,-7,5,0.75,-35,1,2,False,0,0.6,0.4066120181860508,-7.0,-5.0,2.0
1458,True,15,3,-7,1.0,-7,5,0.75,-35,1,2,False,0,0.8,0.3295017884191655,-7.0,-5.0,2.0
1459,True,18,3,27,1.0,27,88,0.5,-30,1,6,False,0,0.5666666666666668,0.2930569107548506,27.0,29.0,2.0
1460,True,16,2,-1,1.0,-1,92,0.05,-8,0,1,False,0,0.55,0.4351245032554858,-1.0,-2.999999999999999,-1.9999999999999991
1465,True,17,4,3,1.0,3,11,0.6,-2,1,8,False,0,0.8117647058823529,0.3120143284794316,3.0,5.8,2.8
1468,False,17,1,-6,1.0,-6,81,0.25,-35,0,1,False,0,0.5176470588235295,0.3678234870791408,-6.0,-6.0,0.0
1471,True,16,2,14,1.0,14,51,0.25,-2,1,4,False,0,0.4000000000000001,0.3651483716701107,14.0,11.25,-2.75
1474,False,17,1,75,0.2,-25,8,0.5,-16,0,1,False,0,0.3764705882352941,0.3455600739464592,-5.0,-4.0,1.0
1474,True,15,2,75,0.2,-25,8,0.5,-16,0,1,False,0,0.6266666666666667,0.4131182235954578,-5.0,-4.0,1.0
1475,True,16,2,6,0.95,-10,42,0.25,-7,0,1,True,0,0.5499999999999999,0.3540244812627134,5.199999999999999,5.25,0.05000000000000071
1477,False,17,1,12,1.0,12,73,0.25,-6,1,6,True,0,0.7058823529411765,0.3091734712004212,12.0,13.75,1.75
1477,True,15,2,12,1.0,12,73,0.25,-6,1,6,True,0,0.4933333333333334,0.3195234546871921,12.0,13.75,1.75
1478,True,15,4,1,1.0,1,59,0.2,-15,0,1,True,0,0.4533333333333334,0.4033195589934446,1.0,-0.1999999999999993,-1.1999999999999993
1479,False,16,1,28,0.95,-4,33,0.25,28,3,3,False,0,0.8624999999999999,0.2704933763822446,26.4,29.25,2.8500000000000014
1482,True,15,5,10,1.0,10,58,0.01,10,0,1,False,0,0.6400000000000001,0.4084815085865489,10.0,10.48,0.4800000000000004
1486,False,16,1,5,1.0,5,10,0.5,-2,3,5,False,0,0.3875,0.2963668897386031,5.0,4.0,-1.0
1486,True,15,4,5,1.0,5,10,0.5,-2,3,5,False,0,0.44,0.4289522117905442,5.0,4.0,-1.0
1487,True,16,3,-10,1.0,-10,44,0.1,-15,2,2,True,0,0.85,0.2581988897471611,-10.0,-9.1,0.9000000000000004
1489,True,18,3,8,1.0,8,11,0.9,-37,1,2,False,0,0.4777777777777778,0.4123898149531873,8.0,6.200000000000001,-1.799999999999999
1492,True,16,2,18,0.2,-9,7,0.4,-7,1,8,True,0,0.7375,0.3480900266693469,-3.6,-1.4,2.2
1496,False,16,1,54,0.4,-16,38,0.05,10,0,1,True,0,0.8624999999999999,0.2704933763822446,12.000000000000002,11.4,-0.6000000000000014
1496,True,15,2,54,0.4,-16,38,0.05,10,0,1,True,0,0.7200000000000001,0.3687817782917155,12.000000000000002,11.4,-0.6000000000000014
1497,True,17,4,7,1.0,7,87,0.01,4,0,1,False,0,0.3411764705882353,0.4047511944537838,7.0,4.83,-2.17
1498,False,16,1,83,0.25,-5,30,0.6,-1,0,1,False,1,0.725,0.2816617356570348,17.0,17.6,0.6000000000000014
1498,True,16,4,83,0.25,-5,30,0.6,-1,0,1,False,1,0.575,0.3336665001664586,17.0,17.6,0.6000000000000014
1499,True,15,5,23,1.0,23,49,0.5,-7,0,1,True,0,0.3466666666666667,0.4307247491424303,23.0,21.0,-2.0
1500,True,18,2,19,1.0,19,48,0.05,16,0,1,False,0,0.4111111111111112,0.4254947139906522,19.0,17.6,-1.3999999999999986
1501,True,15,3,30,1.0,30,57,0.5,4,0,1,False,0,0.2533333333333333,0.39617216074881,30.0,30.5,0.5
1503,False,16,1,21,1.0,21,68,0.4,-7,0,1,False,0,0.475,0.4057914078275521,21.0,23.000000000000004,2.0000000000000036
1503,True,15,2,21,1.0,21,68,0.4,-7,0,1,False,0,0.3066666666666667,0.3534860406754147,21.0,23.000000000000004,2.0000000000000036
1504,True,15,3,-9,1.0,-9,-1,0.6,-19,0,1,False,0,0.64,0.3135055251278903,-9.0,-8.200000000000001,0.7999999999999989
1505,False,16,1,19,1.0,19,60,0.4,-6,2,6,False,0,0.4125,0.4161329915623929,19.0,20.4,1.3999999999999986
1505,True,16,3,19,1.0,19,60,0.4,-6,2,6,False,0,0.6749999999999999,0.3,19.0,20.4,1.3999999999999986
1510,True,15,2,61,0.4,-46,100,0.1,-14,3,6,False,0,0.5733333333333335,0.3283436063174123,-3.1999999999999957,-2.5999999999999996,0.5999999999999961
1512,True,15,3,11,0.8,-13,4,0.8,0,2,4,True,0,0.4933333333333334,0.3283436063174123,6.200000000000001,3.2,-3.000000000000001
1513,False,16,1,33,0.4,20,80,0.5,-29,1,6,True,0,0.525,0.4553387017741116,25.200000000000003,25.5,0.29999999999999716
1515,False,16,1,15,1.0,15,76,0.2,-1,1,6,False,0,0.425,0.4187282332651256,15.0,14.4,-0.5999999999999996
1515,True,16,5,15,1.0,15,76,0.2,-1,1,6,False,0,0.4,0.3794733192202056,15.0,14.4,-0.5999999999999996
1516,True,15,2,5,1.0,5,78,0.4,-45,1,4,False,0,0.4266666666666667,0.376955220278534,5.0,4.200000000000003,-0.7999999999999972
1519,False,16,1,25,1.0,25,69,0.5,-19,1,2,True,0,0.5625,0.4272001872658766,25.0,25.0,0.0
1519,True,15,3,25,1.0,25,69,0.5,-19,1,2,True,0,0.52,0.3839642840533107,25.0,25.0,0.0
1520,True,18,2,-7,1.0,-7,6,0.75,-34,1,6,False,0,0.7333333333333334,0.2656844656620286,-7.0,-4.0,3.0
1521,True,15,2,-1,1.0,-1,3,0.8,-17,0,1,False,0,0.5333333333333333,0.3677473252630061,-1.0,-0.9999999999999991,8.881784197001252e-16
1522,False,16,1,39,0.5,-31,96,0.2,-21,0,1,False,1,0.175,0.2720294101747089,4.0,2.400000000000002,-1.5999999999999979
1522,True,16,5,39,0.5,-31,96,0.2,-21,0,1,False,1,0.3875,0.3612478373637689,4.0,2.400000000000002,-1.5999999999999979
1527,True,15,5,22,1.0,22,38,0.4,12,0,1,False,0,0.56,0.4014260294784796,22.0,22.4,0.3999999999999986
1528,True,20,3,20,0.99,5,20,1.0,20,0,1,False,0,0.8899999999999999,0.2468752081944492,19.85,20.0,0.14999999999999858
1530,True,15,5,49,0.1,7,48,0.05,9,1,8,True,-1,0.7599999999999999,0.33123146848433,11.2,10.95,-0.25
1532,False,16,1,18,1.0,18,52,0.25,7,0,1,False,0,0.4749999999999999,0.4187282332651254,18.0,18.25,0.25
1533,True,20,3,20,0.8,-13,88,0.4,-37,0,1,False,0,0.26,0.2521486612465374,13.4,13.000000000000004,-0.3999999999999968
1535,False,16,1,16,1.0,16,89,0.1,8,1,4,False,0,0.4125000000000001,0.4096746676734276,16.0,16.1,0.10000000000000142
1535,True,17,4,16,1.0,16,89,0.1,8,1,4,False,0,0.5058823529411766,0.3472581680740104,16.0,16.1,0.10000000000000142
1541,False,16,1,100,0.1,-16,54,0.05,-7,1,8,True,0,0.7999999999999999,0.2828427124746189,-4.4,-3.9499999999999993,0.45000000000000107
1543,False,16,1,19,1.0,19,69,0.05,13,0,1,False,0,0.3625,0.3810074364978545,19.0,15.8,-3.1999999999999993
1543,True,15,2,19,1.0,19,69,0.05,13,0,1,False,0,0.44,0.3718678720805473,19.0,15.8,-3.1999999999999993
1547,True,17,2,16,0.95,12,67,0.01,17,0,1,False,0,0.8352941176470587,0.2029198624783569,15.8,17.5,1.6999999999999993
1548,True,15,5,13,0.5,-5,4,1.0,4,1,2,False,0,0.6933333333333334,0.3990464825532174,4.0,4.0,0.0
1549,False,16,1,106,0.25,-30,18,0.2,0,0,1,False,0,0.4875,0.3862210075418822,4.0,3.6,-0.3999999999999999
1550,True,15,3,29,1.0,29,34,0.1,26,1,6,True,0,0.64,0.3397478056273085,29.0,26.800000000000004,-2.1999999999999957
1553,True,15,4,7,1.0,7,9,0.6,6,0,1,False,0,0.6666666666666667,0.3903600291794133,7.0,7.8,0.7999999999999998
1559,False,16,1,6,0.95,-43,116,0.2,-28,0,1,False,0,0.3875,0.4161329915623929,3.549999999999997,0.8000000000000007,-2.7499999999999964
1560,True,16,2,30,1.0,30,30,1.0,30,2,2,True,0,0.4875,0.4897278155601674,30.0,30.0,0.0
1563,True,16,5,11,0.8,-29,47,0.2,-5,0,1,False,1,0.4625,0.3403429642777023,3.0000000000000018,5.4,2.3999999999999986
1564,False,16,1,8,0.75,-12,66,0.25,-15,1,8,False,0,0.625,0.4312771730569565,3.0,5.25,2.25
1564,True,15,5,8,0.75,-12,66,0.25,-15,1,8,False,0,0.5466666666666667,0.4240395309514477,3.0,5.25,2.25
1566,True,16,4,26,0.99,22,26,0.9,12,0,1,False,0,0.0375,0.1087811258138714,25.959999999999997,24.6,-1.3599999999999959
1567,True,16,5,24,1.0,24,67,0.2,17,1,6,False,0,0.6625000000000001,0.3774917217635375,24.0,27.0,3.0
1570,False,16,1,-9,0.99,-38,3,0.6,-26,0,1,False,0,0.55,0.4531372124791047,-9.290000000000001,-8.600000000000001,0.6899999999999995
1571,True,17,3,19,0.4,1,14,0.5,5,0,1,False,0,0.4941176470588234,0.3944467458277704,8.200000000000001,9.5,1.299999999999999
1573,False,16,1,73,0.1,1,31,0.6,-21,0,1,True,0,0.2875,0.3862210075418822,8.200000000000001,10.199999999999998,1.9999999999999964
1573,True,15,3,73,0.1,1,31,0.6,-21,0,1,True,0,0.1466666666666666,0.2669046557070431,8.200000000000001,10.199999999999998,1.9999999999999964
1574,True,16,4,-2,1.0,-2,7,0.4,-9,0,1,True,0,0.6499999999999999,0.3829708431025352,-2.0,-2.599999999999999,-0.5999999999999992
1575,True,16,5,43,0.25,-10,10,0.5,-10,0,1,False,-1,0.375,0.3642343567906062,3.25,0.0,-3.25
1577,False,20,1,67,0.1,6,45,0.01,13,3,4,False,0,0.56,0.3816860103885336,12.100000000000001,13.319999999999999,1.219999999999997
1578,False,21,1,23,1.0,23,70,0.4,-14,0,1,False,0,0.3904761904761904,0.3871753632461161,23.0,19.6,-3.3999999999999986
1578,True,15,4,23,1.0,23,70,0.4,-14,0,1,False,0,0.3066666666666666,0.2814926202195987,23.0,19.6,-3.3999999999999986
1579,False,21,1,35,0.2,4,40,0.5,-15,3,4,False,0,0.5428571428571428,0.3956910771946072,10.2,12.5,2.3000000000000007
1580,False,17,1,1,0.9,-13,0,1.0,0,1,4,False,0,0.4588235294117648,0.4228753118967395,-0.3999999999999998,0.0,0.3999999999999998
1580,True,16,3,1,0.9,-13,0,1.0,0,1,4,False,0,0.4125,0.4588027898781785,-0.3999999999999998,0.0,0.3999999999999998
1584,True,16,4,-8,1.0,-8,-2,0.8,-16,2,6,False,0,0.8,0.3425395354310701,-8.0,-4.799999999999999,3.200000000000001
1585,False,17,1,-4,1.0,-4,85,0.05,-12,0,1,False,0,0.3647058823529412,0.3823303160726799,-4.0,-7.149999999999999,-3.1499999999999986
1585,True,15,3,-4,1.0,-4,85,0.05,-12,0,1,False,0,0.5333333333333333,0.3598941643369749,-4.0,-7.149999999999999,-3.1499999999999986
1587,True,16,3,11,1.0,11,22,0.25,11,1,6,False,0,0.9,0.282842712474619,11.0,13.75,2.75
1591,True,17,5,47,0.6,-8,37,0.8,-11,2,2,True,-1,0.6588235294117648,0.344707889976085,25.0,27.400000000000002,2.400000000000002
1600,False,16,1,27,1.0,27,30,0.2,23,0,1,False,0,0.4375,0.4145278438577236,27.0,24.400000000000002,-2.599999999999998
1600,True,15,4,27,1.0,27,30,0.2,23,0,1,False,0,0.3066666666666666,0.4199773236508757,27.0,24.400000000000002,-2.599999999999998
1603,False,15,1,11,0.95,-14,68,0.4,-25,0,1,True,0,0.4533333333333334,0.2875181153713043,9.749999999999998,12.200000000000003,2.4500000000000046
1606,False,16,1,16,0.4,11,53,0.01,14,2,3,False,-1,0.6375,0.3364025366531392,13.0,14.389999999999999,1.3899999999999988
1606,True,15,3,16,0.4,11,53,0.01,14,2,3,False,-1,0.7466666666666667,0.2559761893688738,13.0,14.389999999999999,1.3899999999999988
1611,False,16,1,29,1.0,29,78,0.2,19,1,4,False,0,0.4625,0.3403429642777023,29.0,30.800000000000004,1.8000000000000043
1611,True,15,3,29,1.0,29,78,0.2,19,1,4,False,0,0.6933333333333335,0.3990464825532174,29.0,30.800000000000004,1.8000000000000043
1613,False,16,1,-4,0.9,-12,10,0.25,-6,1,4,False,0,0.725,0.3785938897200183,-4.8,-2.0,2.8
1615,False,16,1,9,0.4,-6,0,1.0,0,0,1,False,0,0.3875,0.3612478373637689,4.440892098500626e-16,0.0,-4.440892098500626e-16
1616,True,19,2,14,1.0,14,30,0.75,-28,1,6,True,0,0.5789473684210527,0.3765028365961036,14.0,15.5,1.5
1619,False,16,1,-3,1.0,-3,57,0.2,-18,0,1,True,0,0.7250000000000001,0.3492849839314596,-3.0,-3.0,0.0
1619,True,15,5,-3,1.0,-3,57,0.2,-18,0,1,True,0,0.7333333333333333,0.2690370836538197,-3.0,-3.0,0.0
1623,True,18,5,-8,1.0,-8,-1,0.1,-11,0,1,False,0,0.3,0.3955636336106925,-8.0,-10.0,-2.0
1626,False,16,1,9,1.0,9,15,0.75,4,0,1,False,0,0.7749999999999999,0.3087609647175843,9.0,12.25,3.25
1629,True,17,2,-4,1.0,-4,73,0.2,-22,0,1,False,0,0.4941176470588236,0.40073461953532,-4.0,-3.0,1.0
1631,True,16,3,8,1.0,8,11,0.75,3,1,2,False,0,0.6625000000000001,0.4112987559751022,8.0,9.0,1.0
1635,False,16,1,5,1.0,5,17,0.25,4,0,1,False,0,0.6625000000000001,0.4303099657998483,5.0,7.25,2.25
1639,False,16,1,13,1.0,13,18,0.05,13,1,4,False,0,0.5625,0.4080441152620633,13.0,13.25,0.25
1640,True,16,5,0,1.0,0,4,0.1,0,0,1,False,0,0.8625,0.2895398648430529,0.0,0.4,0.4
1641,False,16,1,31,0.6,-1,48,0.4,-5,1,4,False,0,0.2625,0.3630886025935451,18.2,16.200000000000003,-1.9999999999999964
1643,True,19,2,23,0.05,-11,-1,0.1,-8,0,1,True,-1,0.4210526315789473,0.3521031215242696,-9.299999999999999,-7.3,1.9999999999999991
1645,False,16,1,13,0.4,5,9,0.6,2,0,1,False,-1,0.4375,0.3667424164178449,8.2,6.199999999999999,-2.0
1645,True,15,4,13,0.4,5,9,0.6,2,0,1,False,-1,0.3333333333333333,0.3829708431025353,8.2,6.199999999999999,-2.0
1647,True,17,3,6,1.0,6,6,1.0,6,3,5,True,0,0.4235294117647059,0.3733788487660787,6.0,6.0,0.0
1654,False,16,1,13,1.0,13,43,0.5,-21,0,1,True,0,0.3,0.3651483716701107,13.0,11.0,-2.0
1654,True,16,5,13,1.0,13,43,0.5,-21,0,1,True,0,0.375,0.3924283374069717,13.0,11.0,-2.0
1655,True,18,5,22,1.0,22,22,0.99,-13,0,1,True,0,0.1222222222222222,0.2755861252282136,22.0,21.650000000000002,-0.34999999999999787
1658,True,18,2,24,1.0,24,31,0.6,7,0,1,False,0,0.3444444444444444,0.4047108222832725,24.0,21.4,-2.6000000000000014
1660,True,16,5,22,1.0,22,24,0.75,4,0,1,True,0,0.3375,0.3703601850451351,22.0,19.0,-3.0
1666,True,16,4,30,1.0,30,42,0.5,18,0,1,False,0,0.6125,0.4161329915623929,30.0,30.0,0.0
1667,True,17,5,8,1.0,8,10,0.1,8,2,3,False,0,0.9529411764705882,0.1504893977113651,8.0,8.2,0.1999999999999993
1669,True,16,2,30,0.8,-9,24,0.9,-6,0,1,True,-1,0.1875,0.2777888886666756,22.2,21.0,-1.1999999999999993
1670,True,16,3,23,0.4,16,21,0.95,-6,1,4,False,0,0.3875000000000001,0.3827531841800928,18.8,19.65,0.8499999999999979
1671,False,31,1,-1,1.0,-1,71,0.2,-21,0,1,False,0,0.5161290322580645,0.3643229100615262,-1.0,-2.5999999999999996,-1.5999999999999996
1671,True,16,5,-1,1.0,-1,71,0.2,-21,0,1,False,0,0.525,0.3642343567906062,-1.0,-2.5999999999999996,-1.5999999999999996
1673,False,31,1,25,1.0,25,46,0.5,1,0,1,False,0,0.4516129032258064,0.3053642281406861,25.0,23.5,-1.5
1673,True,15,4,25,1.0,25,46,0.5,1,0,1,False,0,0.4933333333333333,0.3453086955726647,25.0,23.5,-1.5
1676,True,18,4,1,1.0,1,55,0.2,-13,0,1,False,0,0.3444444444444444,0.3551672716477029,1.0,0.5999999999999996,-0.40000000000000036
1680,True,17,4,7,1.0,7,24,0.01,9,2,5,False,0,0.8,0.3082207001484488,7.0,9.15,2.1500000000000004
1684,False,16,1,25,1.0,25,37,0.01,28,0,1,True,0,0.8125000000000001,0.2963668897386031,25.0,28.09,3.09
1685,False,16,1,-3,1.0,-3,28,0.05,-2,0,1,False,0,0.8375,0.311715682420161,-3.0,-0.4999999999999998,2.5
1685,True,24,5,-3,1.0,-3,28,0.05,-2,0,1,False,0,0.7833333333333333,0.317143043664728,-3.0,-0.4999999999999998,2.5
1686,False,16,1,16,0.4,6,10,1.0,10,1,2,True,0,0.4000000000000001,0.4000000000000001,10.0,10.0,0.0
1686,True,16,5,16,0.4,6,10,1.0,10,1,2,True,0,0.5375,0.3774917217635375,10.0,10.0,0.0
1687,True,16,3,91,0.1,22,52,0.8,-50,0,1,False,-1,0.2625,0.2801785145224379,28.9,31.6,2.700000000000003
1699,True,27,4,38,0.4,1,20,0.01,13,0,1,False,0,0.6296296296296297,0.3624858775125058,15.8,13.069999999999999,-2.730000000000002
1701,False,16,1,81,0.05,16,22,0.9,10,0,1,False,0,0.425,0.3642343567906063,19.25,20.8,1.5500000000000007
1701,True,23,3,81,0.05,16,22,0.9,10,0,1,False,0,0.6782608695652174,0.3232737676548391,19.25,20.8,1.5500000000000007
1702,False,32,1,25,0.05,13,18,0.1,13,1,2,False,0,0.4625,0.3748117807216602,13.6,13.500000000000002,-0.09999999999999787
1702,True,26,3,25,0.05,13,18,0.1,13,1,2,False,0,0.3692307692307692,0.3865428625849721,13.6,13.500000000000002,-0.09999999999999787
1707,False,16,1,13,1.0,13,22,0.25,6,0,1,False,0,0.35,0.3464101615137754,13.0,10.0,-3.0
1707,True,21,2,13,1.0,13,22,0.25,6,0,1,False,0,0.3809523809523809,0.4094130525753272,13.0,10.0,-3.0
1711,True,27,3,58,0.5,-8,87,0.5,-34,0,1,False,0,0.4,0.3802832952094855,25.0,26.5,1.5
1714,True,16,5,8,1.0,8,12,0.75,3,0,1,False,0,0.525,0.3924283374069717,8.0,9.75,1.75
1718,True,16,3,11,0.4,-22,-7,0.95,-39,2,6,False,1,0.5499999999999999,0.322490309931942,-8.799999999999999,-8.600000000000001,0.1999999999999975
1719,True,16,2,0,1.0,0,18,0.6,-27,2,4,False,0,0.675,0.3172801075810879,0.0,-1.7763568394002505e-15,-1.7763568394002505e-15
1721,True,27,3,14,0.8,9,98,0.01,10,0,1,False,0,0.4148148148148149,0.4110995609373098,13.0,10.88,-2.119999999999999
1722,True,16,4,110,0.25,2,43,0.8,-37,2,7,False,0,0.3625,0.3810074364978545,29.0,27.0,-2.0
1723,True,28,2,1,1.0,1,4,0.05,1,0,1,False,0,0.8071428571428572,0.3505853004762934,1.0,1.15,0.1499999999999999
1724,False,16,1,14,1.0,14,19,0.01,13,0,1,False,0,0.525,0.4312771730569565,14.0,13.059999999999999,-0.9400000000000013
1724,True,25,4,14,1.0,14,19,0.01,13,0,1,False,0,0.384,0.4431703961232068,14.0,13.059999999999999,-0.9400000000000013
1726,True,18,2,18,1.0,18,68,0.2,7,0,1,False,0,0.4222222222222223,0.4109609335312651,18.0,19.200000000000003,1.2000000000000028
1730,False,18,1,26,0.9,-44,19,1.0,19,0,1,False,0,0.6555555555555557,0.3484794233476806,19.000000000000004,19.0,-3.552713678800501e-15
1732,True,20,4,8,1.0,8,16,0.6,-2,0,1,False,0,0.46,0.4309109078757647,8.0,8.799999999999999,0.7999999999999989
1733,True,17,2,26,1.0,26,33,0.75,11,3,5,False,0,0.6941176470588235,0.3880570000581328,26.0,27.5,1.5
1735,True,19,2,25,1.0,25,27,0.95,-7,3,2,False,0,0.5263157894736842,0.4482584885025825,25.0,25.299999999999997,0.29999999999999716
1737,False,16,1,25,1.0,25,58,0.4,-2,0,1,True,0,0.2125,0.2578759391645525,25.0,22.000000000000004,-2.9999999999999964
1737,True,15,3,25,1.0,25,58,0.4,-2,0,1,True,0,0.3200000000000001,0.360951124510943,25.0,22.000000000000004,-2.9999999999999964
1738,True,17,2,-2,1.0,-2,5,0.9,-39,1,4,True,0,0.6705882352941176,0.3933266865506855,-2.0,0.600000000000001,2.600000000000001
1739,False,16,1,22,1.0,22,103,0.25,-8,0,1,False,0,0.275,0.2909753712372692,22.0,19.75,-2.25
1742,False,16,1,31,0.9,11,47,0.01,32,2,2,False,0,0.6125,0.4096746676734275,29.0,32.15,3.1499999999999986
1742,True,16,3,31,0.9,11,47,0.01,32,2,2,False,0,0.925,0.1437590576856521,29.0,32.15,3.1499999999999986
1744,True,16,5,0,1.0,0,25,0.1,-2,0,1,False,0,0.6124999999999999,0.3964425136973413,0.0,0.7,0.7
1746,True,18,5,19,0.75,-5,13,1.0,13,0,1,False,0,0.7,0.3772968873135194,13.0,13.0,0.0
1747,True,19,4,29,1.0,29,52,0.5,6,0,1,False,0,0.4315789473684209,0.3544207035257948,29.0,29.0,0.0
1748,True,18,3,21,1.0,21,65,0.1,14,2,5,True,0,0.8,0.2376354103144018,21.0,19.1,-1.8999999999999986
1750,True,17,2,-1,1.0,-1,12,0.1,-1,1,4,False,0,0.8941176470588235,0.2461467759165609,-1.0,0.30000000000000016,1.3000000000000003
1752,True,16,2,10,1.0,10,9,0.4,8,0,1,False,0,0.0375,0.0806225774829855,10.0,8.4,-1.5999999999999996
1753,True,16,2,11,1.0,11,107,0.1,-2,3,5,False,0,0.3,0.3864367132317184,11.0,8.9,-2.0999999999999996
1757,False,16,1,23,1.0,23,24,0.4,22,0,1,False,0,0.4375000000000001,0.4145278438577237,23.0,22.8,-0.1999999999999993
1757,True,15,3,23,1.0,23,24,0.4,22,0,1,False,0,0.4666666666666667,0.4117326918327103,23.0,22.8,-0.1999999999999993
1758,True,16,5,54,0.25,-7,54,0.5,-35,1,4,False,0,0.3875,0.3612478373637689,8.25,9.5,1.25
1760,True,16,4,-2,1.0,-2,6,0.8,-25,2,4,False,0,0.9,0.2422120283277993,-2.0,-0.1999999999999984,1.8000000000000016
1762,True,16,4,56,0.4,-41,4,0.4,-7,0,1,False,-1,0.4,0.3265986323710904,-2.1999999999999957,-2.6,-0.40000000000000435
1763,True,16,3,-10,0.9,-14,35,0.05,-15,0,1,False,0,0.575,0.3785938897200182,-10.4,-12.5,-2.0999999999999996
1765,True,16,3,1,1.0,1,1,1.0,1,2,8,False,0,0.5374999999999999,0.3981205847478877,1.0,1.0,0.0
1767,True,16,3,25,0.6,-30,17,0.05,2,0,1,False,0,0.6625,0.3774917217635375,3.0,2.75,-0.25
1768,True,16,2,27,0.25,7,82,0.2,-2,0,1,False,1,0.25,0.2476556749467561,12.0,14.800000000000002,2.8000000000000025
1769,True,18,5,42,0.4,19,53,0.1,22,2,3,False,0,0.5444444444444445,0.3745149368296233,28.200000000000003,25.1,-3.1000000000000014
1771,False,16,1,27,1.0,27,77,0.1,18,0,1,False,0,0.4,0.3651483716701108,27.0,23.9,-3.1000000000000014
1771,True,16,4,27,1.0,27,77,0.1,18,0,1,False,0,0.4875,0.3792536530256937,27.0,23.9,-3.1000000000000014
1772,True,16,5,6,1.0,6,20,0.5,-5,1,4,False,0,0.4875,0.35,6.0,7.5,1.5
1775,False,16,1,-6,1.0,-6,11,0.75,-46,1,4,False,0,0.6000000000000001,0.3502380143083653,-6.0,-3.25,2.75
1775,True,16,5,-6,1.0,-6,11,0.75,-46,1,4,False,0,0.7,0.3502380143083653,-6.0,-3.25,2.75
1776,False,16,1,15,0.1,5,5,0.6,1,0,1,False,0,0.2875,0.3422961680572347,6.0,3.4,-2.6
1776,True,16,2,15,0.1,5,5,0.6,1,0,1,False,0,0.2125,0.3304037933599834,6.0,3.4,-2.6
1777,True,16,2,41,0.2,-14,21,0.2,-11,0,1,False,0,0.3875,0.3052321520853704,-3.0,-4.6000000000000005,-1.6000000000000005
1778,True,17,5,19,1.0,19,89,0.25,-2,0,1,True,0,0.5764705882352942,0.3597384670922508,19.0,20.75,1.75
1779,False,16,1,-8,1.0,-8,10,0.6,-41,0,1,False,0,0.5500000000000002,0.3141125063837265,-8.0,-10.400000000000002,-2.400000000000002
1779,True,16,4,-8,1.0,-8,10,0.6,-41,0,1,False,0,0.5625,0.4395072999014541,-8.0,-10.400000000000002,-2.400000000000002
1780,False,16,1,18,1.0,18,21,0.75,15,0,1,False,0,0.65,0.3306559138036599,18.0,19.5,1.5
1780,True,15,2,18,1.0,18,21,0.75,15,0,1,False,0,0.6533333333333334,0.358302877997027,18.0,19.5,1.5
1784,False,16,1,-8,1.0,-8,10,0.01,-11,3,2,False,0,0.5374999999999999,0.3774917217635375,-8.0,-10.790000000000001,-2.790000000000001
1784,True,15,2,-8,1.0,-8,10,0.01,-11,3,2,False,0,0.4133333333333333,0.4033195589934446,-8.0,-10.790000000000001,-2.790000000000001
1786,True,16,4,8,0.6,5,10,0.95,-8,0,1,True,0,0.3875,0.3222318006239194,6.8,9.1,2.3
1789,True,17,5,58,0.4,-30,31,0.1,3,1,6,False,0,0.7176470588235295,0.3086974532565159,5.200000000000003,5.800000000000001,0.5999999999999979
1792,True,16,2,22,1.0,22,33,0.5,11,0,1,False,0,0.525,0.3924283374069717,22.0,22.0,0.0
1794,False,16,1,-8,1.0,-8,-1,0.6,-25,3,5,False,0,0.375,0.3568379650952703,-8.0,-10.6,-2.5999999999999996
1794,True,16,5,-8,1.0,-8,-1,0.6,-25,3,5,False,0,0.3625,0.284897642437888,-8.0,-10.6,-2.5999999999999996
1795,False,16,1,21,0.2,-9,69,0.05,-8,3,2,True,0,0.8750000000000001,0.2294921930407801,-3.0,-4.1499999999999995,-1.1499999999999995
1795,True,15,2,21,0.2,-9,69,0.05,-8,3,2,True,0,0.8,0.2390457218668787,-3.0,-4.1499999999999995,-1.1499999999999995
1796,False,16,1,23,0.25,7,23,0.6,-6,0,1,False,-1,0.2375,0.2941088233970548,11.0,11.399999999999999,0.3999999999999986
1796,True,16,3,23,0.25,7,23,0.6,-6,0,1,False,-1,0.3875,0.3461695153148719,11.0,11.399999999999999,0.3999999999999986
1798,True,19,3,13,1.0,13,17,0.9,-7,0,1,False,0,0.6736842105263159,0.4066695426990621,13.0,14.600000000000001,1.6000000000000014
1799,True,16,3,25,1.0,25,75,0.5,-19,0,1,True,0,0.4500000000000001,0.2875181153713043,25.0,28.0,3.0
1800,False,16,1,15,1.0,15,27,0.4,6,0,1,False,0,0.4125,0.3827531841800928,15.0,14.4,-0.5999999999999996
1800,True,15,4,15,1.0,15,27,0.4,6,0,1,False,0,0.44,0.4222389303293979,15.0,14.4,-0.5999999999999996
1802,True,32,4,10,0.05,-6,-5,1.0,-5,2,4,False,0,0.46875,0.3468173266498029,-5.199999999999999,-5.0,0.1999999999999993
1805,True,16,3,42,0.1,21,78,0.5,-29,2,5,False,0,0.3375,0.2895398648430529,23.1,24.5,1.3999999999999986
1810,False,16,1,14,1.0,14,40,0.25,6,1,6,True,0,0.725,0.3336665001664586,14.0,14.5,0.5
1811,False,16,1,12,0.5,-6,5,0.6,-6,0,1,False,0,0.2125,0.2777888886666756,3.0,0.5999999999999996,-2.4000000000000004
1811,True,16,4,12,0.5,-6,5,0.6,-6,0,1,False,0,0.15,0.2780887148615228,3.0,0.5999999999999996,-2.4000000000000004
1812,False,16,1,100,0.25,-4,21,0.6,21,1,6,False,0,0.5499999999999999,0.3966526608171605,22.0,21.0,-1.0
1813,False,16,1,17,0.75,13,14,0.75,9,1,2,False,1,0.2625,0.3159641329855864,16.0,12.75,-3.25
1813,True,16,3,17,0.75,13,14,0.75,9,1,2,False,1,0.0125,0.05,16.0,12.75,-3.25
1814,False,16,1,13,0.05,12,29,0.6,-12,0,1,False,0,0.325,0.3492849839314596,12.049999999999999,12.599999999999998,0.5499999999999989
1815,True,16,4,72,0.05,-7,15,0.5,-16,1,6,False,-1,0.725,0.3,-3.0499999999999994,-0.5,2.5499999999999994
1817,True,16,4,14,1.0,14,16,0.4,10,0,1,False,0,0.35,0.3687817782917155,14.0,12.4,-1.5999999999999996
1823,False,16,1,32,0.05,-2,3,0.95,-3,1,2,False,0,0.7000000000000001,0.3723797345005049,-0.2999999999999998,2.6999999999999993,2.999999999999999
1823,True,15,5,32,0.05,-2,3,0.95,-3,1,2,False,0,0.9466666666666668,0.1187233679409327,-0.2999999999999998,2.6999999999999993,2.999999999999999
1824,True,17,3,22,1.0,22,41,0.6,-12,0,1,True,0,0.3882352941176471,0.3568654384729216,22.0,19.799999999999997,-2.200000000000003
1825,False,16,1,-6,1.0,-6,20,0.4,-22,0,1,True,0,0.6375,0.3947573094109003,-6.0,-5.199999999999999,0.8000000000000007
1828,False,16,1,17,1.0,17,19,0.95,-21,1,2,False,0,0.3750000000000001,0.4553387017741116,17.0,17.0,0.0
1828,True,16,5,17,1.0,17,19,0.95,-21,1,2,False,0,0.4875,0.4064070209367287,17.0,17.0,0.0
1829,True,18,3,-2,1.0,-2,50,0.05,-5,1,4,False,0,0.3333333333333333,0.3819454842528924,-2.0,-2.25,-0.25
1830,False,16,1,8,1.0,8,42,0.01,7,3,3,True,0,0.925,0.1437590576856521,8.0,7.35,-0.6500000000000004
1831,True,18,3,29,0.5,19,58,0.2,16,0,1,False,0,0.4555555555555555,0.4047108222832725,24.0,24.400000000000002,0.40000000000000213
1832,True,16,2,-1,1.0,-1,4,0.2,-1,3,4,True,0,0.7375,0.307408522978788,-1.0,0.0,1.0
1833,False,16,1,15,1.0,15,18,0.95,0,1,4,False,0,0.7375000000000002,0.3703601850451351,15.0,17.099999999999998,2.099999999999998
1834,False,16,1,11,1.0,11,55,0.01,12,0,1,True,0,0.8124999999999999,0.2872281323269015,11.0,12.43,1.4299999999999997
1836,True,16,5,48,0.8,-47,46,0.8,-44,0,1,False,0,0.3375000000000001,0.3981205847478877,29.000000000000007,28.000000000000007,-1.0
1841,True,18,4,-6,1.0,-6,-1,0.75,-28,0,1,False,0,0.7111111111111111,0.3579169947954395,-6.0,-7.75,-1.75
1844,False,16,1,22,1.0,22,26,0.5,22,0,1,False,0,0.7499999999999999,0.3540244812627134,22.0,24.0,2.0
1844,True,15,4,22,1.0,22,26,0.5,22,0,1,False,0,0.76,0.3480558247506528,22.0,24.0,2.0
1846,True,17,5,7,1.0,7,7,0.95,-16,2,4,False,0,0.4941176470588236,0.4069253436370333,7.0,5.849999999999999,-1.1500000000000012
1847,False,16,1,35,0.4,25,37,0.8,-11,0,1,False,1,0.1875,0.3537890143385838,29.0,27.400000000000002,-1.5999999999999979
1847,True,15,4,35,0.4,25,37,0.8,-11,0,1,False,1,0.4133333333333333,0.3739111175259754,29.0,27.400000000000002,-1.5999999999999979
1849,True,32,2,29,0.75,21,30,0.99,4,1,8,True,0,0.44375,0.4023619779381777,27.0,29.74,2.7399999999999984
1850,False,16,1,-6,1.0,-6,-3,0.95,-25,0,1,False,0,0.5499999999999999,0.322490309931942,-6.0,-4.1000000000000005,1.8999999999999995
1850,True,15,4,-6,1.0,-6,-3,0.95,-25,0,1,False,0,0.8000000000000002,0.3116774889895918,-6.0,-4.1000000000000005,1.8999999999999995
1851,False,16,1,14,0.95,-26,10,0.95,7,2,5,False,0,0.6625,0.3981205847478877,11.999999999999998,9.85,-2.1499999999999986
1852,False,16,1,102,0.1,-18,-3,0.75,-9,0,1,False,0,0.4500000000000001,0.409878030638384,-5.999999999999998,-4.5,1.4999999999999982
1852,True,15,3,102,0.1,-18,-3,0.75,-9,0,1,False,0,0.4533333333333334,0.4172472146045293,-5.999999999999998,-4.5,1.4999999999999982
1853,False,16,1,-10,1.0,-10,12,0.01,-12,1,2,False,0,0.6625000000000001,0.3913651321549567,-10.0,-11.76,-1.7599999999999998
1854,False,16,1,34,0.01,22,22,1.0,22,0,1,False,0,0.2375,0.2655183609470351,22.12,22.0,-0.120000000000001
1854,True,15,3,34,0.01,22,22,1.0,22,0,1,False,0,0.28,0.405674042269688,22.12,22.0,-0.120000000000001
1856,True,16,5,29,1.0,29,43,0.2,22,0,1,False,0,0.5750000000000001,0.4434711565216691,29.0,26.200000000000003,-2.799999999999997
1857,True,18,5,31,0.8,-5,37,0.75,-17,0,1,False,0,0.4333333333333333,0.3834824944236852,23.8,23.5,-0.3000000000000007
1858,False,16,1,14,1.0,14,14,1.0,14,2,2,False,0,0.55,0.3898717737923586,14.0,14.0,0.0
1858,True,15,5,14,1.0,14,14,1.0,14,2,2,False,0,0.5466666666666667,0.3888934240098375,14.0,14.0,0.0
1860,True,17,4,-5,0.75,-25,45,0.05,-13,0,1,True,0,0.6705882352941176,0.2910427500435995,-10.0,-10.1,-0.09999999999999964
1863,False,16,1,-5,1.0,-5,-6,0.95,-23,0,1,False,0,0.075,0.161245154965971,-5.0,-6.8500000000000005,-1.8500000000000005
1863,True,15,3,-5,1.0,-5,-6,0.95,-23,0,1,False,0,0.2133333333333332,0.2559761893688738,-5.0,-6.8500000000000005,-1.8500000000000005
1864,True,18,2,43,0.05,16,17,1.0,17,1,8,False,0,0.6,0.3819454842528923,17.349999999999998,17.0,-0.34999999999999787
1868,True,18,3,-8,1.0,-8,-11,0.6,-11,0,1,False,0,0.2111111111111111,0.3178769441686309,-8.0,-11.0,-3.0
1870,False,16,1,26,0.5,-46,14,0.01,-13,1,2,False,1,0.325,0.4123105625617661,-10.0,-12.729999999999999,-2.7299999999999986
1870,True,16,5,26,0.5,-46,14,0.01,-13,1,2,False,1,0.3375,0.3480900266693469,-10.0,-12.729999999999999,-2.7299999999999986
1871,False,16,1,10,1.0,10,20,0.75,-22,0,1,False,0,0.35,0.4163331998932265,10.0,9.5,-0.5
1873,True,17,5,25,0.9,-12,20,0.5,16,0,1,False,0,0.6470588235294119,0.3280961121737492,21.3,18.0,-3.3000000000000007
1874,False,16,1,9,1.0,9,46,0.5,-33,2,7,False,0,0.5499999999999999,0.4033195589934446,9.0,6.5,-2.5
1874,True,16,4,9,1.0,9,46,0.5,-33,2,7,False,0,0.6375000000000001,0.4080441152620633,9.0,6.5,-2.5
1876,True,16,5,-1,1.0,-1,13,0.2,-7,1,4,False,0,0.45,0.4226897995772628,-1.0,-3.0000000000000004,-2.0000000000000004
1877,True,16,5,-6,0.25,-9,10,0.05,-6,0,1,False,0,0.9625,0.1087811258138714,-8.25,-5.199999999999999,3.0500000000000007
1878,True,18,3,-7,1.0,-7,54,0.2,-19,0,1,False,0,0.4777777777777778,0.4291654768687105,-7.0,-4.4,2.5999999999999996
1881,False,16,1,17,0.95,-43,17,0.01,14,0,1,False,1,0.8875,0.2729468812791236,13.999999999999996,14.03,0.030000000000002913
1881,True,15,4,17,0.95,-43,17,0.01,14,0,1,False,1,0.6666666666666666,0.3436498771936898,13.999999999999996,14.03,0.030000000000002913
1882,False,16,1,22,0.8,8,19,1.0,19,1,4,False,0,0.3875,0.4287578959428425,19.200000000000003,19.0,-0.20000000000000284
1882,True,15,2,22,0.8,8,19,1.0,19,1,4,False,0,0.4133333333333333,0.3888934240098375,19.200000000000003,19.0,-0.20000000000000284
1883,True,16,3,-6,1.0,-6,33,0.5,-46,0,1,True,0,0.4375,0.3810074364978545,-6.0,-6.5,-0.5
1884,True,18,4,59,0.2,-9,37,0.5,-30,1,8,False,0,0.6777777777777777,0.3370382340949318,4.6000000000000005,3.5,-1.1000000000000005
1885,True,16,5,9,1.0,9,13,0.25,9,1,4,True,0,0.8375,0.3283798613394758,9.0,10.0,1.0
1887,False,16,1,25,0.9,-35,28,0.25,18,3,3,False,0,0.85,0.2966479394838265,19.0,20.5,1.5
1887,True,17,3,25,0.9,-35,28,0.25,18,3,3,False,0,0.8470588235294118,0.2695311833972637,19.0,20.5,1.5
1888,False,16,1,-2,1.0,-2,30,0.4,-21,0,1,False,0,0.4375,0.4080441152620633,-2.0,-0.5999999999999996,1.4000000000000004
1889,True,17,5,16,1.0,16,54,0.4,-13,0,1,False,0,0.2620915032679739,0.2592444751464771,16.0,13.8,-2.1999999999999993
1890,False,16,1,27,0.9,-5,27,0.1,22,1,2,True,0,0.8624999999999999,0.1746424919657298,23.8,22.5,-1.3000000000000007
1890,True,16,5,27,0.9,-5,27,0.1,22,1,2,True,0,0.5750000000000001,0.3991657967979388,23.8,22.5,-1.3000000000000007
1891,False,32,1,29,1.0,29,46,0.5,7,1,6,False,0,0.4812500000000001,0.3830585738078994,29.0,26.5,-2.5
1891,True,17,4,29,1.0,29,46,0.5,7,1,6,False,0,0.5647058823529411,0.3951916884098593,29.0,26.5,-2.5
1893,False,16,1,26,1.0,26,29,0.99,-2,3,4,True,0,0.4375,0.3593976442141304,26.0,28.69,2.6900000000000013
1895,True,17,2,18,1.0,18,30,0.01,19,0,1,False,0,0.7529411764705882,0.3429971702850177,18.0,19.11,1.1099999999999994
1896,True,17,4,24,1.0,24,22,0.99,-4,0,1,True,0,0.1176470588235294,0.2242635004789206,24.0,21.740000000000002,-2.259999999999998
1898,False,16,1,0,1.0,0,50,0.4,-37,0,1,False,0,0.45,0.3966526608171605,0.0,-2.1999999999999993,-2.1999999999999993
1898,True,16,4,0,1.0,0,50,0.4,-37,0,1,False,0,0.5875000000000001,0.3383784863137726,0.0,-2.1999999999999993,-2.1999999999999993
1899,False,15,1,11,0.95,4,16,0.1,11,2,7,False,0,0.7599999999999999,0.3397478056273085,10.649999999999999,11.5,0.8500000000000014
1899,True,15,2,11,0.95,4,16,0.1,11,2,7,False,0,0.8533333333333333,0.324844285041017,10.649999999999999,11.5,0.8500000000000014
1900,True,17,2,13,0.25,-14,-4,0.6,-18,0,1,False,1,0.2352941176470588,0.2370157602106562,-7.25,-9.6,-2.3499999999999996
1901,False,16,1,-9,1.0,-9,75,0.2,-34,3,4,False,0,0.725,0.3855731664245668,-9.0,-12.200000000000003,-3.200000000000003
1901,True,15,4,-9,1.0,-9,75,0.2,-34,3,4,False,0,0.4933333333333334,0.4267261863247181,-9.0,-12.200000000000003,-3.200000000000003
1904,True,17,3,18,1.0,18,21,0.99,-10,1,2,False,0,0.6470588235294117,0.4032952501871668,18.0,20.689999999999998,2.6899999999999977
1906,True,17,2,16,1.0,16,18,0.8,16,0,1,False,0,0.8588235294117648,0.2526331914293225,16.0,17.6,1.6000000000000014
1911,True,17,2,-9,0.95,-30,31,0.25,-26,0,1,True,0,0.7764705882352941,0.3231280933405239,-10.05,-11.75,-1.6999999999999993
1912,False,16,1,19,1.0,19,25,0.4,19,2,3,False,0,0.6375,0.3667424164178449,19.0,21.4,2.3999999999999986
1915,False,16,1,-2,1.0,-2,10,0.75,-36,0,1,False,0,0.675,0.3492849839314596,-2.0,-1.5,0.5
1915,True,18,5,-2,1.0,-2,10,0.75,-36,0,1,False,0,0.7111111111111109,0.3305768378934525,-2.0,-1.5,0.5
1916,False,16,1,71,0.2,-29,23,0.25,-17,0,1,False,0,0.4125,0.3827531841800928,-9.000000000000002,-7.0,2.0000000000000018
1916,True,17,3,71,0.2,-29,23,0.25,-17,0,1,False,0,0.611764705882353,0.3351909025860794,-9.000000000000002,-7.0,2.0000000000000018
1918,False,16,1,7,0.1,6,6,1.0,6,0,1,False,0,0.0875,0.2061552812808829,6.1000000000000005,6.0,-0.10000000000000053
1918,True,18,4,7,0.1,6,6,1.0,6,0,1,False,0,0.2111111111111111,0.3393573318683574,6.1000000000000005,6.0,-0.10000000000000053
1920,False,32,1,80,0.01,6,7,1.0,7,0,1,False,0,0.43125,0.4035627624370297,6.739999999999999,7.0,0.2600000000000007
1920,True,18,5,80,0.01,6,7,1.0,7,0,1,False,0,0.3666666666666665,0.4072865734850297,6.739999999999999,7.0,0.2600000000000007
1921,False,16,1,24,1.0,24,28,0.1,25,1,6,False,0,0.5499999999999999,0.3759432581299117,24.0,25.3,1.3000000000000007
1921,True,15,5,24,1.0,24,28,0.1,25,1,6,False,0,0.8,0.2618614682831908,24.0,25.3,1.3000000000000007
1924,True,17,4,36,0.2,-9,3,0.9,-3,3,3,False,0,0.6588235294117648,0.3143620991973503,0.0,2.4000000000000004,2.4000000000000004
1926,True,17,3,25,0.95,-6,24,0.2,24,1,2,False,0,0.6352941176470589,0.4485270009578412,23.45,24.000000000000004,0.5500000000000043
1931,True,19,4,27,1.0,27,39,0.8,-12,1,4,False,0,0.6315789473684211,0.3544207035257947,27.0,28.800000000000004,1.8000000000000043
1933,False,16,1,51,0.25,3,48,0.25,3,1,4,False,0,0.275,0.3172801075810878,15.0,14.25,-0.75
1933,True,15,5,51,0.25,3,48,0.25,3,1,4,False,0,0.2666666666666666,0.3754362541795623,15.0,14.25,-0.75
1936,True,17,5,-5,1.0,-5,34,0.2,-18,0,1,False,0,0.6549019607843137,0.3259475879115529,-5.0,-7.6,-2.5999999999999996
1937,False,16,1,17,1.0,17,22,0.2,14,0,1,False,0,0.3625,0.4333974311568233,17.0,15.600000000000001,-1.3999999999999986
1937,True,15,2,17,1.0,17,22,0.2,14,0,1,False,0,0.3066666666666667,0.3534860406754147,17.0,15.600000000000001,-1.3999999999999986
1939,False,16,1,20,0.8,-7,73,0.4,-22,2,3,False,-1,0.4625,0.3403429642777022,14.6,16.000000000000004,1.400000000000004
1939,True,16,3,20,0.8,-7,73,0.4,-22,2,3,False,-1,0.3875000000000001,0.3052321520853704,14.6,16.000000000000004,1.400000000000004
1940,False,16,1,92,0.25,-8,72,0.1,10,3,3,False,0,0.5375,0.4544227107000706,17.0,16.2,-0.8000000000000007
1940,True,16,2,92,0.25,-8,72,0.1,10,3,3,False,0,0.5875,0.3964425136973413,17.0,16.2,-0.8000000000000007
1941,True,18,2,18,0.8,3,15,1.0,15,0,1,False,0,0.537037037037037,0.3640528742910751,15.0,15.0,0.0
1942,True,18,4,7,1.0,7,6,0.1,5,0,1,False,0,0.0777777777777777,0.1832887646361064,7.0,5.1,-1.9000000000000004
1943,False,16,1,29,0.9,21,28,1.0,28,1,6,False,0,0.425,0.3924283374069717,28.200000000000003,28.0,-0.20000000000000284
1943,True,16,3,29,0.9,21,28,1.0,28,1,6,False,0,0.5375,0.448516071804196,28.200000000000003,28.0,-0.20000000000000284
1944,False,16,1,30,1.0,30,62,0.4,9,0,1,False,0,0.4625,0.4364630568559039,30.0,30.2,0.1999999999999993
1944,True,16,5,30,1.0,30,62,0.4,9,0,1,False,0,0.571875,0.3838266752932457,30.0,30.2,0.1999999999999993
1945,True,17,2,15,1.0,15,14,0.95,6,1,8,False,0,0.2352941176470588,0.3757345746510897,15.0,13.6,-1.4000000000000004
1947,False,18,1,-4,1.0,-4,5,0.8,-24,0,1,True,0,0.5333333333333334,0.3694192580731196,-4.0,-0.7999999999999989,3.200000000000001
1949,True,17,3,23,0.75,20,62,0.01,22,2,2,False,0,0.4823529411764706,0.4475423082201936,22.25,22.400000000000002,0.15000000000000213
1950,True,17,2,16,0.2,16,46,0.05,16,1,6,False,0,0.7764705882352941,0.3455600739464592,16.0,17.5,1.5
1957,False,16,1,27,0.1,10,51,0.2,-1,0,1,True,0,0.3125,0.3008321791298265,11.7,9.4,-2.299999999999999
1957,True,15,3,27,0.1,10,51,0.2,-1,0,1,True,0,0.5866666666666667,0.358302877997027,11.7,9.4,-2.299999999999999
1959,True,18,4,12,1.0,12,34,0.4,-7,0,1,False,0,0.2888888888888889,0.3376195019612688,12.0,9.400000000000002,-2.599999999999998
1961,True,17,2,3,0.75,-4,59,0.1,-6,0,1,False,0,0.4235294117647059,0.3929526239966879,1.25,0.5,-0.75
1962,True,20,5,-4,1.0,-4,33,0.5,-43,0,1,False,0,0.6300000000000001,0.3450400434427102,-4.0,-5.0,-1.0
1964,True,15,3,20,1.0,20,79,0.2,5,0,1,False,0,0.24,0.264034629763381,20.0,19.8,-0.1999999999999993
1965,False,16,1,14,0.99,-19,22,0.75,-10,0,1,False,0,0.4125,0.4224926034855521,13.67,14.0,0.33000000000000007
1965,True,16,3,14,0.99,-19,22,0.75,-10,0,1,False,0,0.65,0.4226897995772629,13.67,14.0,0.33000000000000007
1966,True,18,3,10,1.0,10,16,0.25,4,0,1,False,0,0.2222222222222222,0.3281957012220812,10.0,7.0,-3.0
1967,True,18,5,103,0.25,-1,60,0.5,-16,0,1,False,0,0.2444444444444445,0.252568504911445,25.0,22.0,-3.0
1970,False,16,1,52,0.5,-14,33,0.25,12,0,1,False,1,0.6375000000000001,0.4514790508244356,19.0,17.25,-1.75
1970,True,31,4,52,0.5,-14,33,0.25,12,0,1,False,1,0.5225806451612903,0.3602866242492264,19.0,17.25,-1.75
1971,False,16,1,56,0.05,8,12,0.01,9,0,1,False,0,0.3375,0.3630886025935451,10.4,9.03,-1.370000000000001
1971,True,15,4,56,0.05,8,12,0.01,9,0,1,False,0,0.3866666666666667,0.3888934240098375,10.4,9.03,-1.370000000000001
1972,True,17,2,19,0.6,-39,52,0.4,-37,0,1,True,0,0.6352941176470588,0.3180824902257829,-4.200000000000001,-1.3999999999999986,2.8000000000000025
1973,False,16,1,19,1.0,19,50,0.05,18,3,6,False,0,0.525,0.3924283374069717,19.0,19.599999999999998,0.5999999999999979
1973,True,17,3,19,1.0,19,50,0.05,18,3,6,False,0,0.5176470588235295,0.4304580323876636,19.0,19.599999999999998,0.5999999999999979
1975,False,16,1,-6,0.4,-13,-10,1.0,-10,1,6,False,0,0.475,0.3714835124201341,-10.2,-10.0,0.1999999999999993
1978,True,17,5,27,0.25,-10,-1,1.0,-1,0,1,False,0,0.5647058823529412,0.3258473117707668,-0.75,-1.0,-0.25
1979,True,15,4,15,1.0,15,16,0.99,-5,2,6,False,0,0.7066666666666668,0.3195234546871921,15.0,15.79,0.7899999999999991
1981,True,19,5,13,1.0,13,38,0.05,10,1,6,False,0,0.5263157894736841,0.4120977570959453,13.0,11.4,-1.5999999999999996
1982,True,15,3,30,0.5,-34,20,0.6,-32,1,6,False,0,0.4933333333333333,0.3534860406754147,-2.0,-0.8000000000000007,1.1999999999999993
1983,False,18,1,-8,1.0,-8,71,0.25,-32,0,1,False,0,0.6333333333333333,0.330774492223754,-8.0,-6.25,1.75
1983,True,17,2,-8,1.0,-8,71,0.25,-32,0,1,False,0,0.7176470588235294,0.3086974532565159,-8.0,-6.25,1.75
1984,True,17,3,78,0.1,20,28,0.9,26,0,1,False,-1,0.5411764705882351,0.4108814055317722,25.8,27.799999999999997,1.9999999999999964
1985,False,18,1,98,0.2,-33,-6,0.25,-6,0,1,False,0,0.3222222222222222,0.3299831645537222,-6.800000000000001,-6.0,0.8000000000000007
1985,True,16,5,98,0.2,-33,-6,0.25,-6,0,1,False,0,0.4625000000000001,0.3630886025935451,-6.800000000000001,-6.0,0.8000000000000007
1986,False,18,1,64,0.4,-44,61,0.1,-11,1,2,False,0,0.5,0.3955636336106924,-0.7999999999999972,-3.8,-3.0000000000000027
1986,True,32,4,64,0.4,-44,61,0.1,-11,1,2,False,0,0.4750000000000001,0.3398291790999441,-0.7999999999999972,-3.8,-3.0000000000000027
1987,True,15,4,3,1.0,3,3,0.6,0,1,8,False,0,0.3466666666666667,0.3814758308514571,3.0,1.7999999999999998,-1.2000000000000002
1988,False,16,1,68,0.25,12,26,0.95,-19,0,1,False,0,0.3875,0.3304037933599835,26.0,23.75,-2.25
1988,True,15,2,68,0.25,12,26,0.95,-19,0,1,False,0,0.24,0.3397478056273085,26.0,23.75,-2.25
1989,True,18,4,28,0.6,-30,5,0.95,-24,1,6,False,0,0.4555555555555556,0.3484794233476807,4.800000000000001,3.549999999999999,-1.2500000000000018
1990,True,15,2,19,1.0,19,81,0.05,19,3,6,True,0,0.7600000000000001,0.3718678720805473,19.0,22.1,3.1000000000000014
1991,True,17,5,2,0.25,-13,-9,1.0,-9,2,6,False,0,0.3764705882352941,0.3865381801399214,-9.25,-9.0,0.25
1992,False,16,1,8,1.0,8,57,0.4,-20,1,8,False,0,0.4500000000000001,0.2683281572999748,8.0,10.8,2.8000000000000007
1993,False,16,1,-8,1.0,-8,92,0.05,-15,1,2,False,0,0.6,0.3265986323710904,-8.0,-9.649999999999999,-1.6499999999999986
1993,True,15,3,-8,1.0,-8,92,0.05,-15,1,2,False,0,0.6133333333333333,0.341983012666391,-8.0,-9.649999999999999,-1.6499999999999986
1994,False,16,1,18,1.0,18,55,0.4,-8,1,6,False,0,0.275,0.3642343567906062,18.0,17.2,-0.8000000000000007
1994,True,16,2,18,1.0,18,55,0.4,-8,1,6,False,0,0.3875,0.3383784863137726,18.0,17.2,-0.8000000000000007
1996,True,17,2,76,0.1,4,80,0.2,-3,3,5,False,-1,0.3294117647058824,0.3601470287992686,11.200000000000001,13.6,2.3999999999999986
1999,False,16,1,30,1.0,30,77,0.6,-32,2,3,True,0,0.575,0.3855731664245668,30.0,33.39999999999999,3.3999999999999915
2000,True,15,2,-3,1.0,-3,12,0.1,-5,1,4,False,0,0.7466666666666666,0.3661901665736507,-3.0,-3.3,-0.2999999999999998
2003,True,17,2,83,0.2,0,44,0.5,-13,1,2,False,0,0.4470588235294117,0.3642074392753797,16.6,15.5,-1.1000000000000014
2007,True,15,2,27,1.0,27,59,0.2,18,0,1,True,0,0.7066666666666668,0.3692979181920098,27.0,26.200000000000003,-0.7999999999999972
2008,True,17,4,25,1.0,25,48,0.5,-4,1,6,False,0,0.5294117647058824,0.3670229997601529,25.0,22.0,-3.0
2010,False,16,1,-4,1.0,-4,8,0.4,-15,0,1,False,0,0.7000000000000001,0.3346640106136302,-4.0,-5.8,-1.7999999999999998
2011,False,16,1,93,0.25,-19,16,0.75,-22,1,2,False,0,0.55,0.4412104562073146,9.0,6.5,-2.5
2011,True,15,5,93,0.25,-19,16,0.75,-22,1,2,False,0,0.5066666666666667,0.3990464825532173,9.0,6.5,-2.5
2012,True,17,3,17,0.9,11,16,0.6,15,0,1,False,-1,0.2352941176470588,0.3951916884098592,16.4,15.6,-0.7999999999999989
2015,True,18,3,6,0.75,-19,42,0.05,-4,0,1,False,-1,0.2333333333333333,0.2678893538055459,-0.25,-1.6999999999999997,-1.4499999999999997
2017,False,16,1,24,1.0,24,27,0.8,16,1,4,False,0,0.5875,0.3964425136973413,24.0,24.8,0.8000000000000007
2020,False,17,1,10,1.0,10,19,0.75,-17,2,4,True,0,0.4352941176470588,0.3101233151316348,10.0,10.0,0.0
2021,False,17,1,69,0.5,-11,41,0.5,12,3,4,False,0,0.4352941176470587,0.3757345746510897,29.0,26.5,-2.5
2021,True,16,4,69,0.5,-11,41,0.5,12,3,4,False,0,0.6,0.3651483716701108,29.0,26.5,-2.5
2023,True,15,4,32,0.6,24,44,0.01,29,0,1,True,-1,0.5466666666666666,0.4103424818136094,28.8,29.150000000000002,0.3500000000000014
2025,True,17,2,23,1.0,23,25,0.75,20,3,2,False,0,0.7058823529411765,0.3543843045256345,23.0,23.75,0.75
2027,False,17,1,51,0.2,16,57,0.25,15,1,2,False,0,0.5882352941176471,0.3838657853683636,23.0,25.5,2.5
2027,True,19,2,51,0.2,16,57,0.25,15,1,2,False,0,0.4210526315789473,0.4103913408340617,23.0,25.5,2.5
2028,True,17,2,59,0.01,17,49,0.6,-23,3,2,True,0,0.5176470588235293,0.4419209404939517,17.419999999999998,20.199999999999996,2.7799999999999976
2031,True,17,3,20,1.0,20,21,0.99,15,1,2,True,0,0.4509803921568628,0.3840785595021949,20.0,20.939999999999998,0.9399999999999977
2036,True,22,2,7,1.0,7,22,0.5,-8,1,2,False,0,0.5181818181818182,0.3527259338574135,7.0,7.0,0.0
2037,True,17,2,29,1.0,29,66,0.01,26,0,1,False,0,0.4,0.458257569495584,29.0,26.4,-2.6000000000000014
2038,True,15,4,4,1.0,4,2,0.8,-2,0,1,True,0,0.08,0.165615734242165,4.0,1.2000000000000002,-2.8
2040,True,17,5,-2,1.0,-2,97,0.01,-2,0,1,False,0,0.8823529411764706,0.2128241472367711,-2.0,-1.01,0.99
2042,False,16,1,54,0.25,-6,28,0.75,-46,0,1,False,0,0.375,0.3714835124201341,9.0,9.5,0.5
2042,True,18,4,54,0.25,-6,28,0.75,-46,0,1,False,0,0.6000000000000001,0.3564531154716027,9.0,9.5,0.5
2043,True,17,3,23,1.0,23,43,0.25,18,0,1,False,0,0.5647058823529413,0.3823303160726799,23.0,24.25,1.25
2045,False,16,1,-7,0.95,-24,21,0.2,-16,1,8,False,-1,0.75,0.3055050463303893,-7.8500000000000005,-8.600000000000001,-0.7500000000000009
2045,True,17,2,-7,0.95,-24,21,0.2,-16,1,8,False,-1,0.7176470588235295,0.3321055820775357,-7.8500000000000005,-8.600000000000001,-0.7500000000000009
2047,True,17,3,5,1.0,5,2,0.99,-7,0,1,False,0,0.1176470588235294,0.1878672873255448,5.0,1.91,-3.09
2050,True,17,4,73,0.05,7,14,0.9,11,0,1,False,0,0.7058823529411765,0.3543843045256345,10.3,13.7,3.3999999999999986
2052,True,17,3,27,1.0,27,38,0.5,14,1,4,False,0,0.4705882352941176,0.4058397249567139,27.0,26.0,-1.0
2053,True,17,5,9,1.0,9,119,0.1,-6,0,1,False,0,0.1764705882352941,0.2990180006385608,9.0,6.5,-2.5
2055,True,15,4,54,0.2,14,63,0.4,-7,1,4,False,0,0.3199999999999999,0.3189267717114474,22.0,21.000000000000004,-0.9999999999999964
2056,True,17,3,26,0.75,-22,14,0.8,7,3,3,False,0,0.6235294117647059,0.3382480815997074,14.0,12.600000000000001,-1.3999999999999986
2057,True,15,5,46,0.8,-39,64,0.2,19,2,7,False,-1,0.6,0.3464101615137754,29.000000000000007,28.0,-1.000000000000007
2058,True,17,3,59,0.2,21,67,0.05,30,0,1,False,1,0.6941176470588236,0.3009787954227301,28.6,31.85,3.25
2062,False,15,1,24,0.6,2,18,0.8,17,1,8,False,-1,0.4000000000000001,0.3545621041711673,15.2,17.8,2.6000000000000014
2069,True,17,5,52,0.5,-22,28,0.75,-29,0,1,False,1,0.5529411764705883,0.3429971702850177,15.0,13.75,-1.25
2071,True,17,3,14,0.2,13,47,0.6,-38,0,1,False,0,0.3882352941176471,0.3568654384729216,13.200000000000001,12.999999999999998,-0.20000000000000284
2072,True,15,2,-9,1.0,-9,-1,0.75,-21,1,2,True,0,0.7066666666666667,0.3011090610836324,-9.0,-6.0,3.0
2074,True,17,5,17,1.0,17,17,1.0,17,2,2,True,0,0.5529411764705883,0.4032952501871667,17.0,17.0,0.0
2076,True,17,4,28,0.8,-27,37,0.5,-4,1,2,False,0,0.6235294117647061,0.3666221006784538,17.000000000000004,16.5,-0.5000000000000036
2077,False,16,1,33,0.75,16,45,0.2,27,0,1,False,0,0.5499999999999999,0.4033195589934446,28.75,30.6,1.8500000000000014
2077,True,16,4,33,0.75,16,45,0.2,27,0,1,False,0,0.6,0.3651483716701107,28.75,30.6,1.8500000000000014
2078,True,18,3,32,0.6,17,55,0.5,-2,0,1,False,0,0.3888888888888889,0.3660422490704798,26.0,26.5,0.5
2079,True,17,4,19,1.0,19,43,0.2,10,2,5,False,0,0.5176470588235293,0.3811746550428803,19.0,16.6,-2.3999999999999986
2081,False,16,1,13,1.0,13,72,0.01,12,1,4,False,0,0.8,0.2921186973360886,13.0,12.6,-0.40000000000000036
2081,True,15,2,13,1.0,13,72,0.01,12,1,4,False,0,0.6933333333333334,0.4199773236508757,13.0,12.6,-0.40000000000000036
2083,True,16,3,0,0.95,-21,43,0.25,-18,0,1,True,0,0.575,0.3492849839314596,-1.050000000000001,-2.75,-1.699999999999999
2085,False,16,1,14,1.0,14,48,0.5,-18,0,1,False,0,0.425,0.3991657967979388,14.0,15.0,1.0
2086,True,18,4,30,1.0,30,80,0.1,21,1,4,False,0,0.5333333333333333,0.444575144180969,30.0,26.900000000000002,-3.099999999999998
2089,False,16,1,65,0.01,16,55,0.5,-17,0,1,False,0,0.15,0.2,16.49,19.0,2.5100000000000016
2089,True,16,4,65,0.01,16,55,0.5,-17,0,1,False,0,0.475,0.3172801075810877,16.49,19.0,2.5100000000000016
2091,True,16,5,34,0.05,13,14,1.0,14,1,8,True,0,0.3,0.3346640106136301,14.05,14.0,-0.05000000000000071
2097,False,16,1,9,1.0,9,13,0.75,4,0,1,False,0,0.55,0.4163331998932266,9.0,10.75,1.75
2098,True,15,2,1,1.0,1,6,0.75,-4,2,8,True,0,0.8800000000000001,0.1820517979665599,1.0,3.5,2.5
2099,False,16,1,34,0.5,-32,22,0.2,-5,1,8,True,0,0.85,0.1549193338482966,1.0,0.40000000000000036,-0.5999999999999996
2101,False,16,1,16,0.1,15,41,0.2,11,1,8,False,0,0.4125,0.4470272176650246,15.1,17.0,1.9000000000000004
2105,True,17,3,19,1.0,19,33,0.5,9,0,1,False,0,0.6823529411764706,0.3940737464575112,19.0,21.0,2.0
2108,False,15,1,-3,1.0,-3,13,0.6,-33,0,1,True,0,0.5733333333333334,0.384460041889302,-3.0,-5.400000000000001,-2.4000000000000012
2108,True,15,4,-3,1.0,-3,13,0.6,-33,0,1,True,0,0.5066666666666667,0.3918211448145817,-3.0,-5.400000000000001,-2.4000000000000012
2112,True,16,3,-9,1.0,-9,-7,0.1,-10,1,8,True,0,0.7125,0.3649200825751669,-9.0,-9.7,-0.6999999999999993
2115,False,15,1,-7,0.9,-21,6,0.75,-42,2,5,True,1,0.7599999999999999,0.33123146848433,-8.399999999999999,-6.0,2.3999999999999986
2116,True,16,4,25,1.0,25,25,1.0,25,2,5,False,0,0.3125,0.393064880140671,25.0,25.0,0.0
2118,False,16,1,4,0.2,-6,3,0.6,-8,0,1,True,0,0.5375,0.3242941051987634,-4.000000000000001,-1.4000000000000004,2.6000000000000005
2119,False,16,1,0,1.0,0,8,0.05,-1,2,4,True,0,0.8375,0.2217355782608345,0.0,-0.5499999999999999,-0.5499999999999999
2120,True,16,3,7,0.95,6,24,0.5,-10,2,7,False,0,0.5625,0.4514790508244356,6.949999999999999,7.0,0.05000000000000071
2121,False,16,1,28,1.0,28,25,0.75,25,1,6,True,0,0.275,0.3172801075810879,28.0,25.0,-3.0
2122,False,16,1,26,1.0,26,35,0.1,25,0,1,True,0,0.6250000000000001,0.443471156521669,26.0,26.0,0.0
2122,True,15,3,26,1.0,26,35,0.1,25,0,1,True,0,0.7466666666666667,0.3502380143083653,26.0,26.0,0.0
2125,True,16,3,21,0.8,-5,34,0.01,13,0,1,False,0,0.6375,0.3442382895611701,15.8,13.209999999999999,-2.5900000000000016
2128,True,16,3,-2,1.0,-2,-2,0.05,-3,0,1,True,0,0.1125,0.2187083293643233,-2.0,-2.9499999999999997,-0.9499999999999997
2129,True,16,5,2,1.0,2,1,0.6,0,0,1,True,0,0.125,0.2408318915758459,2.0,0.6,-1.4
2130,False,16,1,-6,1.0,-6,-5,0.01,-6,1,8,False,0,0.575,0.443471156521669,-6.0,-5.989999999999999,0.010000000000000675
2132,True,19,5,33,0.25,25,58,0.25,19,3,3,True,0,0.8,0.2748737083745107,27.0,28.75,1.75
2135,True,16,4,0,1.0,0,13,0.5,-9,1,6,False,0,0.6124999999999999,0.3222318006239194,0.0,2.0,2.0
2136,True,16,2,16,0.6,-11,7,0.6,0,1,2,False,0,0.675,0.3172801075810878,5.199999999999999,4.2,-0.9999999999999991
2140,True,16,3,43,0.25,-20,50,0.1,-12,0,1,True,0,0.7875,0.2247220505424423,-4.25,-5.800000000000001,-1.5500000000000007
2142,True,16,3,21,1.0,21,27,0.1,21,0,1,False,0,0.8,0.3265986323710904,21.0,21.6,0.6000000000000014
2143,True,16,2,5,0.9,-12,3,1.0,3,1,8,True,0,0.45,0.4163331998932265,3.3000000000000003,3.0,-0.30000000000000027
2145,True,16,5,12,1.0,12,16,0.8,9,2,2,False,0,0.525,0.3714835124201341,12.0,14.6,2.5999999999999996
2146,False,15,1,18,0.5,-4,17,0.6,-3,0,1,False,0,0.5466666666666667,0.3502380143083652,7.0,9.0,2.0
2147,False,15,1,-2,1.0,-2,101,0.1,-13,1,4,True,0,0.8266666666666667,0.3195234546871921,-2.0,-1.5999999999999996,0.40000000000000036
2147,True,17,4,-2,1.0,-2,101,0.1,-13,1,4,True,0,0.7882352941176469,0.2595244519818327,-2.0,-1.5999999999999996,0.40000000000000036
2148,True,18,5,29,1.0,29,109,0.05,28,3,5,False,0,0.8666666666666667,0.2656844656620286,29.0,32.05,3.049999999999997
2152,False,16,1,30,0.2,-14,-6,0.9,-13,0,1,False,-1,0.2125,0.2777888886666756,-5.200000000000001,-6.7,-1.4999999999999991
2153,True,18,3,34,0.05,25,75,0.05,23,0,1,False,0,0.4555555555555556,0.459183703110873,25.45,25.599999999999998,0.14999999999999858
2154,True,20,4,14,0.9,-13,9,0.99,-15,1,6,True,0,0.42,0.3664911860791256,11.3,8.76,-2.540000000000001
2155,False,16,1,28,0.6,-17,20,0.25,6,0,1,False,0,0.8,0.2422120283277993,10.0,9.5,-0.5
2156,False,16,1,16,0.99,4,15,0.9,11,0,1,False,0,0.375,0.3642343567906062,15.879999999999999,14.6,-1.2799999999999994
2156,True,17,3,16,0.99,4,15,0.9,11,0,1,False,0,0.4,0.3807886552931953,15.879999999999999,14.6,-1.2799999999999994
2159,True,19,2,0,1.0,0,50,0.2,-12,1,8,True,0,0.7368421052631579,0.2909954683033731,0.0,0.3999999999999986,0.3999999999999986
2160,False,16,1,28,0.01,-5,24,0.01,-3,1,4,False,0,0.7625000000000001,0.2753785273643051,-4.67,-2.7299999999999995,1.9400000000000004
2160,True,17,5,28,0.01,-5,24,0.01,-3,1,4,False,0,0.6941176470588236,0.2838806708709095,-4.67,-2.7299999999999995,1.9400000000000004
2164,True,16,4,54,0.4,9,46,0.2,23,0,1,False,0,0.8000000000000003,0.2529822128134703,27.0,27.6,0.6000000000000014
2165,True,18,3,32,0.8,-28,27,0.6,6,0,1,False,0,0.5444444444444444,0.3551672716477029,20.000000000000004,18.6,-1.4000000000000021
2166,False,16,1,38,0.01,30,58,0.5,-4,0,1,False,-1,0.3750000000000001,0.3336665001664586,30.08,27.0,-3.0799999999999983
2166,True,16,3,38,0.01,30,58,0.5,-4,0,1,False,-1,0.2625,0.3403429642777023,30.08,27.0,-3.0799999999999983
2169,False,16,1,6,0.75,-10,7,0.8,-9,0,1,False,0,0.7875000000000001,0.2247220505424423,2.0,3.8000000000000007,1.8000000000000007
2169,True,16,2,6,0.75,-10,7,0.8,-9,0,1,False,0,0.7999999999999999,0.2921186973360886,2.0,3.8000000000000007,1.8000000000000007
2170,False,16,1,56,0.25,-4,23,0.1,7,0,1,False,0,0.675,0.3568379650952703,11.0,8.6,-2.4000000000000004
2170,True,16,5,56,0.25,-4,23,0.1,7,0,1,False,0,0.8750000000000001,0.2408318915758458,11.0,8.6,-2.4000000000000004
2173,False,16,1,20,1.0,20,28,0.6,2,1,8,False,0,0.3875000000000001,0.3685557397915997,20.0,17.6,-2.3999999999999986
2173,True,16,4,20,1.0,20,28,0.6,2,1,8,False,0,0.475,0.3855731664245668,20.0,17.6,-2.3999999999999986
2176,True,16,2,21,0.1,19,51,0.1,15,0,1,False,0,0.5625,0.4455333881989093,19.200000000000003,18.6,-0.6000000000000014
2177,True,17,4,21,1.0,21,27,0.8,5,1,2,False,0,0.4470588235294118,0.4389157764577726,21.0,22.6,1.6000000000000014
2179,True,17,5,66,0.1,2,84,0.25,-13,0,1,False,0,0.5411764705882354,0.3857765278134023,8.4,11.25,2.8499999999999996
2180,False,17,1,22,1.0,22,24,0.9,-3,0,1,True,0,0.2,0.324037034920393,22.0,21.3,-0.6999999999999993
2180,True,15,3,22,1.0,22,24,0.9,-3,0,1,True,0,0.2,0.3545621041711674,22.0,21.3,-0.6999999999999993
2185,True,16,4,9,1.0,9,64,0.25,-8,1,6,True,0,0.5375000000000001,0.3844910055298216,9.0,10.0,1.0
2186,True,16,4,13,0.75,-4,45,0.5,-28,2,6,False,0,0.5375,0.3556683848755747,8.75,8.5,-0.25
2188,False,15,1,23,0.6,-32,17,0.2,0,0,1,False,0,0.5866666666666667,0.3502380143083653,0.9999999999999982,3.4000000000000004,2.400000000000002
2188,True,15,5,23,0.6,-32,17,0.2,0,0,1,False,0,0.72,0.3764495792457281,0.9999999999999982,3.4000000000000004,2.400000000000002
2189,False,16,1,16,0.25,-4,39,0.5,-39,1,8,False,1,0.475,0.3714835124201342,1.0,0.0,-1.0
2190,True,18,2,6,1.0,6,19,0.6,-14,0,1,True,0,0.3555555555555555,0.3257971621264881,6.0,5.8,-0.20000000000000018
2192,True,17,4,13,0.1,3,2,0.99,-20,1,4,False,0,0.1142857142857143,0.2547507785732429,4.0,1.7799999999999998,-2.22
2193,True,16,5,27,0.9,-6,92,0.4,-17,1,2,False,0,0.425,0.4057914078275521,23.7,26.600000000000005,2.9000000000000057
2194,False,15,1,22,1.0,22,22,1.0,22,2,4,False,0,0.4666666666666666,0.4117326918327103,22.0,22.0,0.0
2194,True,16,2,22,1.0,22,22,1.0,22,2,4,False,0,0.6375000000000001,0.4209117088733297,22.0,22.0,0.0
2195,True,16,4,19,1.0,19,24,0.4,18,1,8,False,0,0.8125,0.3461695153148719,19.0,20.4,1.3999999999999986
2196,True,17,5,29,1.0,29,29,0.99,2,0,1,False,0,0.3647058823529412,0.4197338092032083,29.0,28.73,-0.2699999999999996
2197,True,16,3,-8,1.0,-8,82,0.25,-36,1,6,False,0,0.6375,0.3810074364978545,-8.0,-6.5,1.5
2201,True,16,4,9,1.0,9,58,0.25,-10,0,1,False,0,0.2625,0.307408522978788,9.0,7.0,-2.0
2202,True,19,4,74,0.5,-18,76,0.1,24,0,1,False,0,0.6105263157894737,0.3970652574998853,28.0,29.200000000000003,1.2000000000000028
2204,True,18,4,12,0.6,-33,-2,0.01,-4,2,5,False,1,0.4333333333333333,0.4014678948412129,-6.000000000000002,-3.98,2.020000000000002
2205,False,16,1,25,1.0,25,79,0.1,19,0,1,False,0,0.5375,0.4047633053197058,25.0,25.0,0.0
2205,True,16,5,25,1.0,25,79,0.1,19,0,1,False,0,0.5660714285714286,0.423296907747793,25.0,25.0,0.0
2206,False,33,1,22,0.01,5,43,0.05,1,0,1,False,0,0.3636363636363636,0.3723390439322253,5.17,3.0999999999999996,-2.0700000000000003
2207,False,16,1,48,0.4,-19,10,0.01,5,0,1,True,0,0.7000000000000001,0.2732520204255893,7.8000000000000025,5.05,-2.7500000000000027
2207,True,16,5,48,0.4,-19,10,0.01,5,0,1,True,0,0.6499999999999999,0.3306559138036599,7.8000000000000025,5.05,-2.7500000000000027
2209,False,16,1,6,1.0,6,12,0.25,2,0,1,True,0,0.6,0.2732520204255893,6.0,4.5,-1.5
2209,True,16,5,6,1.0,6,12,0.25,2,0,1,True,0,0.65,0.3386246693120078,6.0,4.5,-1.5
2212,True,16,4,68,0.2,-22,3,0.2,-2,0,1,False,0,0.525,0.3415650255319866,-4.0,-1.0,3.0
2213,True,20,5,59,0.5,-5,34,0.75,5,0,1,True,0,0.4900000000000001,0.3462581938988669,27.0,26.75,-0.25
2215,True,19,4,-9,1.0,-9,108,0.05,-15,0,1,False,0,0.631578947368421,0.4230217115244236,-9.0,-8.85,0.15000000000000036
2217,True,16,3,-1,1.0,-1,59,0.1,-11,0,1,False,0,0.3875,0.3757215280851852,-1.0,-4.0,-3.0
2219,True,16,2,38,0.01,29,45,0.4,14,0,1,False,0,0.3625,0.3667424164178449,29.09,26.4,-2.6900000000000013
2222,True,17,2,27,0.6,-21,79,0.1,1,2,2,False,0,0.7647058823529411,0.3019544180637788,7.799999999999999,8.8,1.0000000000000018
2224,False,16,1,10,0.01,-10,6,0.05,-10,0,1,False,0,0.725,0.3255764119219941,-9.8,-9.2,0.6000000000000014
2224,True,15,5,10,0.01,-10,6,0.05,-10,0,1,False,0,0.8133333333333334,0.2972893411828826,-9.8,-9.2,0.6000000000000014
2227,False,17,1,43,0.6,-42,86,0.05,3,0,1,False,1,0.776470588235294,0.3527205192583532,9.0,7.1499999999999995,-1.8500000000000005
2232,False,17,1,1,1.0,1,30,0.4,-22,0,1,False,0,0.3058823529411765,0.3880570000581328,1.0,-1.1999999999999993,-2.1999999999999993
2232,True,16,5,1,1.0,1,30,0.4,-22,0,1,False,0,0.3625,0.3739429546512855,1.0,-1.1999999999999993,-2.1999999999999993
2234,False,17,1,30,1.0,30,40,0.01,29,0,1,False,0,0.4352941176470588,0.4076474832354976,30.0,29.11,-0.8900000000000006
2239,True,16,2,46,0.25,3,69,0.4,-21,1,6,False,0,0.275,0.2720294101747089,13.75,15.000000000000002,1.2500000000000018
2242,True,17,5,28,1.0,28,89,0.5,-38,0,1,False,0,0.4941176470588234,0.3171564839225546,28.0,25.5,-2.5
2245,True,16,5,16,1.0,16,43,0.6,-20,2,5,False,0,0.7,0.3502380143083653,16.0,17.8,1.8000000000000007
2246,True,16,5,22,1.0,22,21,0.99,10,1,8,False,0,0.3375,0.4364630568559039,22.0,20.89,-1.1099999999999994
2247,False,16,1,109,0.2,-1,19,0.8,19,0,1,False,0,0.6125,0.389657969677682,21.0,19.0,-2.0
2247,True,16,4,109,0.2,-1,19,0.8,19,0,1,False,0,0.5625000000000001,0.3947573094109004,21.0,19.0,-2.0
2248,False,16,1,20,1.0,20,34,0.2,15,2,6,False,0,0.75,0.3306559138036598,20.0,18.8,-1.1999999999999993
2249,True,16,2,34,0.4,-3,12,1.0,12,1,2,False,0,0.5625,0.3810074364978545,11.8,12.0,0.1999999999999993
2251,False,16,1,35,0.5,1,42,0.4,6,1,4,True,-1,0.6375,0.3283798613394757,18.0,20.4,2.3999999999999986
2252,False,17,1,25,0.2,-16,-8,0.9,-30,0,1,False,1,0.2823529411764706,0.3539690913724797,-7.800000000000001,-10.2,-2.3999999999999986
2252,True,16,3,25,0.2,-16,-8,0.9,-30,0,1,False,1,0.175,0.2720294101747089,-7.800000000000001,-10.2,-2.3999999999999986
2253,False,17,1,10,1.0,10,49,0.6,-43,0,1,True,0,0.188235294117647,0.2394847410096739,10.0,12.2,2.1999999999999993
2255,False,17,1,-1,1.0,-1,89,0.2,-24,0,1,False,0,0.4941176470588236,0.4069253436370333,-1.0,-1.4000000000000021,-0.40000000000000213
2255,True,16,3,-1,1.0,-1,89,0.2,-24,0,1,False,0,0.4625,0.4303099657998483,-1.0,-1.4000000000000021,-0.40000000000000213
2256,True,18,5,24,1.0,24,86,0.4,-18,0,1,False,0,0.4333333333333333,0.3772968873135194,24.0,23.6,-0.3999999999999986
2257,True,18,4,42,0.25,5,40,0.6,-20,1,8,False,0,0.4555555555555555,0.3203347921861865,14.25,16.0,1.75
2264,True,17,3,10,1.0,10,17,0.75,-12,1,6,False,0,0.6,0.4,10.0,9.75,-0.25
2265,True,16,3,89,0.1,-21,36,0.1,-16,1,6,False,0,0.625,0.3568379650952703,-10.000000000000002,-10.8,-0.7999999999999989
2267,True,19,4,15,1.0,15,31,0.4,10,0,1,True,0,0.6736842105263158,0.3211820274187864,15.0,18.4,3.3999999999999986
2268,False,16,1,25,1.0,25,61,0.5,-7,1,8,False,0,0.3,0.3502380143083653,25.0,27.0,2.0
2269,True,19,4,8,1.0,8,30,0.5,-13,0,1,False,0,0.4631578947368422,0.3130681968939559,8.0,8.5,0.5
2272,True,16,4,-5,1.0,-5,36,0.4,-27,0,1,False,0,0.6375000000000002,0.2655183609470351,-5.0,-1.799999999999999,3.200000000000001
2274,False,16,1,30,0.9,24,87,0.1,25,3,3,False,0,0.6,0.3577708763999663,29.4,31.200000000000003,1.8000000000000043
2275,False,16,1,92,0.05,18,55,0.4,-6,1,4,False,0,0.2625,0.3556683848755748,21.7,18.4,-3.3000000000000007
2275,True,15,2,92,0.05,18,55,0.4,-6,1,4,False,0,0.4666666666666667,0.3265986323710904,21.7,18.4,-3.3000000000000007
2276,False,16,1,22,0.05,3,2,0.75,-3,2,6,False,0,0.325,0.3172801075810878,3.9499999999999997,0.75,-3.1999999999999997
2277,True,33,2,39,0.01,19,30,0.8,-17,1,2,False,0,0.5090909090909091,0.3744693214767703,19.2,20.6,1.4000000000000021
2278,False,16,1,-1,1.0,-1,12,0.8,-37,0,1,False,0,0.6500000000000001,0.3898717737923585,-1.0,2.200000000000003,3.200000000000003
2278,True,15,5,-1,1.0,-1,12,0.8,-37,0,1,False,0,0.6859770114942529,0.3090489272820155,-1.0,2.200000000000003,3.200000000000003
2280,False,18,1,-5,1.0,-5,-5,0.99,-11,0,1,False,0,0.2,0.3289913283319897,-5.0,-5.0600000000000005,-0.0600000000000005
2286,True,16,3,29,1.0,29,27,0.9,26,0,1,False,0,0.175,0.3492849839314596,29.0,26.9,-2.1000000000000014
2289,False,18,1,20,0.5,10,20,0.8,-14,0,1,False,0,0.1666666666666667,0.1847096290365598,15.0,13.200000000000001,-1.799999999999999
2289,True,15,4,20,0.5,10,20,0.8,-14,0,1,False,0,0.0933333333333333,0.1980860803744048,15.0,13.200000000000001,-1.799999999999999
2290,True,16,5,20,0.6,-12,13,0.6,3,3,6,False,0,0.475,0.3415650255319866,7.199999999999999,9.0,1.8000000000000007
2293,True,18,4,16,1.0,16,20,0.75,9,0,1,True,0,0.5444444444444445,0.3347030680929735,16.0,17.25,1.25
2294,False,16,1,54,0.1,-8,16,0.4,-9,1,6,False,0,0.7625000000000001,0.3030401513551188,-1.7999999999999998,1.0000000000000009,2.8000000000000007
2294,True,15,3,54,0.1,-8,16,0.4,-9,1,6,False,0,0.7999999999999999,0.3207134902949092,-1.7999999999999998,1.0000000000000009,2.8000000000000007
2295,False,15,1,25,0.25,-18,50,0.4,-40,0,1,False,0,0.6933333333333334,0.2604026186687142,-7.25,-4.0,3.25
2295,True,15,4,25,0.25,-18,50,0.4,-40,0,1,False,0,0.7866666666666667,0.3159264531651691,-7.25,-4.0,3.25
2296,False,16,1,-2,1.0,-2,9,0.8,-42,0,1,False,0,0.5375,0.3630886025935451,-2.0,-1.1999999999999984,0.8000000000000016
2298,True,18,5,-1,1.0,-1,28,0.05,-3,0,1,False,0,0.4777777777777778,0.3888982258449625,-1.0,-1.4499999999999995,-0.4499999999999995
2299,True,18,4,20,1.0,20,19,0.99,10,0,1,False,0,0.2555555555555556,0.341660688613412,20.0,18.91,-1.0899999999999999
2300,True,16,2,21,1.0,21,51,0.01,19,1,8,True,0,0.65,0.3614784456460256,21.0,19.32,-1.6799999999999997
2301,False,15,1,24,0.6,14,23,0.95,4,0,1,False,0,0.5866666666666667,0.3159264531651691,20.0,22.049999999999997,2.049999999999997
2301,True,16,5,24,0.6,14,23,0.95,4,0,1,False,0,0.7375,0.3403429642777023,20.0,22.049999999999997,2.049999999999997
2302,True,16,2,30,1.0,30,34,0.4,25,0,1,False,0,0.3375,0.4112987559751022,30.0,28.6,-1.3999999999999986
2303,True,18,3,24,1.0,24,46,0.05,26,0,1,False,0,0.8222222222222223,0.2263665833672441,24.0,27.0,3.0
2305,False,16,1,1,1.0,1,57,0.4,-37,0,1,False,0,0.4749999999999999,0.4312771730569565,1.0,0.6000000000000014,-0.3999999999999986
2306,True,15,4,74,0.4,-11,21,0.5,20,0,1,False,0,0.52,0.445934011774324,23.0,20.5,-2.5
2308,False,16,1,4,1.0,4,4,1.0,4,2,2,True,0,0.6124999999999999,0.2963668897386031,4.0,4.0,0.0
2309,False,15,1,2,1.0,2,42,0.25,-7,0,1,False,0,0.52,0.3839642840533107,2.0,5.25,3.25
2309,True,30,2,2,1.0,2,42,0.25,-7,0,1,False,0,0.4333333333333333,0.3487251000462956,2.0,5.25,3.25
2315,True,16,3,75,0.4,-15,29,0.75,-7,1,4,True,0,0.6874999999999999,0.3008321791298265,21.0,20.0,-1.0
2318,True,16,5,-2,1.0,-2,-2,1.0,-2,2,7,True,0,0.6375000000000001,0.3117156824201609,-2.0,-2.0,0.0
2320,True,15,3,49,0.5,5,31,0.95,17,0,1,False,-1,0.6666666666666667,0.4186144947778269,27.0,30.3,3.3000000000000007
2325,True,17,4,35,0.4,10,24,0.9,-20,1,6,False,0,0.411764705882353,0.3838657853683636,20.0,19.6,-0.3999999999999986
2328,False,16,1,28,0.01,26,27,0.8,25,2,6,False,0,0.5875,0.3757215280851853,26.02,26.6,0.5800000000000018
2329,False,16,1,6,1.0,6,51,0.05,6,0,1,True,0,0.7875000000000001,0.3304037933599835,6.0,8.25,2.25
2329,True,19,2,6,1.0,6,51,0.05,6,0,1,True,0,0.8842105263157896,0.3149306059272544,6.0,8.25,2.25
2331,True,16,3,73,0.01,19,115,0.25,-8,0,1,True,0,0.475,0.3,19.54,22.75,3.210000000000001
2333,False,16,1,11,1.0,11,12,0.95,-28,0,1,False,0,0.225,0.3642343567906063,11.0,9.999999999999996,-1.0000000000000036
2333,True,15,2,11,1.0,11,12,0.95,-28,0,1,False,0,0.3066666666666666,0.384460041889302,11.0,9.999999999999996,-1.0000000000000036
2335,True,16,4,37,0.4,-13,7,1.0,7,2,5,False,0,0.7999999999999999,0.2633122354417533,7.000000000000001,7.0,-8.881784197001252e-16
2339,False,16,1,29,1.0,29,53,0.6,0,2,3,False,0,0.325,0.2909753712372692,29.0,31.799999999999997,2.799999999999997
2340,True,17,5,30,1.0,30,32,0.8,13,0,1,False,0,0.3529411764705882,0.3970479301337931,30.0,28.200000000000003,-1.7999999999999972
2341,True,17,3,53,0.25,0,31,0.5,2,1,4,False,1,0.4941176470588234,0.3880570000581328,13.25,16.5,3.25
2345,True,15,2,-2,1.0,-2,14,0.25,-11,0,1,True,0,0.5066666666666666,0.4131182235954578,-2.0,-4.75,-2.75
2346,False,16,1,2,1.0,2,2,1.0,2,3,4,True,0,0.175,0.2816617356570348,2.0,2.0,0.0
2346,True,17,5,2,1.0,2,2,1.0,2,3,4,True,0,0.3882352941176471,0.4270280332442714,2.0,2.0,0.0
2350,True,16,4,-1,0.25,-6,49,0.01,-2,0,1,False,0,0.7875000000000001,0.2872281323269014,-4.75,-1.49,3.26
2351,False,16,1,31,0.9,2,35,0.5,23,0,1,False,0,0.6,0.4066120181860508,28.1,29.0,0.8999999999999986
2352,False,16,1,-2,1.0,-2,22,0.6,-34,0,1,False,0,0.6875,0.3721558813185679,-2.0,-0.40000000000000213,1.5999999999999979
2352,True,15,3,-2,1.0,-2,22,0.6,-34,0,1,False,0,0.6133333333333333,0.4103424818136094,-2.0,-0.40000000000000213,1.5999999999999979
2353,True,15,4,1,1.0,1,13,0.01,-1,0,1,False,0,0.1866666666666666,0.2972893411828826,1.0,-0.86,-1.8599999999999999
2355,True,15,2,41,0.6,-16,59,0.4,-4,1,2,False,-1,0.4533333333333333,0.3739111175259754,18.199999999999996,21.200000000000003,3.000000000000007
2356,True,15,2,25,0.6,20,23,0.9,0,1,8,False,0,0.2533333333333333,0.2972893411828826,23.0,20.7,-2.3000000000000007
2357,False,16,1,26,1.0,26,40,0.01,23,0,1,False,0,0.3625,0.3810074364978545,26.0,23.169999999999998,-2.830000000000002
2359,False,15,1,95,0.1,-13,43,0.4,-28,0,1,False,0,0.6933333333333334,0.3844600418893019,-2.200000000000001,0.3999999999999986,2.5999999999999996
2359,True,15,4,95,0.1,-13,43,0.4,-28,0,1,False,0,0.4799999999999999,0.3985688683993556,-2.200000000000001,0.3999999999999986,2.5999999999999996
2360,True,15,2,14,1.0,14,33,0.1,9,0,1,False,0,0.2014814814814814,0.2507789159156775,14.0,11.4,-2.5999999999999996
2363,True,15,2,30,1.0,30,38,0.75,17,3,4,False,0,0.5333333333333333,0.3976119189552021,30.0,32.75,2.75
2365,True,20,2,47,0.5,-17,13,0.95,-10,1,8,True,0,0.3999999999999999,0.3783621211707669,15.0,11.85,-3.1500000000000004
2366,False,15,1,1,0.9,-25,2,0.95,-39,1,6,True,0,0.3066666666666666,0.4333699618219101,-1.5999999999999996,-0.05000000000000182,1.5499999999999978
2366,True,19,3,1,0.9,-25,2,0.95,-39,1,6,True,0,0.7157894736842104,0.3961805955968633,-1.5999999999999996,-0.05000000000000182,1.5499999999999978
2370,True,19,5,1,1.0,1,64,0.4,-36,0,1,False,0,0.4421052631578948,0.3305143961794575,1.0,4.0000000000000036,3.0000000000000036
2374,True,16,4,37,0.8,-2,34,0.9,-29,0,1,False,0,0.25,0.2476556749467561,29.200000000000003,27.700000000000003,-1.5
2376,False,16,1,28,1.0,28,26,0.4,26,3,6,True,0,0.2625,0.2276693508870557,28.0,26.0,-2.0
2376,True,19,4,28,1.0,28,26,0.4,26,3,6,True,0,0.2842105263157895,0.4232981060077018,28.0,26.0,-2.0
2378,False,16,1,4,1.0,4,5,0.75,-4,1,6,True,0,0.5625,0.3879432948254165,4.0,2.75,-1.25
2378,True,15,2,4,1.0,4,5,0.75,-4,1,6,True,0,0.3466666666666667,0.4307247491424304,4.0,2.75,-1.25
2381,False,16,1,40,0.05,17,82,0.4,-23,0,1,True,0,0.3875,0.3383784863137726,18.15,19.000000000000007,0.8500000000000085
2381,True,15,2,40,0.05,17,82,0.4,-23,0,1,True,0,0.3066666666666667,0.3453086955726647,18.15,19.000000000000007,0.8500000000000085
2382,True,16,2,12,0.6,5,43,0.2,0,0,1,False,0,0.3,0.2828427124746189,9.2,8.6,-0.5999999999999996
2384,True,16,4,1,1.0,1,1,1.0,1,1,8,True,0,0.6749999999999999,0.3642343567906062,1.0,1.0,0.0
2385,False,16,1,25,0.4,-5,17,0.75,-18,0,1,False,0,0.4500000000000001,0.3966526608171605,7.0,8.25,1.25
2388,False,16,1,-1,1.0,-1,62,0.4,-45,2,5,True,0,0.7375,0.3630886025935451,-1.0,-2.1999999999999993,-1.1999999999999993
2388,True,19,4,-1,1.0,-1,62,0.4,-45,2,5,True,0,0.7578947368421053,0.3237210552890047,-1.0,-2.1999999999999993,-1.1999999999999993
2389,True,16,3,82,0.01,2,32,0.2,-7,1,8,False,0,0.3875,0.3685557397915997,2.8,0.7999999999999998,-2.0
2390,True,16,2,18,0.9,5,25,0.8,-31,0,1,False,0,0.3375,0.3774917217635375,16.7,13.8,-2.8999999999999986
2395,True,19,2,10,1.0,10,81,0.1,1,1,6,False,0,0.5263157894736841,0.4011678856970232,10.0,9.0,-1.0
2396,False,16,1,-10,1.0,-10,75,0.25,-37,0,1,False,0,0.5375,0.370360185045135,-10.0,-9.0,1.0
2397,False,16,1,13,1.0,13,17,0.6,1,0,1,False,0,0.35,0.3141125063837265,13.0,10.6,-2.4000000000000004
2401,False,16,1,13,0.5,5,14,0.4,9,1,6,False,0,0.8125,0.2473189573539939,9.0,11.0,2.0
2401,True,16,4,13,0.5,5,14,0.4,9,1,6,False,0,0.7374999999999999,0.3480900266693469,9.0,11.0,2.0
2402,True,18,5,-9,1.0,-9,-7,0.8,-12,0,1,False,0,0.5444444444444445,0.3868762109698386,-9.0,-8.0,1.0
2404,True,31,3,8,0.8,-28,1,1.0,1,1,8,False,0,0.4838709677419354,0.3493773262949848,0.8000000000000016,1.0,0.1999999999999984
2405,True,17,3,28,0.6,18,28,0.95,-32,1,6,False,0,0.5294117647058824,0.3804022638641116,24.0,24.999999999999996,0.9999999999999964
2406,False,16,1,29,1.0,29,27,0.75,26,0,1,False,0,0.3375,0.3913651321549567,29.0,26.75,-2.25
2406,True,15,2,29,1.0,29,27,0.75,26,0,1,False,0,0.12,0.1971221521218324,29.0,26.75,-2.25
2407,True,16,2,45,0.75,-40,45,0.4,14,2,6,False,0,0.6125,0.4470272176650247,23.75,26.4,2.6499999999999986
2409,False,31,1,18,1.0,18,92,0.1,8,3,6,False,0,0.4516129032258064,0.3501151884184551,18.0,16.400000000000002,-1.5999999999999979
2409,True,15,3,18,1.0,18,92,0.1,8,3,6,False,0,0.4533333333333333,0.3661901665736508,18.0,16.400000000000002,-1.5999999999999979
2410,True,16,4,-6,1.0,-6,48,0.2,-18,1,6,True,0,0.7375,0.2895398648430529,-6.0,-4.799999999999999,1.200000000000001
2411,True,16,4,10,0.6,-2,78,0.05,3,3,5,False,0,0.625,0.3255764119219941,5.2,6.75,1.5499999999999998
2412,True,16,2,65,0.5,-5,33,0.6,28,3,2,False,0,0.625,0.3714835124201342,30.0,31.0,1.0
2415,True,19,3,-7,0.95,-18,-8,1.0,-8,2,2,False,0,0.3789473684210526,0.3881279104287673,-7.550000000000001,-8.0,-0.4499999999999993
2418,True,16,3,43,0.4,18,36,0.8,-18,0,1,False,0,0.24375,0.3161618783682393,28.0,25.200000000000003,-2.799999999999997
2420,False,16,1,7,1.0,7,22,0.1,5,1,8,False,0,0.725,0.3492849839314596,7.0,6.7,-0.2999999999999998
2421,True,33,4,4,1.0,4,57,0.4,-32,2,3,False,0,0.5151515151515151,0.384155902695452,4.0,3.6000000000000014,-0.3999999999999986
2422,False,16,1,29,0.99,1,29,0.05,27,0,1,False,0,0.4749999999999999,0.4187282332651254,28.720000000000002,27.099999999999998,-1.6200000000000045
2422,True,19,4,29,0.99,1,29,0.05,27,0,1,False,0,0.3052631578947368,0.4287885832468106,28.720000000000002,27.099999999999998,-1.6200000000000045
2425,True,20,2,12,1.0,12,62,0.01,13,1,6,False,0,0.76,0.4083342284272323,12.0,13.489999999999998,1.4899999999999984
2426,True,17,5,9,0.4,6,48,0.01,4,0,1,True,0,0.6754010695187165,0.3526722764336606,7.199999999999999,4.4399999999999995,-2.76
2428,True,16,5,29,1.0,29,32,0.01,30,1,6,False,0,0.85,0.2476556749467561,29.0,30.02,1.0199999999999996
2430,True,16,4,3,1.0,3,33,0.2,-7,0,1,False,0,0.275,0.3087609647175843,3.0,1.0,-2.0
2432,False,16,1,33,0.05,25,32,0.8,-9,3,2,False,0,0.2875,0.3862210075418823,25.4,23.8,-1.5999999999999979
2432,True,19,2,33,0.05,25,32,0.8,-9,3,2,False,0,0.3157894736842105,0.3354319899518246,25.4,23.8,-1.5999999999999979
2434,True,16,4,-10,1.0,-10,35,0.2,-25,0,1,True,0,0.7749999999999999,0.2816617356570347,-10.0,-13.0,-3.0
2438,False,16,1,36,0.6,18,53,0.6,-3,1,2,True,0,0.55,0.322490309931942,28.799999999999997,30.599999999999998,1.8000000000000007
2438,True,15,3,36,0.6,18,53,0.6,-3,1,2,True,0,0.4666666666666666,0.3976119189552021,28.799999999999997,30.599999999999998,1.8000000000000007
2440,False,17,1,9,1.0,9,43,0.1,8,0,1,False,0,0.6705882352941176,0.3804022638641116,9.0,11.5,2.5
2440,True,19,2,9,1.0,9,43,0.1,8,0,1,False,0,0.6421052631578948,0.3920257778849699,9.0,11.5,2.5
2441,True,16,5,27,0.8,16,25,1.0,25,0,1,False,0,0.3875,0.4031128874149275,24.8,25.0,0.1999999999999993
2442,False,17,1,103,0.05,7,19,0.25,6,0,1,False,0,0.4,0.4183300132670378,11.8,9.25,-2.5500000000000007
2442,True,18,3,103,0.05,7,19,0.25,6,0,1,False,0,0.4555555555555556,0.4488183468807085,11.8,9.25,-2.5500000000000007
2448,False,16,1,23,1.0,23,23,1.0,23,2,2,False,0,0.575,0.4187282332651254,23.0,23.0,0.0
2448,True,15,3,23,1.0,23,23,1.0,23,2,2,False,0,0.68,0.4262795863213317,23.0,23.0,0.0
2449,True,17,3,9,1.0,9,30,0.01,6,2,6,True,0,0.7058823529411764,0.3944467458277704,9.0,6.239999999999999,-2.7600000000000007
2451,True,18,4,61,0.01,4,25,0.25,-5,0,1,False,0,0.2444444444444445,0.3033581114637446,4.57,2.5,-2.0700000000000003
2453,True,16,5,10,0.75,-38,-2,1.0,-2,1,4,False,0,0.15,0.2,-2.0,-2.0,0.0
2454,False,16,1,52,0.1,19,85,0.1,12,1,2,False,0,0.6625000000000001,0.3242941051987634,22.3,19.3,-3.0
2454,True,16,5,52,0.1,19,85,0.1,12,1,2,False,0,0.5990384615384615,0.3352984481169942,22.3,19.3,-3.0
2461,True,19,2,50,0.6,-18,26,0.95,-35,0,1,True,0,0.2315789473684211,0.2925987612545879,22.8,22.95,0.14999999999999858
2462,False,16,1,15,1.0,15,39,0.1,16,1,6,False,0,0.8,0.3098386676965933,15.0,18.3,3.3000000000000007
2463,True,16,3,-2,1.0,-2,65,0.1,-12,1,2,False,0,0.4375,0.3947573094109004,-2.0,-4.300000000000001,-2.3000000000000007
2468,True,16,5,25,1.0,25,30,0.75,13,0,1,False,0,0.4625,0.3630886025935451,25.0,25.75,0.75
2469,False,16,1,55,0.5,-5,34,0.6,17,0,1,False,0,0.6125,0.3612478373637689,25.0,27.2,2.1999999999999993
2469,True,15,3,55,0.5,-5,34,0.6,17,0,1,False,0,0.6266666666666668,0.3918211448145819,25.0,27.2,2.1999999999999993
2470,True,16,2,-6,1.0,-6,85,0.25,-35,2,7,False,0,0.7625,0.3030401513551189,-6.0,-5.0,1.0
2471,False,16,1,13,0.95,-9,10,0.99,2,0,1,False,-1,0.6,0.3932768321000701,11.899999999999999,9.92,-1.9799999999999986
2471,True,15,3,13,0.95,-9,10,0.99,2,0,1,False,-1,0.6399999999999999,0.3942443042436649,11.899999999999999,9.92,-1.9799999999999986
2472,True,16,2,8,1.0,8,57,0.2,-3,0,1,False,0,0.325,0.4057914078275521,8.0,9.0,1.0
2474,True,18,4,3,1.0,3,8,0.8,-28,1,4,False,0,0.6888888888888888,0.3644316911525942,3.0,0.8000000000000016,-2.1999999999999984
2477,False,16,1,25,0.9,16,26,0.4,22,0,1,False,0,0.4875,0.3792536530256938,24.1,23.6,-0.5
2477,True,16,2,25,0.9,16,26,0.4,22,0,1,False,0,0.6375,0.3739429546512855,24.1,23.6,-0.5
2479,True,16,4,24,1.0,24,25,0.99,2,1,2,False,0,0.525,0.4187282332651254,24.0,24.77,0.7699999999999996
2481,True,17,5,-4,0.05,-9,47,0.01,-11,0,1,False,0,0.4470588235294118,0.3842486939776497,-8.749999999999998,-10.42,-1.6700000000000017
2483,False,31,1,0,1.0,0,23,0.6,-33,1,8,False,0,0.6064516129032258,0.3244847031535465,0.0,0.5999999999999979,0.5999999999999979
2485,False,16,1,11,1.0,11,13,0.9,-23,0,1,False,0,0.175,0.2909753712372692,11.0,9.400000000000002,-1.5999999999999979
2485,True,16,2,11,1.0,11,13,0.9,-23,0,1,False,0,0.2125,0.2963668897386031,11.0,9.400000000000002,-1.5999999999999979
2487,False,16,1,11,1.0,11,12,0.99,-5,0,1,True,0,0.0625,0.1204159457879229,11.0,11.829999999999998,0.8299999999999983
2487,True,15,2,11,1.0,11,12,0.99,-5,0,1,True,0,0.2933333333333333,0.384460041889302,11.0,11.829999999999998,0.8299999999999983
2488,True,17,4,4,1.0,4,6,0.6,1,0,1,False,0,0.3647058823529412,0.2935582916359803,4.0,3.9999999999999996,-4.440892098500626e-16
2490,True,17,2,35,0.1,-4,21,0.2,-2,1,4,False,0,0.6352941176470589,0.3951916884098593,-0.10000000000000009,2.6,2.7
2492,False,15,1,43,0.01,20,33,0.4,9,1,2,False,0,0.28,0.2596701204000403,20.23,18.6,-1.629999999999999
2492,True,16,4,43,0.01,20,33,0.4,9,1,2,False,0,0.3625,0.3518996068956789,20.23,18.6,-1.629999999999999
2494,False,15,1,4,1.0,4,4,1.0,4,1,4,False,0,0.3866666666666666,0.341983012666391,4.0,4.0,0.0
2495,True,17,5,23,1.0,23,42,0.75,-21,3,4,False,0,0.4941176470588236,0.3543843045256345,23.0,26.25,3.25
2496,True,17,3,15,0.9,13,15,1.0,15,0,1,False,0,0.8941176470588235,0.2656844656620286,14.8,15.0,0.1999999999999993
2499,True,17,3,30,1.0,30,92,0.1,20,0,1,False,0,0.6235294117647061,0.3597384670922507,30.0,27.200000000000003,-2.799999999999997
2500,True,17,2,34,0.8,-2,27,1.0,27,0,1,False,0,0.4470588235294117,0.4032952501871668,26.800000000000004,27.0,0.19999999999999574
2503,False,15,1,27,0.6,20,28,0.95,17,0,1,False,0,0.6799999999999999,0.360951124510943,24.2,27.45,3.25
2506,False,15,1,43,0.05,20,21,1.0,21,1,4,False,0,0.4666666666666667,0.3436498771936898,21.15,21.0,-0.14999999999999858
2508,False,15,1,23,1.0,23,23,0.8,16,0,1,False,0,0.3733333333333333,0.4061433010064071,23.0,21.6,-1.3999999999999986
2510,True,17,4,64,0.2,16,66,0.4,0,2,5,False,0,0.4235294117647058,0.3800154795608757,25.6,26.400000000000002,0.8000000000000007
2512,True,15,2,20,0.01,-10,78,0.1,-17,0,1,False,0,0.7200000000000001,0.3447566429485338,-9.700000000000001,-7.5,2.200000000000001
2513,False,15,1,-6,0.9,-16,-7,0.75,-8,3,2,True,-1,0.6133333333333334,0.4307247491424303,-7.0,-7.25,-0.25
2513,True,15,2,-6,0.9,-16,-7,0.75,-8,3,2,True,-1,0.6,0.3854496446637726,-7.0,-7.25,-0.25
2514,True,17,4,57,0.6,-23,25,1.0,25,1,4,True,0,0.5647058823529413,0.3823303160726799,24.999999999999993,25.0,7.105427357601002e-15
2515,False,15,1,9,1.0,9,61,0.25,-9,1,4,True,0,0.52,0.3277629805645711,9.0,8.5,-0.5
2516,False,15,1,28,1.0,28,38,0.05,28,0,1,False,0,0.8533333333333334,0.2669046557070431,28.0,28.499999999999996,0.49999999999999645
2520,True,18,4,20,1.0,20,21,0.8,9,0,1,False,0,0.3111111111111111,0.3512815008087638,20.0,18.6,-1.3999999999999986
2521,True,17,4,27,1.0,27,32,0.75,20,1,6,False,0,0.7529411764705882,0.3429971702850177,27.0,29.0,2.0
2522,True,17,5,8,0.8,-17,64,0.25,-19,3,3,False,0,0.3058823529411764,0.3749509771878421,3.000000000000001,1.75,-1.2500000000000009
2524,False,15,1,30,1.0,30,44,0.8,-26,0,1,False,0,0.1066666666666666,0.1667618775665584,30.0,30.000000000000004,3.552713678800501e-15
2525,True,17,5,27,1.0,27,28,0.99,19,0,1,True,0,0.4,0.4123105625617661,27.0,27.91,0.9100000000000001
2526,False,15,1,4,0.8,-2,5,0.75,-3,0,1,True,0,0.3333333333333333,0.3598941643369749,2.8000000000000003,3.0,0.19999999999999973
2528,True,17,5,30,0.8,10,68,0.01,23,0,1,False,0,0.411764705882353,0.4151541173786797,26.0,23.45,-2.5500000000000007
2529,True,17,3,10,1.0,10,91,0.05,8,0,1,True,0,0.776470588235294,0.3152963125472328,10.0,12.149999999999999,2.1499999999999986
2530,True,17,5,15,0.01,8,26,0.4,0,1,4,False,0,0.5529411764705883,0.4094472601245848,8.07,10.4,2.33
2534,True,17,3,16,0.75,-40,11,0.8,-25,0,1,False,0,0.5058823529411766,0.4478707796832895,2.0,3.8000000000000016,1.8000000000000016
2538,True,16,3,49,0.05,2,3,0.99,-13,0,1,False,0,0.3875,0.3685557397915997,4.35,2.84,-1.5099999999999998
2539,True,18,3,15,0.1,13,68,0.05,7,0,1,False,-1,0.4888888888888889,0.4185252664927298,13.200000000000001,10.05,-3.1500000000000004
2541,True,16,3,8,1.0,8,10,0.95,8,3,6,False,0,0.35,0.2966479394838265,8.0,9.9,1.9000000000000004
2542,False,16,1,-7,1.0,-7,59,0.25,-26,0,1,False,0,0.6625000000000001,0.3403429642777023,-7.0,-4.75,2.25
2542,True,16,2,-7,1.0,-7,59,0.25,-26,0,1,False,0,0.7,0.3425395354310701,-7.0,-4.75,2.25
2543,True,17,3,45,0.1,-3,2,1.0,2,3,5,False,0,0.4941176470588234,0.4365641250653993,1.7999999999999998,2.0,0.20000000000000018
2544,False,16,1,51,0.25,-25,13,0.5,-21,0,1,False,0,0.4125,0.3757215280851853,-6.0,-4.0,2.0
2544,True,15,3,51,0.25,-25,13,0.5,-21,0,1,False,0,0.44,0.4154171741411621,-6.0,-4.0,2.0
2550,True,16,3,22,0.25,22,25,0.95,16,1,2,False,0,0.6499999999999999,0.3464101615137754,22.0,24.55,2.5500000000000007
2551,False,17,1,57,0.05,-14,-10,0.95,-13,0,1,False,0,0.2117647058823529,0.3199264621385212,-10.45,-10.15,0.29999999999999893
2551,True,16,3,57,0.05,-14,-10,0.95,-13,0,1,False,0,0.2125,0.3222318006239194,-10.45,-10.15,0.29999999999999893
2554,True,16,3,4,0.75,-48,17,0.2,-19,0,1,False,0,0.4,0.3265986323710904,-9.0,-11.8,-2.8000000000000007
2557,True,16,4,61,0.01,2,5,0.8,-21,2,5,False,1,0.3750000000000001,0.3642343567906063,2.59,-0.1999999999999993,-2.789999999999999
2560,True,17,3,8,1.0,8,20,0.5,-5,1,6,False,0,0.5058823529411764,0.4130232866245167,8.0,7.5,-0.5
2562,True,17,3,6,1.0,6,70,0.1,-1,3,2,False,0,0.4,0.4301162633521313,6.0,6.1,0.09999999999999964
2563,False,15,1,12,1.0,12,48,0.05,9,0,1,False,0,0.6266666666666667,0.3369329451445933,12.0,10.95,-1.0500000000000007
2563,True,15,4,12,1.0,12,48,0.05,9,0,1,False,0,0.3066666666666666,0.3769552202785341,12.0,10.95,-1.0500000000000007
2564,False,15,1,-8,1.0,-8,-4,0.6,-6,2,7,False,0,0.7599999999999999,0.386929303250976,-8.0,-4.800000000000001,3.1999999999999993
2564,True,16,4,-8,1.0,-8,-4,0.6,-6,2,7,False,0,0.9375,0.1586400537905439,-8.0,-4.800000000000001,3.1999999999999993
2565,False,17,1,50,0.25,11,21,1.0,21,1,2,True,0,0.3176470588235295,0.3086974532565159,20.75,21.0,0.25
2566,False,16,1,29,1.0,29,29,1.0,29,3,2,False,0,0.4125,0.4161329915623931,29.0,29.0,0.0
2566,True,15,3,29,1.0,29,29,1.0,29,3,2,False,0,0.6533333333333332,0.4033195589934446,29.0,29.0,0.0
2567,True,18,2,20,1.0,20,17,0.99,-3,1,2,False,0,0.2111111111111111,0.3323514951671939,20.0,16.799999999999997,-3.200000000000003
2568,True,16,4,6,0.95,-20,20,0.1,5,1,6,False,0,0.8,0.3098386676965933,4.699999999999998,6.5,1.8000000000000016
2569,False,16,1,3,1.0,3,3,0.75,-6,0,1,False,0,0.175,0.262043253427114,3.0,0.75,-2.25
2569,True,16,4,3,1.0,3,3,0.75,-6,0,1,False,0,0.0875,0.2629955639676583,3.0,0.75,-2.25
2571,False,17,1,4,1.0,4,8,0.9,-8,3,3,False,0,0.5647058823529412,0.3888141851684881,4.0,6.4,2.4000000000000004
2571,True,15,5,4,1.0,4,8,0.9,-8,3,3,False,0,0.6933333333333334,0.4199773236508757,4.0,6.4,2.4000000000000004
2572,False,16,1,28,1.0,28,51,0.25,24,1,6,False,0,0.575,0.4494441010848846,28.0,30.75,2.75
2572,True,16,5,28,1.0,28,51,0.25,24,1,6,False,0,0.7874999999999999,0.3304037933599834,28.0,30.75,2.75
2574,True,18,2,27,0.05,-5,7,0.8,-44,0,1,False,0,0.6444444444444445,0.3184931843803443,-3.4,-3.1999999999999966,0.2000000000000033
2576,True,17,5,37,0.6,-18,95,0.2,-9,0,1,False,-1,0.5058823529411766,0.3815602643018762,15.0,11.8,-3.1999999999999993
2578,True,16,3,-10,1.0,-10,2,0.6,-27,0,1,False,0,0.5625,0.284897642437888,-10.0,-9.600000000000001,0.3999999999999986
2579,False,16,1,-3,1.0,-3,66,0.01,-4,0,1,False,0,0.5375,0.3981205847478877,-3.0,-3.3,-0.2999999999999998
2580,True,16,5,7,1.0,7,11,0.8,-10,0,1,False,0,0.35,0.3540244812627134,7.0,6.800000000000001,-0.1999999999999993
2582,True,18,3,10,0.4,-23,87,0.1,-24,0,1,True,0,0.5888888888888889,0.3724148365163724,-9.799999999999999,-12.9,-3.1000000000000014
2588,False,15,1,6,1.0,6,68,0.25,-15,0,1,False,0,0.3333333333333333,0.3976119189552021,6.0,5.75,-0.25
2588,True,15,5,6,1.0,6,68,0.25,-15,0,1,False,0,0.24,0.3135055251278904,6.0,5.75,-0.25
2589,False,15,1,14,0.9,14,31,0.75,-44,1,2,False,0,0.4533333333333333,0.4437931736207543,14.0,12.25,-1.75
2589,True,15,4,14,0.9,14,31,0.75,-44,1,2,False,0,0.3466666666666667,0.3888934240098375,14.0,12.25,-1.75
2591,True,18,2,66,0.5,-42,12,1.0,12,1,2,False,0,0.8,0.2473387769603369,12.0,12.0,0.0
2592,True,15,4,6,1.0,6,38,0.4,-19,0,1,False,0,0.1733333333333333,0.2814926202195987,6.0,3.8000000000000007,-2.1999999999999993
2596,True,16,3,-6,1.0,-6,50,0.4,-42,0,1,False,0,0.65,0.3141125063837266,-6.0,-5.199999999999999,0.8000000000000007
2597,True,17,4,22,1.0,22,37,0.75,-20,0,1,False,0,0.3411764705882353,0.3222165877352758,22.0,22.75,0.75
2599,True,17,5,-2,1.0,-2,8,0.4,-10,0,1,True,0,0.6352941176470589,0.3019544180637788,-2.0,-2.8,-0.7999999999999998
2605,True,16,5,24,1.0,24,29,0.9,2,0,1,False,0,0.575,0.3855731664245668,24.0,26.3,2.3000000000000007
2606,True,17,5,-2,1.0,-2,42,0.1,-9,0,1,False,0,0.5529411764705884,0.4155081934493343,-2.0,-3.8999999999999995,-1.8999999999999995
2608,True,17,5,5,1.0,5,14,0.1,6,1,8,False,0,0.9058823529411764,0.2357715743980127,5.0,6.800000000000001,1.8000000000000007
2609,True,17,4,18,1.0,18,20,0.4,12,2,7,False,0,0.6588235294117648,0.4228753118967395,18.0,15.2,-2.8000000000000007
2610,True,18,3,38,0.25,-11,8,0.75,-7,0,1,False,0,0.6666666666666666,0.3694192580731196,1.25,4.25,3.0
2613,True,15,3,12,1.0,12,29,0.5,-4,1,4,True,0,0.6666666666666665,0.3754362541795624,12.0,12.5,0.5
2614,True,18,5,88,0.25,-29,15,0.4,-7,0,1,False,0,0.6111111111111112,0.302711061786821,0.25,1.7999999999999998,1.5499999999999998
2616,True,18,4,23,1.0,23,29,0.1,23,1,2,False,0,0.7888888888888889,0.3724148365163723,23.0,23.6,0.6000000000000014
2621,True,17,5,17,1.0,17,29,0.5,7,2,7,False,0,0.7176470588235295,0.3539690913724796,17.0,18.0,1.0
2622,True,15,5,29,0.01,11,21,0.01,11,1,4,False,0,0.4266666666666667,0.4399134113934349,11.18,11.100000000000001,-0.0799999999999983
2623,True,18,2,43,0.25,-21,29,0.5,-38,1,2,False,0,0.5222222222222223,0.3828001406901757,-5.0,-4.5,0.5
2624,True,17,3,12,1.0,12,79,0.1,3,0,1,True,0,0.7058823529411765,0.3472581680740104,12.0,10.600000000000001,-1.3999999999999986
2626,True,15,4,26,0.6,23,53,0.6,-21,0,1,False,0,0.2133333333333332,0.358302877997027,24.8,23.4,-1.4000000000000021
2628,True,17,2,5,1.0,5,23,0.2,-1,0,1,False,0,0.1411764705882353,0.2319989857990002,5.0,3.8000000000000007,-1.1999999999999993
2629,True,18,2,34,0.8,-21,23,1.0,23,0,1,False,0,0.6777777777777777,0.3703028260849976,23.000000000000004,23.0,-3.552713678800501e-15
2630,True,18,2,13,1.0,13,14,0.99,-6,0,1,False,0,0.3666666666666665,0.3378130356555584,13.0,13.799999999999999,0.7999999999999989
2631,True,18,5,24,0.8,-4,25,0.8,5,3,3,False,0,0.6777777777777777,0.3507228762822756,18.400000000000002,21.0,2.599999999999998
2634,True,17,5,20,1.0,20,35,0.6,-7,0,1,True,0,0.2941176470588236,0.3249434339913913,20.0,18.2,-1.8000000000000007
2635,True,17,4,13,0.05,-5,11,0.75,-50,1,8,False,0,0.7882352941176469,0.3351909025860794,-4.1,-4.25,-0.15000000000000036
2636,True,18,2,-7,1.0,-7,10,0.25,-10,1,2,False,0,0.7888888888888889,0.2517909704704628,-7.0,-5.0,2.0
2639,False,15,1,11,1.0,11,11,0.6,9,1,4,False,0,0.56,0.304255531702266,11.0,10.2,-0.8000000000000007
2639,True,15,2,11,1.0,11,11,0.6,9,1,4,False,0,0.4266666666666667,0.4712698145385911,11.0,10.2,-0.8000000000000007
2640,True,16,5,12,1.0,12,9,0.99,0,1,6,True,0,0.2375,0.3442382895611701,12.0,8.91,-3.09
2641,True,17,5,13,0.5,-5,5,0.6,3,0,1,False,1,0.5529411764705883,0.3842486939776496,4.0,4.2,0.20000000000000018
2643,True,18,2,26,0.9,17,30,0.75,13,0,1,False,0,0.5333333333333334,0.4115966043420212,25.1,25.75,0.6499999999999986
2645,True,16,2,-1,1.0,-1,4,0.6,-6,0,1,False,0,0.7875000000000001,0.2578759391645526,-1.0,-4.440892098500626e-16,0.9999999999999996
2647,True,18,3,21,1.0,21,38,0.01,22,0,1,True,0,0.9111111111111112,0.1409584372989131,21.0,22.16,1.1600000000000001
2648,True,16,4,-6,1.0,-6,10,0.2,-7,0,1,False,0,0.85,0.2780887148615228,-6.0,-3.6000000000000005,2.3999999999999995
2649,True,17,4,10,0.01,8,73,0.2,-7,0,1,True,0,0.5176470588235293,0.3321055820775357,8.02,9.0,0.9800000000000004
2650,True,17,2,6,1.0,6,75,0.01,8,0,1,False,0,0.8823529411764706,0.2555271368114526,6.0,8.67,2.67
2658,True,17,5,53,0.5,-29,17,0.2,9,1,6,False,1,0.5176470588235293,0.2833621669296358,12.0,10.600000000000001,-1.3999999999999986
2659,True,17,3,-8,1.0,-8,13,0.1,-12,0,1,False,0,0.611764705882353,0.3276475868619675,-8.0,-9.5,-1.5
2660,True,17,2,44,0.1,23,101,0.01,22,1,2,False,0,0.5294117647058825,0.4119537381223056,25.1,22.790000000000003,-2.3099999999999987
2661,True,18,5,5,1.0,5,25,0.6,-20,1,8,False,0,0.6222222222222222,0.3135293504518695,5.0,7.0,2.0
2662,True,16,3,33,0.4,21,32,0.75,18,0,1,True,0,0.425,0.3924283374069717,25.8,28.5,2.6999999999999993
2663,True,17,5,-6,0.9,-17,8,0.2,-11,0,1,True,0,0.7647058823529412,0.2760008525136023,-7.1,-7.200000000000001,-0.10000000000000142
2664,True,17,4,0,0.99,-6,18,0.2,-2,3,6,False,0,0.6352941176470587,0.355213274791688,-0.06000000000000005,2.0,2.06
2665,False,16,1,43,0.1,24,25,0.5,21,1,2,False,0,0.2625,0.3324154027718932,25.900000000000002,23.0,-2.900000000000002
2665,True,16,3,43,0.1,24,25,0.5,21,1,2,False,0,0.3,0.3183289703016886,25.900000000000002,23.0,-2.900000000000002
2667,True,16,5,21,1.0,21,21,0.6,16,3,6,True,0,0.2125,0.296366889738603,21.0,19.0,-2.0
2669,True,17,4,26,1.0,26,49,0.4,13,0,1,True,0,0.5411764705882354,0.3373774287230322,26.0,27.400000000000002,1.4000000000000021
2671,True,17,4,68,0.1,2,36,0.1,8,0,1,False,0,0.5176470588235293,0.3321055820775357,8.600000000000001,10.8,2.1999999999999993
2672,True,18,4,105,0.05,21,25,1.0,25,0,1,False,0,0.2555555555555555,0.3681787005729087,25.2,25.0,-0.1999999999999993
2675,False,16,1,39,0.75,-14,61,0.1,24,0,1,False,0,0.725,0.3087609647175843,25.75,27.700000000000003,1.9500000000000028
2675,True,15,4,39,0.75,-14,61,0.1,24,0,1,False,0,0.64,0.33123146848433,25.75,27.700000000000003,1.9500000000000028
2677,True,16,4,25,1.0,25,58,0.25,17,1,8,True,0,0.7000000000000001,0.2921186973360885,25.0,27.25,2.25
2678,True,17,5,19,1.0,19,79,0.4,-23,1,8,False,0,0.4352941176470588,0.3757345746510897,19.0,17.800000000000004,-1.1999999999999957
2680,False,15,1,70,0.25,-26,30,0.4,-23,1,2,False,0,0.4133333333333333,0.4103424818136094,-2.0,-1.799999999999999,0.20000000000000107
2680,True,15,4,70,0.25,-26,30,0.4,-23,1,2,False,0,0.5999999999999999,0.3927922024247863,-2.0,-1.799999999999999,0.20000000000000107
2682,False,15,1,40,0.8,-40,29,0.9,-13,1,2,False,0,0.44,0.3869293032509759,24.0,24.8,0.8000000000000007
2682,True,16,2,40,0.8,-40,29,0.9,-13,1,2,False,0,0.5499999999999999,0.3759432581299116,24.0,24.8,0.8000000000000007
2685,True,15,4,13,0.4,-2,16,0.6,-15,2,5,False,-1,0.5866666666666667,0.3814758308514571,4.0,3.5999999999999996,-0.40000000000000036
2687,True,16,5,27,1.0,27,27,0.99,25,0,1,False,0,0.2,0.3346640106136303,27.0,26.98,-0.019999999999999574
2689,True,16,2,-3,1.0,-3,82,0.25,-35,0,1,False,0,0.55,0.4351245032554858,-3.0,-5.75,-2.75
2691,True,18,3,71,0.6,-32,27,0.95,19,0,1,False,0,0.6222222222222222,0.4051950228420232,29.8,26.599999999999998,-3.200000000000003
2692,True,16,4,77,0.5,-19,31,0.8,23,2,2,False,0,0.6000000000000001,0.4,29.0,29.4,0.3999999999999986
2695,True,18,2,31,0.4,6,57,0.01,14,0,1,False,0,0.2555555555555555,0.3745149368296233,16.0,14.43,-1.5700000000000003
2696,False,15,1,28,1.0,28,91,0.2,11,0,1,False,0,0.56,0.3641035959331198,28.0,27.0,-1.0
2696,True,15,2,28,1.0,28,91,0.2,11,0,1,False,0,0.5333333333333333,0.3976119189552021,28.0,27.0,-1.0
2698,True,17,2,29,0.01,13,13,1.0,13,0,1,False,0,0.2,0.3605551275463989,13.159999999999998,13.0,-0.15999999999999837
2699,True,19,3,9,1.0,9,11,0.4,11,0,1,False,0,0.8736842105263158,0.2600044983866366,9.0,11.0,2.0
2700,True,16,4,-3,0.01,-8,2,0.05,-11,0,1,False,0,0.4625000000000001,0.3774917217635375,-7.95,-10.35,-2.3999999999999995
2701,True,15,4,3,1.0,3,96,0.01,4,2,2,True,0,0.8933333333333333,0.2914659173083208,3.0,4.92,1.92
2702,True,16,2,62,0.01,19,18,0.99,-8,0,1,True,0,0.0375,0.1087811258138714,19.43,17.740000000000002,-1.6899999999999977
2703,True,20,3,28,1.0,28,28,0.99,12,0,1,False,0,0.22,0.2894641146743591,28.0,27.84,-0.16000000000000014
2704,True,15,5,0,1.0,0,3,0.9,-2,0,1,False,0,0.8533333333333334,0.1922300209446509,0.0,2.5,2.5
2706,True,16,4,10,1.0,10,17,0.75,-11,1,2,False,0,0.4375000000000001,0.4573474244670748,10.0,10.0,0.0
2708,False,15,1,54,0.2,24,66,0.25,18,0,1,False,0,0.6,0.3295017884191655,30.000000000000004,30.0,-3.552713678800501e-15
2708,True,16,2,54,0.2,24,66,0.25,18,0,1,False,0,0.5375,0.3630886025935451,30.000000000000004,30.0,-3.552713678800501e-15
2711,True,18,4,-10,1.0,-10,-6,0.1,-12,2,2,False,0,0.5555555555555557,0.3257971621264881,-10.0,-11.4,-1.4000000000000004
2717,True,16,3,33,0.1,12,14,1.0,14,1,6,False,0,0.275,0.3336665001664586,14.100000000000001,14.0,-0.10000000000000142
2720,True,16,4,32,0.25,-20,-7,1.0,-7,2,7,False,0,0.5750000000000001,0.3642343567906063,-7.0,-7.0,0.0
2726,True,18,3,5,1.0,5,12,0.01,7,1,8,False,0,0.9222222222222224,0.1832887646361064,5.0,7.05,2.05
2727,True,16,5,13,1.0,13,13,1.0,13,2,7,True,0,0.7875000000000001,0.2680174123696692,13.0,13.0,0.0
2728,True,15,5,22,1.0,22,44,0.75,-36,0,1,True,0,0.32,0.3839642840533107,22.0,24.0,2.0
2730,True,17,4,39,0.5,1,24,0.75,5,0,1,False,0,0.4588235294117648,0.37924072752246,20.0,19.25,-0.75
2732,True,16,3,96,0.4,-17,42,0.6,3,1,2,False,0,0.7375,0.3324154027718932,28.200000000000006,26.4,-1.8000000000000078
2733,False,16,1,-6,1.0,-6,15,0.01,-6,1,4,True,0,0.9125,0.2418677324489565,-6.0,-5.789999999999999,0.21000000000000085
2735,True,16,3,28,0.4,-30,4,0.1,-5,3,4,False,0,0.4375000000000001,0.3030401513551189,-6.799999999999999,-4.1,2.6999999999999993
2739,True,16,2,86,0.05,21,24,1.0,24,1,6,True,0,0.425,0.4434711565216689,24.25,24.0,-0.25
2740,False,16,1,-6,1.0,-6,92,0.05,-13,1,6,False,0,0.6249999999999999,0.3855731664245668,-6.0,-7.749999999999999,-1.7499999999999991
2741,False,16,1,28,1.0,28,104,0.1,17,3,2,True,0,0.7586538461538462,0.3541233585308928,28.0,25.700000000000003,-2.299999999999997
2742,False,16,1,-6,1.0,-6,16,0.01,-8,1,2,False,0,0.4125000000000001,0.4031128874149275,-6.0,-7.76,-1.7599999999999998
2742,True,15,2,-6,1.0,-6,16,0.01,-8,1,2,False,0,0.4266666666666665,0.4199773236508757,-6.0,-7.76,-1.7599999999999998
2743,True,16,5,106,0.4,-36,23,0.9,12,1,6,False,0,0.4375,0.3947573094109004,20.800000000000008,21.9,1.0999999999999908
2752,True,17,2,10,1.0,10,9,0.95,7,0,1,False,0,0.1294117647058823,0.1723539449880425,10.0,8.899999999999999,-1.1000000000000014
2756,True,17,5,79,0.25,3,23,0.95,-19,0,1,True,1,0.2117647058823529,0.2869720215917757,22.0,20.9,-1.1000000000000014
2757,True,15,2,17,0.75,-43,9,0.25,3,1,6,False,1,0.7866666666666667,0.2774029216723951,2.0,4.5,2.5
2758,False,15,1,24,1.0,24,61,0.01,22,0,1,False,0,0.4799999999999999,0.3529467786670229,24.0,22.39,-1.6099999999999994
2758,True,15,4,24,1.0,24,61,0.01,22,0,1,False,0,0.4933333333333334,0.4399134113934349,24.0,22.39,-1.6099999999999994
2759,True,18,3,5,0.25,-6,60,0.25,-22,3,4,False,1,0.4888888888888888,0.3007615606088472,-3.25,-1.5,1.75
2760,False,16,1,24,1.0,24,21,0.99,-13,0,1,False,0,0.15,0.2581988897471611,24.0,20.66,-3.34
2762,True,16,2,5,1.0,5,11,0.75,-16,0,1,False,0,0.525,0.3924283374069717,5.0,4.25,-0.75
2763,False,16,1,26,1.0,26,31,0.8,18,0,1,False,0,0.4583333333333333,0.3924283374069717,26.0,28.4,2.3999999999999986
2763,True,16,4,26,1.0,26,31,0.8,18,0,1,False,0,0.625,0.4187282332651256,26.0,28.4,2.3999999999999986
2766,True,17,5,73,0.01,22,36,0.5,7,0,1,False,0,0.4941176470588236,0.3399826985217301,22.51,21.5,-1.0100000000000016
2771,True,18,2,0,1.0,0,20,0.25,-11,0,1,False,0,0.3777777777777777,0.3281957012220812,0.0,-3.25,-3.25
2772,False,15,1,9,0.6,7,19,0.8,-50,0,1,False,0,0.1733333333333333,0.2250925735484552,8.2,5.200000000000003,-2.9999999999999964
2772,True,15,3,9,0.6,7,19,0.8,-50,0,1,False,0,0.4400000000000001,0.3718678720805473,8.2,5.200000000000003,-2.9999999999999964
2773,True,17,3,29,1.0,29,48,0.25,21,0,1,True,0,0.4705882352941178,0.3459853788138181,29.0,27.75,-1.25
2775,False,15,1,7,0.75,-33,-3,1.0,-3,1,6,False,0,0.2133333333333332,0.341983012666391,-3.0,-3.0,0.0
2776,False,16,1,-9,1.0,-9,8,0.25,-12,2,5,False,0,0.775,0.3415650255319866,-9.0,-7.0,2.0
2776,True,15,4,-9,1.0,-9,8,0.25,-12,2,5,False,0,0.8,0.2390457218668787,-9.0,-7.0,2.0
2777,False,15,1,-9,1.0,-9,-7,0.25,-11,0,1,False,0,0.4533333333333333,0.3739111175259754,-9.0,-10.0,-1.0
2779,True,18,2,-8,1.0,-8,-5,0.05,-8,1,2,False,0,0.7888888888888891,0.3462214335447066,-8.0,-7.85,0.15000000000000036
2780,False,16,1,14,1.0,14,74,0.1,5,1,6,True,0,0.7749999999999999,0.3,14.0,11.9,-2.0999999999999996
2780,True,15,2,14,1.0,14,74,0.1,5,1,6,True,0,0.5333333333333333,0.4253849796976628,14.0,11.9,-2.0999999999999996
2781,True,18,2,29,1.0,29,32,0.2,24,1,4,False,0,0.4232668566001899,0.3241220689436551,29.0,25.6,-3.3999999999999986
2782,True,16,4,23,1.0,23,68,0.25,7,2,5,True,0,0.7500000000000001,0.3540244812627134,23.0,22.25,-0.75
2784,False,16,1,24,0.05,-2,66,0.4,-49,0,1,False,0,0.4125,0.4224926034855522,-0.6999999999999997,-2.9999999999999964,-2.2999999999999967
2788,True,17,5,28,1.0,28,49,0.75,-33,1,2,False,0,0.588235294117647,0.3568654384729216,28.0,28.5,0.5
2789,True,16,2,23,0.2,8,11,1.0,11,0,1,False,0,0.3875,0.389657969677682,11.0,11.0,0.0
2791,True,16,4,9,1.0,9,9,1.0,9,1,8,False,0,0.65,0.3759432581299116,9.0,9.0,0.0
2793,True,16,2,17,1.0,17,38,0.6,-19,1,8,False,0,0.55,0.3464101615137755,17.0,15.2,-1.8000000000000007
2796,True,16,5,27,1.0,27,25,0.95,23,1,2,False,0,0.075,0.1770122406313567,27.0,24.900000000000002,-2.099999999999998
2797,False,16,1,12,1.0,12,33,0.6,-27,0,1,False,0,0.3,0.4131182235954578,12.0,9.0,-3.0
2798,True,18,2,92,0.2,-13,8,0.99,-27,0,1,False,1,0.6888888888888888,0.2676452632274753,8.000000000000002,7.6499999999999995,-0.3500000000000023
2799,True,16,3,-9,1.0,-9,48,0.25,-31,3,2,False,0,0.5624999999999999,0.3667424164178449,-9.0,-11.25,-2.25
2801,True,17,4,-6,1.0,-6,62,0.25,-25,0,1,True,0,0.776470588235294,0.3455600739464592,-6.0,-3.25,2.75
2803,True,16,2,18,0.8,17,36,0.4,10,0,1,False,0,0.7,0.3346640106136303,17.8,20.4,2.599999999999998
2805,False,16,1,7,0.8,-15,37,0.5,-34,0,1,False,0,0.3375000000000001,0.3480900266693469,2.6000000000000014,1.5,-1.1000000000000014
2805,True,15,5,7,0.8,-15,37,0.5,-34,0,1,False,0,0.5066666666666667,0.3011090610836324,2.6000000000000014,1.5,-1.1000000000000014
2806,False,16,1,20,0.6,18,20,0.4,13,2,5,False,-1,0.3875000000000001,0.2963668897386031,19.2,15.8,-3.3999999999999986
2807,False,16,1,1,0.5,-21,-1,0.6,-26,1,6,False,0,0.4,0.4195235392680606,-10.0,-11.0,-1.0
2809,True,16,4,4,0.75,-44,-3,0.05,-8,0,1,False,0,0.525,0.3255764119219941,-8.0,-7.75,0.25
2815,True,18,5,18,1.0,18,45,0.6,-30,3,2,False,0,0.5,0.3378130356555584,18.0,15.0,-3.0
2817,True,18,3,18,0.25,13,14,0.99,-36,1,4,False,1,0.2222222222222222,0.2646986200891953,14.25,13.5,-0.75
2818,False,16,1,20,0.1,-2,12,0.25,0,1,6,False,0,0.7125000000000001,0.3344149119482164,0.19999999999999996,3.0,2.8
2820,True,16,4,19,1.0,19,19,1.0,19,2,7,True,0,0.7750000000000001,0.2909753712372692,19.0,19.0,0.0
2825,True,17,3,15,1.0,15,82,0.4,-28,0,1,False,0,0.4352941176470588,0.3408466966074856,15.0,16.000000000000004,1.0000000000000036
2828,True,16,3,88,0.4,-37,17,0.2,10,0,1,True,0,0.6875,0.3180670788790733,13.000000000000004,11.4,-1.6000000000000032
2830,True,17,5,38,0.4,18,38,0.8,-13,3,5,False,0,0.3294117647058823,0.3386825687172889,26.0,27.800000000000004,1.8000000000000043
2831,True,16,3,13,1.0,13,65,0.5,-38,0,1,False,0,0.4125,0.3383784863137726,13.0,13.5,0.5
2832,False,16,1,-9,1.0,-9,20,0.25,-16,0,1,False,0,0.8,0.2529822128134703,-9.0,-7.0,2.0
2833,True,15,4,4,1.0,4,83,0.05,2,3,4,False,0,0.3733333333333333,0.3369329451445934,4.0,6.050000000000001,2.0500000000000007
2834,False,16,1,27,0.9,-17,23,1.0,23,3,3,False,0,0.5249999999999999,0.4057914078275521,22.6,23.0,0.3999999999999986
2835,True,19,5,33,0.25,-7,70,0.1,-2,0,1,False,0,0.6631578947368422,0.3336840260482454,3.0,5.2,2.2
2837,False,16,1,9,1.0,9,86,0.1,1,0,1,False,0,0.475,0.4057914078275521,9.0,9.5,0.5
2837,True,17,5,9,1.0,9,86,0.1,1,0,1,False,0,0.3529411764705882,0.3356293473811988,9.0,9.5,0.5
2838,False,16,1,92,0.2,2,81,0.05,18,0,1,False,0,0.5625,0.4014556845614054,20.000000000000004,21.15,1.149999999999995
2838,True,18,3,92,0.2,2,81,0.05,18,0,1,False,0,0.8222222222222224,0.2365326878431407,20.000000000000004,21.15,1.149999999999995
2839,False,33,1,41,0.75,-3,30,0.25,29,0,1,True,0,0.5030303030303029,0.3678356022777435,30.0,29.25,-0.75
2843,False,16,1,28,1.0,28,29,0.05,28,1,6,False,0,0.575,0.4312771730569565,28.0,28.049999999999997,0.04999999999999716
2843,True,18,2,28,1.0,28,29,0.05,28,1,6,False,0,0.4666666666666668,0.42840332837725,28.0,28.049999999999997,0.04999999999999716
2844,False,16,1,42,0.6,-28,14,1.0,14,2,6,False,0,0.725,0.3492849839314596,13.999999999999998,14.0,1.7763568394002505e-15
2844,True,15,3,42,0.6,-28,14,1.0,14,2,6,False,0,0.8400000000000001,0.2028370211348439,13.999999999999998,14.0,1.7763568394002505e-15
2845,False,16,1,17,1.0,17,103,0.25,-14,2,6,False,0,0.3375,0.3630886025935451,17.0,15.25,-1.75
2845,True,17,4,17,1.0,17,103,0.25,-14,2,6,False,0,0.1529411764705882,0.3043797937175354,17.0,15.25,-1.75
2846,False,16,1,42,0.4,17,25,0.75,24,1,4,False,0,0.35,0.3464101615137754,27.0,24.75,-2.25
2846,True,17,4,42,0.4,17,25,0.75,24,1,4,False,0,0.4470588235294117,0.3043797937175354,27.0,24.75,-2.25
2848,False,16,1,11,0.5,7,64,0.4,-25,1,6,False,0,0.2125,0.2872281323269014,9.0,10.600000000000001,1.6000000000000014
2848,True,16,2,11,0.5,7,64,0.4,-25,1,6,False,0,0.4625,0.4047633053197057,9.0,10.600000000000001,1.6000000000000014
2850,False,16,1,0,1.0,0,73,0.05,-1,0,1,False,0,0.6874999999999999,0.3422961680572347,0.0,2.7,2.7
2850,True,18,3,0,1.0,0,73,0.05,-1,0,1,False,0,0.4,0.444575144180969,0.0,2.7,2.7
2854,True,20,2,-6,0.8,-11,103,0.2,-33,2,7,False,0,0.6600000000000001,0.3315037508718495,-7.0,-5.800000000000001,1.1999999999999993
2855,False,16,1,-6,0.75,-6,83,0.2,-31,0,1,False,0,0.55,0.4098780306383839,-6.0,-8.2,-2.1999999999999993
2855,True,15,5,-6,0.75,-6,83,0.2,-31,0,1,False,0,0.5333333333333334,0.3177300441449957,-6.0,-8.2,-2.1999999999999993
2860,True,15,5,14,0.6,-21,35,0.5,-29,2,4,False,0,0.5966666666666668,0.3445839451252702,0.0,3.0,3.0
2863,True,16,5,45,0.1,17,20,1.0,20,0,1,False,0,0.425,0.3785938897200182,19.8,20.0,0.1999999999999993
2864,True,15,2,-2,1.0,-2,-2,0.95,-4,1,2,False,0,0.4933333333333333,0.376955220278534,-2.0,-2.1,-0.10000000000000009
2866,False,16,1,-1,0.75,-5,36,0.01,-4,3,5,False,-1,0.55,0.3386246693120078,-2.0,-3.6,-1.6
2866,True,16,2,-1,0.75,-5,36,0.01,-4,3,5,False,-1,0.65,0.3687817782917155,-2.0,-3.6,-1.6
2867,True,15,4,12,1.0,12,20,0.8,-30,1,2,False,0,0.5599999999999999,0.304255531702266,12.0,10.000000000000002,-1.9999999999999982
2868,True,15,3,14,1.0,14,15,0.99,-4,2,3,False,0,0.5199999999999999,0.360951124510943,14.0,14.809999999999999,0.8099999999999987
2869,True,15,3,10,1.0,10,53,0.2,0,1,6,False,0,0.7066666666666667,0.3104528182847634,10.0,10.600000000000001,0.6000000000000014
2870,True,15,4,27,0.5,5,18,0.01,14,0,1,False,0,0.5753846153846155,0.3592892391882196,16.0,14.04,-1.9600000000000009
2872,True,18,3,2,1.0,2,45,0.5,-43,2,7,False,0,0.5444444444444445,0.3617314932413465,2.0,1.0,-1.0
2873,True,19,2,13,1.0,13,71,0.25,-5,0,1,False,0,0.4315789473684211,0.3606362149481993,13.0,14.0,1.0
2875,True,17,3,52,0.25,0,13,1.0,13,1,8,False,0,0.388235294117647,0.3772968873135195,13.0,13.0,0.0
2876,False,16,1,17,1.0,17,24,0.8,-20,0,1,True,0,0.1374999999999999,0.2895398648430529,17.0,15.200000000000003,-1.7999999999999972
2876,True,16,2,17,1.0,17,24,0.8,-20,0,1,True,0,0.375,0.4123105625617661,17.0,15.200000000000003,-1.7999999999999972
2881,False,15,1,112,0.2,-3,50,0.5,-7,3,6,False,0,0.6133333333333333,0.3159264531651691,20.0,21.5,1.5
2881,True,16,3,112,0.2,-3,50,0.5,-7,3,6,False,0,0.6625,0.3480900266693469,20.0,21.5,1.5
2884,False,15,1,-9,1.0,-9,5,0.01,-10,0,1,True,0,0.8399999999999999,0.202837021134844,-9.0,-9.85,-0.8499999999999996
2885,True,16,2,-5,1.0,-5,65,0.05,-9,2,6,False,0,0.5499999999999999,0.3898717737923586,-5.0,-5.299999999999999,-0.29999999999999893
2887,True,19,2,30,0.25,-14,-3,0.95,-29,1,4,False,0,0.2421052631578947,0.3167820657691696,-3.0,-4.300000000000001,-1.3000000000000007
2890,True,16,2,19,0.4,7,12,0.9,7,0,1,False,0,0.3625,0.3442382895611701,11.8,11.5,-0.3000000000000007
2891,True,15,5,25,1.0,25,41,0.25,21,2,7,False,0,0.5066666666666667,0.4131182235954578,25.0,26.0,1.0
2895,True,15,5,48,0.4,11,28,0.25,21,1,2,False,0,0.5866666666666667,0.3159264531651691,25.800000000000004,22.75,-3.0500000000000043
2897,True,15,2,46,0.5,6,81,0.1,19,0,1,False,0,0.4666666666666667,0.2794552524023087,26.0,25.200000000000003,-0.7999999999999972
2900,True,15,5,13,0.99,-14,16,0.8,14,3,3,False,0,0.8500000000000001,0.1782854853478383,12.729999999999999,15.6,2.870000000000001
2902,True,15,5,-8,0.99,-12,-8,1.0,-8,0,1,False,0,0.64,0.3718678720805473,-8.04,-8.0,0.03999999999999915
2903,True,18,4,59,0.2,-11,2,0.75,-2,0,1,False,0,0.5888888888888889,0.317876944168631,3.0,1.0,-2.0
2904,True,15,4,28,0.01,-3,19,0.01,-5,3,4,True,0,0.6,0.29277002188456,-2.6899999999999995,-4.76,-2.0700000000000003
2905,True,15,3,43,0.2,20,30,0.8,14,0,1,False,0,0.5733333333333335,0.3283436063174123,24.6,26.8,2.1999999999999993
2906,True,18,2,10,1.0,10,14,0.9,-40,1,4,False,0,0.5444444444444445,0.3681787005729087,10.0,8.600000000000001,-1.3999999999999986
2909,False,15,1,21,0.4,21,22,0.95,6,0,1,False,0,0.2266666666666666,0.3844600418893019,21.0,21.2,0.1999999999999993
2909,True,15,3,21,0.4,21,22,0.95,6,0,1,False,0,0.5066666666666666,0.4267261863247182,21.0,21.2,0.1999999999999993
2910,True,15,3,5,0.4,-17,-6,0.9,-38,0,1,False,0,0.2933333333333333,0.2711527420547495,-8.2,-9.2,-1.0
2912,False,15,1,-10,1.0,-10,31,0.5,-46,0,1,True,0,0.68,0.3363671463488329,-10.0,-7.5,2.5
2912,True,16,4,-10,1.0,-10,31,0.5,-46,0,1,True,0,0.675,0.3,-10.0,-7.5,2.5
2915,True,15,3,48,0.2,-21,-5,0.95,-15,0,1,False,0,0.4533333333333334,0.341983012666391,-7.199999999999999,-5.500000000000001,1.6999999999999984
2917,True,32,5,20,1.0,20,26,0.5,8,1,8,True,0,0.58125,0.3710816795575144,20.0,17.0,-3.0
2918,True,16,2,7,1.0,7,29,0.05,5,3,3,False,0,0.6125,0.4287578959428424,7.0,6.2,-0.7999999999999998
2919,True,15,2,52,0.1,5,47,0.5,-34,1,4,False,0,0.3866666666666666,0.3502380143083653,9.7,6.5,-3.1999999999999993
2920,True,15,2,17,0.4,17,22,0.01,19,0,1,False,0,0.7733333333333333,0.384460041889302,17.0,19.029999999999998,2.0299999999999976
2921,True,15,5,57,0.01,18,81,0.25,1,2,5,False,0,0.5466666666666667,0.3335237551331168,18.39,21.0,2.6099999999999994
2924,False,15,1,73,0.4,-10,32,0.9,-23,0,1,False,0,0.52,0.4262795863213318,23.200000000000003,26.5,3.299999999999997
2930,True,17,3,17,1.0,17,16,0.75,14,0,1,False,0,0.1176470588235294,0.2651303785820456,17.0,15.5,-1.5
2934,False,15,1,19,1.0,19,27,0.6,12,0,1,False,0,0.6933333333333335,0.3844600418893019,19.0,21.0,2.0
2934,True,16,4,19,1.0,19,27,0.6,12,0,1,False,0,0.5874999999999999,0.2872281323269015,19.0,21.0,2.0
2937,False,16,1,89,0.25,-11,24,0.01,15,3,6,False,-1,0.575,0.3568379650952703,14.0,15.09,1.0899999999999999
2942,False,15,1,2,0.9,-24,-1,1.0,-1,0,1,False,0,0.5333333333333333,0.3754362541795623,-0.5999999999999994,-1.0,-0.4000000000000006
2942,True,16,4,2,0.9,-24,-1,1.0,-1,0,1,False,0,0.2,0.3577708763999663,-0.5999999999999994,-1.0,-0.4000000000000006
2943,True,20,3,6,1.0,6,46,0.5,-35,1,2,False,0,0.6100000000000001,0.3972272318009058,6.0,5.5,-0.5
2945,True,16,3,19,0.01,8,11,0.9,-1,0,1,False,0,0.475,0.3991657967979387,8.11,9.8,1.6900000000000013
2946,False,15,1,26,0.8,-5,30,0.75,2,0,1,False,0,0.7266666666666666,0.3634490859738653,19.8,23.0,3.1999999999999993
2946,True,16,2,26,0.8,-5,30,0.75,2,0,1,False,0,0.8124999999999999,0.3461695153148719,19.8,23.0,3.1999999999999993
2949,False,15,1,23,0.2,2,96,0.05,1,2,7,False,0,0.6266666666666667,0.384460041889302,6.200000000000001,5.750000000000001,-0.4500000000000002
2949,True,15,5,23,0.2,2,96,0.05,1,2,7,False,0,0.56,0.4548155041960893,6.200000000000001,5.750000000000001,-0.4500000000000002
2951,True,17,4,72,0.01,-3,114,0.25,-39,0,1,False,0,0.5058823529411766,0.3682230781660998,-2.25,-0.75,1.5
2952,False,15,1,-6,1.0,-6,21,0.6,-44,3,4,False,0,0.7200000000000001,0.3363671463488329,-6.0,-5.000000000000002,0.9999999999999982
2952,True,16,3,-6,1.0,-6,21,0.6,-44,3,4,False,0,0.725,0.3336665001664586,-6.0,-5.000000000000002,0.9999999999999982
2954,True,19,2,4,1.0,4,4,1.0,4,3,2,False,0,0.5473684210526317,0.4046513191112561,4.0,4.0,0.0
2956,True,16,5,7,1.0,7,10,0.99,-13,0,1,True,0,0.2375,0.311715682420161,7.0,9.77,2.7699999999999996
2958,True,19,3,21,0.9,14,45,0.25,13,3,6,True,0,0.5578947368421052,0.4298782637415236,20.3,21.0,0.6999999999999993
2959,False,17,1,27,1.0,27,56,0.4,2,3,5,False,0,0.2823529411764706,0.3166924654093602,27.0,23.6,-3.3999999999999986
2959,True,15,2,27,1.0,27,56,0.4,2,3,5,False,0,0.3866666666666667,0.3739111175259754,27.0,23.6,-3.3999999999999986
2961,False,17,1,-3,1.0,-3,0,0.99,-11,2,3,False,0,0.6705882352941177,0.3670229997601529,-3.0,-0.1100000000000001,2.8899999999999997
2961,True,15,5,-3,1.0,-3,0,0.99,-11,2,3,False,0,0.7466666666666666,0.3583028779970269,-3.0,-0.1100000000000001,2.8899999999999997
2963,True,16,5,22,1.0,22,39,0.01,22,0,1,False,0,0.8625,0.2895398648430529,22.0,22.17,0.1700000000000017
2966,False,31,1,-2,1.0,-2,1,0.75,-20,2,8,False,0,0.567741935483871,0.4003224506771123,-2.0,-4.25,-2.25
2966,True,16,2,-2,1.0,-2,1,0.75,-20,2,8,False,0,0.65,0.4226897995772629,-2.0,-4.25,-2.25
2969,False,16,1,29,1.0,29,46,0.1,29,3,2,True,0,0.7875,0.3612478373637689,29.0,30.700000000000003,1.7000000000000028
2969,True,16,3,29,1.0,29,46,0.1,29,3,2,True,0,0.775,0.3415650255319866,29.0,30.700000000000003,1.7000000000000028
2970,False,16,1,-2,1.0,-2,23,0.25,-13,0,1,False,0,0.375,0.3336665001664586,-2.0,-4.0,-2.0
2971,False,16,1,-6,1.0,-6,59,0.4,-46,0,1,False,0,0.5375,0.307408522978788,-6.0,-3.9999999999999964,2.0000000000000036
2971,True,15,3,-6,1.0,-6,59,0.4,-46,0,1,False,0,0.6533333333333334,0.3583028779970269,-6.0,-3.9999999999999964,2.0000000000000036
2973,False,16,1,29,1.0,29,34,0.75,1,2,5,False,0,0.2750000000000001,0.3172801075810878,29.0,25.75,-3.25
2973,True,15,4,29,1.0,29,34,0.75,1,2,5,False,0,0.8533333333333334,0.2065591117977289,29.0,25.75,-3.25
2976,False,16,1,93,0.2,-25,-1,1.0,-1,0,1,False,0,0.6125,0.389657969677682,-1.3999999999999986,-1.0,0.3999999999999986
2979,True,16,5,19,0.5,-7,6,1.0,6,2,3,False,0,0.625,0.3172801075810878,6.0,6.0,0.0
2981,False,16,1,45,0.5,-25,53,0.6,-49,2,3,False,-1,0.7,0.3183289703016885,10.0,12.199999999999996,2.1999999999999957
2981,True,15,4,45,0.5,-25,53,0.6,-49,2,3,False,-1,0.6933333333333334,0.3614784456460256,10.0,12.199999999999996,2.1999999999999957
2982,False,32,1,26,1.0,26,46,0.4,16,2,2,True,0,0.6124999999999999,0.4093661504830247,26.0,28.0,2.0
2985,True,16,3,17,1.0,17,95,0.01,13,0,1,False,0,0.2625,0.3403429642777023,17.0,13.819999999999999,-3.1800000000000015
2986,True,16,4,42,0.6,7,31,0.95,21,2,3,True,0,0.6374999999999998,0.3593976442141304,28.0,30.5,2.5
2991,True,15,5,22,0.25,7,11,1.0,11,1,2,False,0,0.5333333333333333,0.4514526816949079,10.75,11.0,0.25
2992,True,19,5,63,0.01,29,29,1.0,29,0,1,False,0,0.1157894736842105,0.2692853874294721,29.34,29.0,-0.33999999999999986
2995,True,18,3,27,1.0,27,68,0.4,0,0,1,False,0,0.5333333333333333,0.3880570000581328,27.0,27.200000000000003,0.20000000000000284
2996,True,16,2,15,0.05,9,9,0.75,0,2,8,True,0,0.7000000000000001,0.3183289703016886,9.299999999999999,6.75,-2.549999999999999
3002,True,16,3,39,0.75,-49,32,0.5,-3,0,1,False,0,0.4375,0.4573474244670747,17.0,14.5,-2.5
3005,True,16,4,27,0.1,-5,-2,1.0,-2,0,1,False,0,0.3750000000000001,0.3642343567906063,-1.7999999999999998,-2.0,-0.20000000000000018
3006,True,18,5,60,0.4,8,41,0.2,27,0,1,False,0,0.5444444444444445,0.3275977128093365,28.8,29.800000000000004,1.0000000000000036
3008,True,20,4,20,0.2,-9,-3,1.0,-3,0,1,False,0,0.22,0.2966479394838265,-3.2,-3.0,0.20000000000000018
3010,True,16,4,41,0.4,16,48,0.2,17,0,1,True,0,0.45,0.3829708431025353,26.0,23.200000000000003,-2.799999999999997
3011,True,16,2,25,1.0,25,36,0.1,20,0,1,False,0,0.4375,0.3593976442141304,25.0,21.6,-3.3999999999999986
3012,True,18,4,25,0.8,-12,18,1.0,18,1,6,False,0,0.4333333333333333,0.4072865734850297,17.6,18.0,0.3999999999999986
3013,True,16,3,17,1.0,17,48,0.5,-9,3,6,True,0,0.5750000000000001,0.3492849839314596,17.0,19.5,2.5
3014,True,16,5,-6,1.0,-6,56,0.25,-27,0,1,True,0,0.5874999999999998,0.2680174123696692,-6.0,-6.25,-0.25
3015,True,16,5,1,1.0,1,62,0.1,-4,1,8,False,0,0.375,0.3785938897200182,1.0,2.6,1.6
3021,True,16,4,83,0.2,15,45,0.1,24,0,1,False,0,0.5875,0.3827531841800928,28.6,26.1,-2.5
3025,True,16,4,11,1.0,11,37,0.05,12,2,4,False,0,0.7374999999999999,0.3774917217635376,11.0,13.249999999999998,2.2499999999999982
3026,False,16,1,30,0.8,-3,28,0.9,-3,2,5,False,-1,0.4875,0.399791612384919,23.4,24.9,1.5
3029,True,17,5,20,1.0,20,66,0.1,14,0,1,True,0,0.6705882352941177,0.3601470287992686,20.0,19.2,-0.8000000000000007
3030,True,16,2,0,1.0,0,3,0.4,-2,0,1,False,0,0.55,0.4033195589934446,0.0,2.220446049250313e-16,2.220446049250313e-16
3031,True,16,4,27,1.0,27,54,0.4,10,0,1,False,0,0.575,0.3172801075810878,27.0,27.6,0.6000000000000014
3032,True,16,4,31,0.75,-17,35,0.5,3,0,1,True,1,0.7500000000000001,0.322490309931942,19.0,19.0,0.0
3033,True,32,4,12,0.9,-39,31,0.05,4,0,1,False,1,0.5562500000000001,0.3926235166243249,6.900000000000002,5.35,-1.5500000000000025
3035,True,16,3,-4,1.0,-4,-3,0.4,-8,3,5,False,0,0.375,0.3415650255319866,-4.0,-6.0,-2.0
3036,True,15,5,-2,1.0,-2,48,0.01,0,0,1,False,0,0.9066666666666666,0.1980860803744048,-2.0,0.48,2.48
3038,True,16,4,14,1.0,14,36,0.75,-46,0,1,False,0,0.4375,0.3442382895611701,14.0,15.5,1.5
3039,True,16,3,31,0.05,-8,32,0.4,-27,2,7,False,0,0.675,0.3087609647175843,-6.05,-3.3999999999999986,2.6500000000000012
3040,True,17,2,21,0.95,-20,22,0.9,10,0,1,False,-1,0.7882352941176469,0.2781239672816253,18.95,20.8,1.8500000000000014
3041,True,17,5,2,1.0,2,32,0.6,-35,1,6,False,0,0.6,0.4,2.0,5.199999999999999,3.1999999999999993
3044,True,16,3,29,1.0,29,31,0.9,17,0,1,False,0,0.6749999999999999,0.2909753712372692,29.0,29.6,0.6000000000000014
3045,True,16,4,6,1.0,6,16,0.25,2,2,3,True,0,0.7875,0.3138470965295043,6.0,5.5,-0.5
3047,True,15,2,11,0.9,-15,44,0.05,10,0,1,False,0,0.8133333333333332,0.324844285041017,8.4,11.7,3.299999999999999
3048,False,15,1,8,0.4,1,21,0.6,-22,0,1,False,0,0.3066666666666666,0.3990464825532174,3.8000000000000003,3.799999999999999,-1.3322676295501878e-15
3048,True,16,5,8,0.4,1,21,0.6,-22,0,1,False,0,0.325,0.3714835124201342,3.8000000000000003,3.799999999999999,-1.3322676295501878e-15
3052,True,18,2,-9,1.0,-9,47,0.05,-13,1,4,False,0,0.7,0.4014678948412129,-9.0,-10.0,-1.0
3053,True,17,2,54,0.05,-12,17,0.6,-45,1,6,False,0,0.6588235294117647,0.37924072752246,-8.7,-7.800000000000001,0.8999999999999986
3055,False,16,1,25,0.95,-9,54,0.1,21,1,8,True,0,0.925,0.123827837473378,23.3,24.300000000000004,1.0000000000000036
3055,True,15,4,25,0.95,-9,54,0.1,21,1,8,True,0,0.88,0.2242447642325552,23.3,24.300000000000004,1.0000000000000036
3056,True,16,2,4,1.0,4,66,0.05,1,0,1,False,0,0.375,0.2816617356570348,4.0,4.25,0.25
3057,False,15,1,63,0.6,-42,44,0.6,-13,1,6,False,-1,0.5866666666666667,0.324844285041017,20.999999999999996,21.2,0.20000000000000284
3057,True,15,2,63,0.6,-42,44,0.6,-13,1,6,False,-1,0.7200000000000001,0.3098386676965933,20.999999999999996,21.2,0.20000000000000284
3060,True,18,4,26,1.0,26,96,0.2,6,3,5,False,0,0.4666666666666667,0.3564531154716027,26.0,24.000000000000004,-1.9999999999999964
3062,True,18,2,28,1.0,28,39,0.6,6,1,6,False,0,0.5444444444444445,0.4328051079156859,28.0,25.799999999999997,-2.200000000000003
3064,False,15,1,21,0.99,5,35,0.5,9,1,4,False,0,0.4533333333333334,0.3739111175259753,20.84,22.0,1.1600000000000001
3064,True,15,4,21,0.99,5,35,0.5,9,1,4,False,0,0.4933333333333334,0.3453086955726647,20.84,22.0,1.1600000000000001
3065,False,16,1,24,1.0,24,30,0.6,19,2,4,False,0,0.55,0.3829708431025353,24.0,25.6,1.6000000000000014
3065,True,17,3,24,1.0,24,30,0.6,19,2,4,False,0,0.7058823529411765,0.3749509771878421,24.0,25.6,1.6000000000000014
3066,False,15,1,-4,1.0,-4,88,0.01,-6,0,1,True,0,0.92,0.1473576795226014,-4.0,-5.06,-1.0599999999999996
3071,False,16,1,11,0.95,-33,10,0.75,-2,1,6,False,0,0.625,0.4187282332651254,8.799999999999997,7.0,-1.7999999999999972
3071,True,15,5,11,0.95,-33,10,0.75,-2,1,6,False,0,0.5866666666666667,0.4240395309514477,8.799999999999997,7.0,-1.7999999999999972
3073,False,16,1,-7,1.0,-7,23,0.2,-11,1,4,True,0,0.971875,0.0773923984208613,-7.0,-4.2,2.8
3073,True,16,4,-7,1.0,-7,23,0.2,-11,1,4,True,0,0.85,0.2476556749467561,-7.0,-4.2,2.8
3076,False,15,1,66,0.4,-14,31,0.75,-15,0,1,True,1,0.3066666666666667,0.3195234546871921,18.0,19.5,1.5
3076,True,16,5,66,0.4,-14,31,0.75,-15,0,1,True,1,0.3,0.3651483716701108,18.0,19.5,1.5
3078,False,16,1,2,1.0,2,7,0.95,-40,3,2,False,0,0.5375,0.3913651321549567,2.0,4.649999999999998,2.6499999999999977
3078,True,17,5,2,1.0,2,7,0.95,-40,3,2,False,0,0.7764705882352941,0.3231280933405239,2.0,4.649999999999998,2.6499999999999977
3079,False,16,1,1,1.0,1,0,0.5,-4,0,1,False,0,0.075,0.204939015319192,1.0,-2.0,-3.0
3079,True,17,4,1,1.0,1,0,0.5,-4,0,1,False,0,0.0352941176470588,0.1057188279741848,1.0,-2.0,-3.0
3081,True,16,3,54,0.2,8,39,0.75,-46,0,1,False,0,0.225,0.2294921930407801,17.200000000000003,17.75,0.5499999999999972
3083,True,16,2,15,1.0,15,68,0.4,-17,0,1,False,0,0.25,0.1861898672502524,15.0,17.000000000000004,2.0000000000000036
3089,True,19,3,9,0.99,2,24,0.1,5,1,2,False,0,0.4210526315789473,0.4157709670912863,8.93,6.9,-2.0299999999999994
3090,True,20,2,2,0.75,-14,-2,1.0,-2,1,4,False,0,0.09,0.1889026482776665,-2.0,-2.0,0.0
3091,False,16,1,14,1.0,14,58,0.5,-25,0,1,False,0,0.4125,0.3827531841800928,14.0,16.5,2.5
3091,True,17,2,14,1.0,14,58,0.5,-25,0,1,False,0,0.5529411764705884,0.3907007279536723,14.0,16.5,2.5
3093,True,16,5,13,1.0,13,57,0.1,9,0,1,True,0,0.7125,0.3422961680572348,13.0,13.8,0.8000000000000007
3097,True,16,4,70,0.4,-48,45,0.05,0,0,1,False,-1,0.675,0.3087609647175843,-0.7999999999999972,2.25,3.049999999999997
3098,False,15,1,30,0.75,-22,17,1.0,17,0,1,False,0,0.52,0.4459340117743239,17.0,17.0,0.0
3098,True,16,5,30,0.75,-22,17,1.0,17,0,1,False,0,0.6375000000000002,0.3518996068956789,17.0,17.0,0.0
3099,True,16,3,96,0.05,2,80,0.25,-22,0,1,False,0,0.125,0.1437590576856521,6.700000000000001,3.5,-3.200000000000001
3100,True,16,4,14,1.0,14,14,1.0,14,1,8,True,0,0.8124999999999999,0.2473189573539939,14.0,14.0,0.0
3102,False,16,1,5,1.0,5,8,0.05,6,0,1,False,0,0.85,0.2581988897471611,5.0,6.1,1.0999999999999996
3102,True,15,3,5,1.0,5,8,0.05,6,0,1,False,0,0.96,0.0828078671210824,5.0,6.1,1.0999999999999996
3109,True,18,5,11,0.6,-16,91,0.25,-33,0,1,False,1,0.4444444444444444,0.3973770208907733,0.1999999999999993,-2.0,-2.1999999999999993
3110,True,16,4,28,1.0,28,31,0.05,29,0,1,False,0,0.8250000000000001,0.2999999999999999,28.0,29.099999999999998,1.0999999999999979
3111,True,17,5,5,0.1,-8,2,0.4,-18,1,6,False,0,0.5411764705882353,0.392203428607865,-6.7,-9.999999999999998,-3.299999999999998
3112,True,18,5,29,0.05,17,50,0.05,19,1,6,False,0,0.8888888888888888,0.2398256447281671,17.599999999999998,20.55,2.950000000000003
3113,True,16,3,7,1.0,7,7,1.0,7,1,2,True,0,0.6125,0.3827531841800928,7.0,7.0,0.0
3115,True,17,4,60,0.05,7,55,0.25,-3,2,4,False,0,0.2588235294117647,0.3589199484728659,9.649999999999999,11.5,1.8500000000000014
3117,False,16,1,23,1.0,23,56,0.6,-33,0,1,False,0,0.3625,0.4272001872658765,23.0,20.4,-2.6000000000000014
3117,True,16,5,23,1.0,23,56,0.6,-33,0,1,False,0,0.3375,0.3324154027718932,23.0,20.4,-2.6000000000000014
3118,False,16,1,47,0.05,18,64,0.01,18,0,1,False,0,0.2875,0.3721558813185679,19.45,18.46,-0.9899999999999984
3118,True,15,3,47,0.05,18,64,0.01,18,0,1,False,0,0.3866666666666666,0.4172472146045293,19.45,18.46,-0.9899999999999984
3119,False,16,1,22,1.0,22,28,0.75,-2,2,6,False,0,0.6,0.4258325179379017,22.0,20.5,-1.5
3121,True,16,5,-8,0.8,-8,23,0.4,-30,0,1,False,0,0.5625,0.3283798613394758,-8.0,-8.799999999999999,-0.7999999999999989
3122,True,17,3,18,1.0,18,30,0.1,13,1,4,False,0,0.5176470588235295,0.4585783658733356,18.0,14.700000000000001,-3.299999999999999
3126,True,16,2,50,0.6,-13,62,0.6,-32,1,6,False,0,0.4125,0.3964425136973413,24.8,24.399999999999995,-0.4000000000000057
3128,True,16,4,-4,1.0,-4,-2,0.95,-10,2,5,False,0,0.6,0.4442221666388715,-4.0,-2.4000000000000004,1.5999999999999996
3129,True,19,4,29,0.4,-29,78,0.01,-4,0,1,True,-1,0.6736842105263158,0.3664273541207769,-5.799999999999997,-3.1799999999999997,2.6199999999999974
3130,False,17,1,29,0.75,18,26,1.0,26,0,1,False,0,0.4823529411764706,0.4126670784628437,26.25,26.0,-0.25
3130,True,16,5,29,0.75,18,26,1.0,26,0,1,False,0,0.4625000000000001,0.3774917217635375,26.25,26.0,-0.25
3131,True,16,3,25,1.0,25,24,0.95,-18,0,1,False,0,0.1,0.2422120283277993,25.0,21.899999999999995,-3.100000000000005
3133,True,17,4,53,0.1,-5,2,0.05,-1,0,1,False,-1,0.4352941176470588,0.355213274791688,0.8000000000000007,-0.85,-1.6500000000000008
3134,False,16,1,38,0.6,-37,21,0.2,8,0,1,True,0,0.8500000000000001,0.2476556749467561,8.0,10.600000000000001,2.6000000000000014
3135,True,32,3,25,1.0,25,59,0.2,13,1,2,False,0,0.5125,0.3730865159545394,25.0,22.200000000000003,-2.799999999999997
3138,False,16,1,78,0.1,8,51,0.4,-13,2,5,False,0,0.3875,0.389657969677682,15.0,12.600000000000001,-2.3999999999999986
3138,True,16,4,78,0.1,8,51,0.4,-13,2,5,False,0,0.175,0.2516611478423583,15.0,12.600000000000001,-2.3999999999999986
3140,True,16,4,2,1.0,2,1,0.75,-4,1,8,False,0,0.3625,0.4333974311568232,2.0,-0.25,-2.25
3142,True,17,5,3,0.5,-1,4,0.25,4,3,4,False,0,0.9058823529411766,0.1748949264390412,1.0,4.0,3.0
3143,False,16,1,4,1.0,4,54,0.05,1,0,1,True,0,0.775,0.3785938897200183,4.0,3.6500000000000004,-0.34999999999999964
3143,True,16,4,4,1.0,4,54,0.05,1,0,1,True,0,0.7750000000000001,0.3087609647175843,4.0,3.6500000000000004,-0.34999999999999964
3144,True,16,2,29,1.0,29,39,0.4,26,1,6,False,0,0.521875,0.4102717595285673,29.0,31.200000000000003,2.200000000000003
3147,True,18,4,27,1.0,27,31,0.5,22,0,1,True,0,0.5777777777777778,0.4332579119885217,27.0,26.5,-0.5
3148,False,16,1,14,1.0,14,19,0.2,11,0,1,False,0,0.7250000000000001,0.3568379650952703,14.0,12.600000000000001,-1.3999999999999986
3148,True,32,5,14,1.0,14,19,0.2,11,0,1,False,0,0.49375,0.3732485982947991,14.0,12.600000000000001,-1.3999999999999986
3149,True,18,5,24,0.1,1,15,0.6,-17,0,1,False,0,0.2666666666666667,0.3940737464575112,3.3000000000000003,2.1999999999999993,-1.100000000000001
3152,True,16,4,22,0.1,2,5,0.99,-17,0,1,False,1,0.2125,0.2777888886666755,4.0,4.78,0.7800000000000002
3154,True,16,2,12,1.0,12,13,0.6,7,2,2,False,0,0.5375,0.4177319714841085,12.0,10.6,-1.4000000000000004
3155,True,16,4,0,1.0,0,0,1.0,0,3,4,False,0,0.7875000000000001,0.3138470965295043,0.0,0.0,0.0
3156,True,16,3,98,0.25,-45,-9,1.0,-9,0,1,False,0,0.5625,0.4272001872658765,-9.25,-9.0,0.25
3157,False,15,1,10,1.0,10,50,0.2,-2,1,6,False,0,0.48,0.4459340117743239,10.0,8.4,-1.5999999999999996
3157,True,16,4,10,1.0,10,50,0.2,-2,1,6,False,0,0.4,0.3346640106136301,10.0,8.4,-1.5999999999999996
3158,True,16,3,36,0.75,1,73,0.2,15,0,1,False,0,0.35,0.3141125063837265,27.25,26.6,-0.6499999999999986
3162,True,16,2,7,1.0,7,99,0.01,7,0,1,False,0,0.875,0.204939015319192,7.0,7.92,0.9199999999999999
3164,True,16,2,26,1.0,26,73,0.5,-16,1,6,False,0,0.4,0.3502380143083653,26.0,28.5,2.5
3165,False,15,1,30,1.0,30,31,0.95,13,0,1,False,0,0.3733333333333333,0.3918211448145818,30.0,30.1,0.10000000000000142
3165,True,15,2,30,1.0,30,31,0.95,13,0,1,False,0,0.3200000000000001,0.4126568965687042,30.0,30.1,0.10000000000000142
3174,True,16,4,30,1.0,30,47,0.75,-21,1,2,False,0,0.4375000000000001,0.3442382895611701,30.0,30.0,0.0
3177,True,17,4,-5,1.0,-5,63,0.05,-11,0,1,False,0,0.5176470588235295,0.3876778529230923,-5.0,-7.299999999999999,-2.299999999999999
3178,True,16,5,-4,0.9,-10,-2,0.8,-19,1,8,False,0,0.6875000000000001,0.3180670788790734,-4.6,-5.399999999999999,-0.7999999999999989
3179,True,16,2,17,1.0,17,29,0.01,16,1,6,True,0,0.7499999999999999,0.2129162589689509,17.0,16.13,-0.870000000000001
3181,True,32,3,17,1.0,17,25,0.8,-18,1,2,False,0,0.4500000000000001,0.3556003556005334,17.0,16.400000000000002,-0.5999999999999979
3183,True,16,3,-2,1.0,-2,9,0.25,-7,0,1,True,0,0.4749999999999999,0.2909753712372692,-2.0,-3.0,-1.0
3186,True,18,5,37,0.2,2,13,0.25,5,0,1,False,0,0.4666666666666666,0.3757345746510897,9.0,7.0,-2.0
3190,False,18,1,24,0.5,-30,-3,0.9,-21,1,2,False,0,0.3,0.3235828832817663,-3.0,-4.8,-1.7999999999999998
3190,True,16,5,24,0.5,-30,-3,0.9,-21,1,2,False,0,0.275,0.3,-3.0,-4.8,-1.7999999999999998
3192,True,16,2,21,1.0,21,22,0.95,12,0,1,True,0,0.3875,0.3827531841800928,21.0,21.5,0.5
3194,True,18,2,4,0.25,-13,-9,1.0,-9,0,1,False,0,0.3888888888888889,0.3786801985983127,-8.75,-9.0,-0.25
3195,True,18,2,29,1.0,29,35,0.75,-1,1,6,False,0,0.5555555555555556,0.3973770208907733,29.0,26.0,-3.0
3198,True,16,5,2,1.0,2,64,0.4,-39,3,3,True,0,0.475,0.3255764119219941,2.0,2.200000000000003,0.20000000000000284
3201,True,33,5,9,0.95,0,10,0.95,7,1,4,False,0,0.5878787878787879,0.4060153751380418,8.549999999999999,9.85,1.3000000000000007
3204,True,18,2,16,0.95,-32,24,0.75,-6,0,1,False,0,0.7111111111111112,0.3305768378934525,13.599999999999998,16.5,2.900000000000002
3206,True,16,2,11,1.0,11,25,0.5,-6,0,1,False,0,0.4125,0.3827531841800928,11.0,9.5,-1.5
3208,True,16,2,9,1.0,9,35,0.25,4,0,1,False,0,0.525,0.3714835124201341,9.0,11.75,2.75
3210,True,16,4,12,1.0,12,104,0.4,-46,1,2,False,0,0.5499999999999999,0.3386246693120078,12.0,14.000000000000004,2.0000000000000036
3211,False,15,1,-8,1.0,-8,-8,1.0,-8,3,4,False,0,0.5733333333333335,0.3692979181920099,-8.0,-8.0,0.0
3211,True,15,4,-8,1.0,-8,-8,1.0,-8,3,4,False,0,0.6799999999999999,0.3839642840533107,-8.0,-8.0,0.0
3212,True,16,3,14,0.4,-14,-5,0.99,-31,0,1,False,0,0.25,0.2683281572999748,-2.8,-5.260000000000001,-2.460000000000001
3215,True,16,5,19,1.0,19,34,0.6,2,1,8,False,0,0.55,0.3614784456460256,19.0,21.2,2.1999999999999993
3220,True,16,3,1,0.75,-22,3,0.8,-26,0,1,False,0,0.7125,0.3575378767813745,-4.75,-2.799999999999999,1.950000000000001
3223,True,16,3,17,0.01,9,41,0.5,-19,1,8,False,0,0.5750000000000001,0.3568379650952703,9.08,11.0,1.92
3226,True,17,4,102,0.5,-42,53,0.75,-49,0,1,False,0,0.3529411764705882,0.3502100210210002,30.0,27.5,-2.5
3227,True,16,4,22,1.0,22,60,0.5,-16,0,1,False,0,0.3625000000000001,0.2655183609470351,22.0,22.0,0.0
3230,False,16,1,11,1.0,11,23,0.8,-35,2,5,False,0,0.4375000000000001,0.3810074364978545,11.0,11.400000000000004,0.4000000000000039
3232,True,16,5,42,0.05,-6,2,0.8,-25,2,7,True,0,0.6125,0.3612478373637689,-3.599999999999999,-3.399999999999999,0.20000000000000018
3233,True,19,5,12,1.0,12,44,0.6,-42,2,3,False,0,0.5684210526315789,0.3786711143796118,12.0,9.599999999999998,-2.400000000000002
3234,True,18,4,44,0.25,19,61,0.4,-1,1,8,False,0,0.2333333333333333,0.3086974532565159,25.25,23.8,-1.4499999999999993
3236,False,16,1,19,1.0,19,25,0.6,11,1,6,False,0,0.575,0.3568379650952703,19.0,19.4,0.3999999999999986
3236,True,16,5,19,1.0,19,25,0.6,11,1,6,False,0,0.5625,0.4333974311568232,19.0,19.4,0.3999999999999986
3237,True,16,2,20,1.0,20,50,0.01,18,0,1,False,0,0.3,0.3794733192202055,20.0,18.32,-1.6799999999999997
3239,True,16,3,30,1.0,30,49,0.2,28,0,1,True,0,0.6000000000000001,0.4131182235954578,30.0,32.2,2.200000000000003
3242,True,16,5,17,0.95,-42,14,1.0,14,1,8,True,0,0.6,0.3651483716701107,14.049999999999997,14.0,-0.04999999999999716
3243,True,18,5,7,1.0,7,9,0.8,6,1,8,False,0,0.7,0.4563280553698699,7.0,8.4,1.4000000000000004
3246,False,16,1,28,1.0,28,106,0.1,21,0,1,False,0,0.425,0.3568379650952703,28.0,29.500000000000004,1.5000000000000036
3246,True,16,3,28,1.0,28,106,0.1,21,0,1,False,0,0.6499999999999999,0.4412104562073146,28.0,29.500000000000004,1.5000000000000036
3249,False,16,1,3,1.0,3,16,0.4,-10,0,1,False,0,0.325,0.3642343567906062,3.0,0.40000000000000036,-2.5999999999999996
3249,True,16,3,3,1.0,3,16,0.4,-10,0,1,False,0,0.175,0.1914854215512677,3.0,0.40000000000000036,-2.5999999999999996
3250,False,16,1,20,1.0,20,78,0.5,-39,0,1,False,0,0.5375,0.4716990566028302,20.0,19.5,-0.5
3254,True,16,2,-10,1.0,-10,31,0.2,-20,2,6,True,0,0.6625,0.3324154027718932,-10.0,-9.8,0.1999999999999993
3255,True,16,4,20,1.0,20,78,0.25,-2,1,4,False,0,0.325,0.3,20.0,18.0,-2.0
3257,True,19,4,22,1.0,22,21,0.99,-28,0,1,False,0,0.0631578947368421,0.1640139774388806,22.0,20.509999999999998,-1.490000000000002
3259,False,17,1,-8,1.0,-8,13,0.4,-27,0,1,False,0,0.4941176470588236,0.40073461953532,-8.0,-11.0,-3.0
3259,True,16,2,-8,1.0,-8,13,0.4,-27,0,1,False,0,0.6791666666666666,0.3249786317761694,-8.0,-11.0,-3.0
3262,True,16,5,-3,1.0,-3,29,0.1,-9,0,1,False,0,0.4375,0.3593976442141304,-3.0,-5.199999999999999,-2.1999999999999993
3264,True,33,3,17,1.0,17,31,0.25,10,2,4,False,0,0.5878787878787878,0.387102679981016,17.0,15.25,-1.75
3265,True,32,2,21,1.0,21,56,0.25,8,0,1,False,0,0.471875,0.2714766965582747,21.0,20.0,-1.0
3266,True,16,4,41,0.4,-2,98,0.01,13,0,1,False,1,0.6874999999999999,0.3649200825751669,15.200000000000003,13.85,-1.3500000000000032
3267,False,17,1,24,1.0,24,41,0.2,19,2,6,False,0,0.5647058823529412,0.3951916884098593,24.0,23.400000000000002,-0.5999999999999979
3268,True,17,3,7,1.0,7,8,0.75,-4,0,1,False,0,0.3529411764705882,0.3842486939776497,7.0,5.0,-2.0
3270,True,18,3,12,1.0,12,61,0.4,-22,0,1,True,0,0.4777777777777778,0.3370382340949318,12.0,11.200000000000003,-0.7999999999999972
3273,False,16,1,24,0.8,-31,83,0.1,4,1,8,False,-1,0.7374999999999999,0.3324154027718932,13.000000000000004,11.9,-1.1000000000000032
3273,True,17,3,24,0.8,-31,83,0.1,4,1,8,False,-1,0.5411764705882354,0.3985266984930429,13.000000000000004,11.9,-1.1000000000000032
3275,True,16,2,-3,1.0,-3,27,0.5,-31,1,8,False,0,0.8125,0.2473189573539939,-3.0,-2.0,1.0
3281,False,16,1,47,0.1,25,59,0.6,-12,0,1,False,0,0.2625,0.3556683848755748,27.2,30.599999999999998,3.3999999999999986
3281,True,17,2,47,0.1,25,59,0.6,-12,0,1,False,0,0.3764705882352941,0.3733788487660788,27.2,30.599999999999998,3.3999999999999986
3282,True,33,4,-2,1.0,-2,46,0.1,-10,2,4,False,0,0.4727272727272727,0.3701965080135881,-2.0,-4.3999999999999995,-2.3999999999999995
3283,True,20,5,5,0.95,-2,16,0.4,-6,0,1,False,0,0.34,0.3676382661487269,4.65,2.8000000000000007,-1.8499999999999996
3287,True,20,3,25,0.01,15,43,0.05,15,0,1,False,1,0.7100000000000001,0.3754295785111405,15.1,16.4,1.299999999999999
3289,False,16,1,1,1.0,1,77,0.01,0,1,4,False,0,0.3125,0.3575378767813745,1.0,0.77,-0.22999999999999998
3289,True,16,5,1,1.0,1,77,0.01,0,1,4,False,0,0.5750000000000001,0.4312771730569565,1.0,0.77,-0.22999999999999998
3297,True,15,2,4,1.0,4,5,0.8,2,0,1,False,0,0.6666666666666667,0.4386125310350269,4.0,4.4,0.40000000000000036
3298,True,17,3,18,1.0,18,32,0.01,18,0,1,False,0,0.6470588235294118,0.4611367029672757,18.0,18.14,0.14000000000000057
3299,True,16,2,20,1.0,20,24,0.75,0,0,1,False,0,0.3875,0.3685557397915997,20.0,18.0,-2.0
3300,True,18,4,72,0.4,-41,4,1.0,4,0,1,False,0,0.6000000000000001,0.3143620991973503,4.200000000000003,4.0,-0.20000000000000284
3304,True,15,3,-8,0.25,-9,-9,1.0,-9,1,2,False,0,0.36,0.4014260294784796,-8.75,-9.0,-0.25
3305,True,15,4,3,1.0,3,12,0.8,-47,1,8,False,0,0.52,0.3913347124174613,3.0,0.20000000000000284,-2.799999999999997
3308,True,17,2,26,1.0,26,70,0.25,9,3,4,False,0,0.5882352941176471,0.444244235951881,26.0,24.25,-1.75
3311,True,16,4,19,1.0,19,19,1.0,19,1,2,True,0,0.4250000000000001,0.3336665001664586,19.0,19.0,0.0
3312,True,15,2,28,1.0,28,52,0.5,5,2,2,False,0,0.7466666666666666,0.324844285041017,28.0,28.5,0.5
3314,False,15,1,5,0.6,-18,34,0.2,-12,3,5,False,-1,0.4,0.3545621041711673,-4.2,-2.8000000000000007,1.3999999999999995
3316,True,17,2,41,0.05,5,5,0.95,-7,0,1,False,-1,0.0823529411764705,0.1424574239801451,6.800000000000001,4.3999999999999995,-2.4000000000000012
3317,False,17,1,27,1.0,27,43,0.1,24,0,1,False,0,0.5882352941176471,0.3568654384729216,27.0,25.900000000000002,-1.0999999999999979
3318,True,17,5,45,0.25,1,53,0.4,-10,0,1,False,0,0.4352941176470589,0.355213274791688,12.0,15.200000000000003,3.200000000000003
3323,True,17,5,90,0.2,-15,22,0.01,8,2,4,False,0,0.7999999999999998,0.2449489742783178,6.0,8.14,2.1400000000000006
3326,True,16,3,22,0.8,-13,17,0.75,13,0,1,True,0,0.6,0.3425395354310701,15.000000000000002,16.0,0.9999999999999982
3329,True,17,3,-7,1.0,-7,36,0.1,-15,0,1,False,0,0.4235294117647059,0.3382480815997074,-7.0,-9.9,-2.9000000000000004
3333,True,15,5,1,1.0,1,29,0.1,0,2,3,False,0,0.56,0.386929303250976,1.0,2.9000000000000004,1.9000000000000004
3337,True,18,4,20,1.0,20,26,0.6,12,1,8,False,0,0.4333333333333333,0.3955636336106925,20.0,20.4,0.3999999999999986
3339,False,32,1,16,1.0,16,16,1.0,16,3,2,False,0,0.4625,0.4014088093926994,16.0,16.0,0.0
3339,True,16,5,16,1.0,16,16,1.0,16,3,2,False,0,0.5875000000000001,0.4588027898781785,16.0,16.0,0.0
3341,True,17,4,7,1.0,7,14,0.5,5,3,2,False,0,0.7764705882352941,0.3072649747463618,7.0,9.5,2.5
3342,False,16,1,11,1.0,11,27,0.75,-29,1,8,False,0,0.6124999999999999,0.4287578959428425,11.0,13.0,2.0
3342,True,16,2,11,1.0,11,27,0.75,-29,1,8,False,0,0.5625,0.3739429546512855,11.0,13.0,2.0
3345,True,19,5,6,1.0,6,29,0.01,8,2,2,False,0,0.8631578947368422,0.2586514735997489,6.0,8.209999999999999,2.209999999999999
3347,True,17,2,7,1.0,7,13,0.05,10,1,8,False,0,0.8705882352941177,0.2823223022592107,7.0,10.15,3.1500000000000004
3350,True,17,4,24,1.0,24,25,0.95,-9,0,1,False,0,0.388235294117647,0.3425681555201396,24.0,23.3,-0.6999999999999993
3352,True,18,3,10,1.0,10,12,0.95,-13,0,1,True,0,0.2444444444444445,0.3467873093244571,10.0,10.749999999999998,0.7499999999999982
3353,False,33,1,43,0.2,2,70,0.01,9,1,6,False,0,0.6060606060606061,0.3724407620174263,10.2,9.61,-0.5899999999999999
3353,True,15,2,43,0.2,2,70,0.01,9,1,6,False,0,0.5733333333333331,0.3195234546871921,10.2,9.61,-0.5899999999999999
3354,True,17,3,29,1.0,29,65,0.25,17,0,1,False,0,0.3411764705882353,0.3143620991973503,29.0,29.0,0.0
3355,True,15,4,-10,1.0,-10,33,0.05,-11,0,1,False,0,0.4800000000000001,0.4459340117743239,-10.0,-8.799999999999999,1.200000000000001
3357,False,16,1,-5,1.0,-5,105,0.2,-32,0,1,False,0,0.6500000000000001,0.2780887148615228,-5.0,-4.600000000000001,0.3999999999999986
3357,True,15,2,-5,1.0,-5,105,0.2,-32,0,1,False,0,0.4400000000000001,0.3794733192202055,-5.0,-4.600000000000001,0.3999999999999986
3358,True,16,3,35,0.25,12,18,1.0,18,0,1,False,0,0.575,0.4312771730569565,17.75,18.0,0.25
3359,True,16,5,20,0.2,16,30,0.2,12,1,4,True,0,0.5625,0.3739429546512855,16.8,15.600000000000001,-1.1999999999999993
3360,False,16,1,7,1.0,7,37,0.25,-1,3,6,False,0,0.4375,0.3518996068956788,7.0,8.5,1.5
3360,True,16,4,7,1.0,7,37,0.25,-1,3,6,False,0,0.375,0.405791407827552,7.0,8.5,1.5
3361,False,16,1,83,0.2,-15,14,0.5,-2,0,1,False,0,0.7375,0.2986078811194819,4.600000000000001,6.0,1.3999999999999986
3361,True,16,2,83,0.2,-15,14,0.5,-2,0,1,False,0,0.55,0.4226897995772628,4.600000000000001,6.0,1.3999999999999986
3362,True,15,5,-2,1.0,-2,-2,0.4,-5,0,1,False,0,0.1466666666666666,0.3502380143083653,-2.0,-3.8,-1.7999999999999998
3363,True,17,4,16,1.0,16,25,0.1,17,1,6,False,0,0.7882352941176469,0.3638034375544994,16.0,17.8,1.8000000000000007
3367,True,18,2,5,1.0,5,22,0.6,-13,0,1,False,0,0.6333333333333334,0.3834824944236853,5.0,7.999999999999999,2.999999999999999
3370,True,18,2,2,1.0,2,9,0.5,-8,1,8,True,0,0.5555555555555556,0.3033581114637446,2.0,0.5,-1.5
3372,True,18,3,84,0.1,18,35,0.1,26,1,4,False,0,0.5555555555555557,0.4368634491492901,24.6,26.900000000000002,2.3000000000000007
3373,True,15,4,12,1.0,12,31,0.1,7,1,2,False,0,0.6133333333333333,0.4373077809027587,12.0,9.4,-2.5999999999999996
3374,False,16,1,-9,1.0,-9,37,0.2,-20,1,2,False,0,0.675,0.2909753712372692,-9.0,-8.6,0.40000000000000036
3375,False,17,1,88,0.05,-1,40,0.6,-49,0,1,True,0,0.3647058823529412,0.362182924208521,3.45,4.399999999999999,0.9499999999999984
3375,True,15,3,88,0.05,-1,40,0.6,-49,0,1,True,0,0.4266666666666667,0.3195234546871921,3.45,4.399999999999999,0.9499999999999984
3380,True,15,4,-7,1.0,-7,-7,1.0,-7,1,4,False,0,0.52,0.405674042269688,-7.0,-7.0,0.0
3381,True,16,3,20,1.0,20,24,0.4,19,0,1,False,0,0.4625,0.4303099657998483,20.0,21.0,1.0
3383,True,15,4,0,0.99,-5,9,0.8,-47,1,6,False,1,0.6,0.3625307868699864,-0.050000000000000044,-2.1999999999999984,-2.1499999999999986
3386,True,18,4,21,1.0,21,33,0.5,10,1,6,False,0,0.6333333333333334,0.3710081654405053,21.0,21.5,0.5
3389,True,18,5,29,1.0,29,33,0.8,1,1,8,False,0,0.6777777777777778,0.3153999432197262,29.0,26.6,-2.3999999999999986
3391,True,16,2,11,0.05,6,51,0.5,-44,0,1,False,0,0.3375,0.3403429642777023,6.249999999999999,3.5,-2.749999999999999
3393,True,16,2,2,1.0,2,24,0.1,-1,0,1,False,0,0.1875,0.2963668897386031,2.0,1.5000000000000004,-0.49999999999999956
3394,False,16,1,13,0.95,-20,70,0.1,4,1,8,False,0,0.5875,0.3757215280851852,11.349999999999998,10.6,-0.7499999999999982
3395,True,17,4,-2,0.6,-10,39,0.05,-4,1,8,False,0,0.8470588235294118,0.2786522184076944,-5.2,-1.8499999999999996,3.3500000000000005
3396,True,16,2,19,1.0,19,41,0.01,17,1,8,False,0,0.275,0.3714835124201342,19.0,17.24,-1.7600000000000016
3397,True,19,2,-6,1.0,-6,43,0.1,-13,0,1,False,0,0.5157894736842105,0.3789798556574637,-6.0,-7.400000000000001,-1.4000000000000012
3400,True,17,4,29,1.0,29,31,0.05,27,0,1,False,0,0.3647058823529412,0.431481715242066,29.0,27.2,-1.8000000000000007
3403,True,17,4,18,0.75,-14,95,0.01,12,0,1,True,0,0.7058823529411766,0.3399826985217301,10.0,12.829999999999998,2.8299999999999983
3404,False,16,1,17,1.0,17,18,0.99,-16,0,1,False,0,0.3250000000000001,0.3642343567906063,17.0,17.66,0.6600000000000001
3404,True,16,4,17,1.0,17,18,0.99,-16,0,1,False,0,0.45,0.3687817782917156,17.0,17.66,0.6600000000000001
3406,True,15,4,18,1.0,18,37,0.01,17,1,8,False,0,0.5599999999999999,0.4420730385678043,18.0,17.2,-0.8000000000000007
3407,True,18,4,-5,1.0,-5,93,0.05,-11,0,1,False,0,0.5888888888888889,0.390909781812044,-5.0,-5.799999999999999,-0.7999999999999989
3409,False,16,1,4,1.0,4,9,0.9,-16,0,1,False,0,0.6125,0.4349329450233296,4.0,6.5,2.5
3409,True,15,4,4,1.0,4,9,0.9,-16,0,1,False,0,0.6266666666666667,0.3369329451445933,4.0,6.5,2.5
3411,False,17,1,29,1.0,29,69,0.25,12,0,1,False,0,0.4326797385620914,0.354087040901662,29.0,26.25,-2.75
3411,True,16,4,29,1.0,29,69,0.25,12,0,1,False,0,0.5374999999999999,0.3630886025935451,29.0,26.25,-2.75
3412,False,17,1,60,0.6,-23,58,0.5,2,0,1,False,1,0.8705882352941177,0.2229481606852615,26.799999999999997,30.0,3.200000000000003
3412,True,16,2,60,0.6,-23,58,0.5,2,0,1,False,1,0.7125,0.3575378767813745,26.799999999999997,30.0,3.200000000000003
3413,False,17,1,11,1.0,11,71,0.01,13,0,1,False,0,0.9529411764705882,0.150489397711365,11.0,13.579999999999998,2.5799999999999983
3413,True,15,4,11,1.0,11,71,0.01,13,0,1,False,0,0.84,0.2164651077128664,11.0,13.579999999999998,2.5799999999999983
3415,True,16,5,25,0.9,21,41,0.8,-41,0,1,False,0,0.3875,0.4096746676734275,24.6,24.60000000000001,7.105427357601002e-15
3416,False,16,1,74,0.05,25,72,0.2,17,1,6,False,0,0.4375000000000001,0.3593976442141304,27.45,28.0,0.5500000000000007
3416,True,17,2,74,0.05,25,72,0.2,17,1,6,False,0,0.388235294117647,0.3568654384729216,27.45,28.0,0.5500000000000007
3421,True,16,2,23,1.0,23,69,0.5,-21,1,8,False,0,0.4875,0.4064070209367287,23.0,24.0,1.0
3423,True,16,3,25,1.0,25,72,0.2,17,1,4,False,0,0.4125,0.389657969677682,25.0,28.0,3.0
3426,False,16,1,-8,1.0,-8,45,0.05,-12,1,4,False,0,0.6875,0.3422961680572347,-8.0,-9.149999999999999,-1.1499999999999986
3426,True,16,3,-8,1.0,-8,45,0.05,-12,1,4,False,0,0.625,0.3924283374069717,-8.0,-9.149999999999999,-1.1499999999999986
3429,False,16,1,25,1.0,25,40,0.5,6,0,1,False,0,0.625,0.3642343567906062,25.0,23.0,-2.0
3429,True,17,4,25,1.0,25,40,0.5,6,0,1,False,0,0.6,0.3605551275463989,25.0,23.0,-2.0
3431,False,16,1,9,1.0,9,16,0.75,-3,1,2,False,0,0.5669642857142858,0.4018230141416461,9.0,11.25,2.25
3431,True,16,3,9,1.0,9,16,0.75,-3,1,2,False,0,0.4749999999999999,0.405791407827552,9.0,11.25,2.25
3434,False,16,1,76,0.1,0,20,0.8,-37,0,1,False,1,0.4,0.4,7.6000000000000005,8.600000000000001,1.0000000000000009
3435,True,16,5,-1,1.0,-1,34,0.6,-49,1,8,False,0,0.5875,0.3138470965295043,-1.0,0.7999999999999972,1.7999999999999972
3436,True,17,5,-5,1.0,-5,54,0.05,-11,0,1,False,0,0.4470588235294118,0.3776864557056944,-5.0,-7.749999999999999,-2.749999999999999
3439,True,16,3,0,1.0,0,91,0.05,-3,1,4,False,0,0.6124999999999999,0.3685557397915997,0.0,1.7000000000000002,1.7000000000000002
3444,True,16,5,6,1.0,6,34,0.01,4,1,8,True,0,0.7,0.3502380143083653,6.0,4.3,-1.7000000000000002
3448,True,19,3,-2,1.0,-2,3,0.9,-31,0,1,False,0,0.7684210526315789,0.2769930435928499,-2.0,-0.399999999999999,1.600000000000001
3451,False,16,1,3,0.5,1,9,0.1,3,1,4,True,0,0.6625,0.3403429642777023,2.0,3.6,1.6
3451,True,15,2,3,0.5,1,9,0.1,3,1,4,True,0,0.9066666666666666,0.225092573548455,2.0,3.6,1.6
3452,False,16,1,9,0.25,8,46,0.1,7,0,1,False,0,0.5255208333333333,0.3775342607705367,8.25,10.9,2.6500000000000004
3452,True,15,4,9,0.25,8,46,0.1,7,0,1,False,0,0.52,0.4394802124588286,8.25,10.9,2.6500000000000004
3454,True,16,5,20,1.0,20,24,0.95,-15,1,6,True,0,0.475,0.3415650255319866,20.0,22.049999999999997,2.049999999999997
3455,True,32,4,28,1.0,28,54,0.6,-10,1,6,True,0,0.53125,0.3276874002125571,28.0,28.4,0.3999999999999986
3457,True,16,5,-1,1.0,-1,39,0.25,-16,1,4,False,0,0.6124999999999999,0.3827531841800927,-1.0,-2.25,-1.25
3461,True,16,2,45,0.4,-7,92,0.2,-5,0,1,False,0,0.525,0.3785938897200183,13.8,14.400000000000002,0.6000000000000014
3462,True,16,4,13,1.0,13,13,1.0,13,2,2,False,0,0.6125,0.4096746676734276,13.0,13.0,0.0
3464,True,17,5,21,1.0,21,27,0.25,20,1,6,True,0,0.5529411764705882,0.3907007279536723,21.0,21.75,0.75
3466,False,16,1,74,0.2,-26,6,0.5,-23,2,8,False,0,0.575,0.3924283374069717,-6.0,-8.5,-2.5
3467,True,16,5,15,0.6,-8,9,0.8,7,0,1,False,1,0.7000000000000002,0.3346640106136303,5.8,8.6,2.8
3468,True,16,2,0,1.0,0,7,0.25,-5,0,1,True,0,0.7,0.2828427124746189,0.0,-2.0,-2.0
3470,True,17,4,29,1.0,29,71,0.2,19,1,2,False,0,0.6588235294117647,0.3063062673400019,29.0,29.400000000000002,0.40000000000000213
3474,True,16,4,-4,0.95,-17,42,0.01,-8,0,1,False,0,0.6000000000000001,0.3425395354310701,-4.65,-7.5,-2.8499999999999996
3476,True,16,2,-9,1.0,-9,-8,0.75,-12,2,5,False,0,0.425,0.4434711565216689,-9.0,-9.0,0.0
3478,False,32,1,-10,1.0,-10,-9,0.9,-19,2,2,False,0,0.5562500000000001,0.3509778965561332,-10.0,-10.0,0.0
3478,True,16,2,-10,1.0,-10,-9,0.9,-19,2,2,False,0,0.3625,0.3879432948254165,-10.0,-10.0,0.0
3479,False,16,1,11,1.0,11,79,0.1,2,0,1,True,0,0.5625,0.3283798613394757,11.0,9.700000000000001,-1.299999999999999
3480,True,18,2,30,1.0,30,62,0.2,18,1,6,True,0,0.6555555555555556,0.2894664914514331,30.0,26.8,-3.1999999999999993
3484,False,16,1,47,0.05,13,73,0.1,8,3,7,False,0,0.45,0.3386246693120078,14.7,14.5,-0.1999999999999993
3484,True,16,5,47,0.05,13,73,0.1,8,3,7,False,0,0.4,0.3864367132317184,14.7,14.5,-0.1999999999999993
3485,True,16,3,63,0.4,5,37,0.8,-6,0,1,False,0,0.2875000000000001,0.2305789814069501,28.200000000000003,28.400000000000002,0.1999999999999993
3490,True,16,3,13,1.0,13,13,1.0,13,3,6,False,0,0.55,0.3464101615137755,13.0,13.0,0.0
3491,True,18,3,-8,1.0,-8,41,0.4,-46,1,2,True,0,0.7111111111111111,0.2587046667054218,-8.0,-11.199999999999996,-3.1999999999999957
3493,False,15,1,-1,0.9,-20,42,0.01,-5,0,1,False,0,0.5333333333333333,0.4047338925881101,-2.8999999999999995,-4.53,-1.6300000000000008
3496,False,16,1,7,1.0,7,10,0.9,-18,2,7,False,0,0.625,0.443471156521669,7.0,7.2,0.20000000000000018
3498,True,16,2,-1,0.5,-5,30,0.05,-5,0,1,True,0,0.725,0.2816617356570348,-3.0,-3.25,-0.25
3500,True,17,4,22,0.99,5,22,1.0,22,1,2,False,0,0.5647058823529412,0.3888141851684879,21.830000000000002,22.0,0.16999999999999815
3501,False,15,1,1,0.1,-3,33,0.4,-25,1,4,False,0,0.7333333333333333,0.3086066999241838,-2.6,-1.799999999999999,0.8000000000000012
3501,True,16,2,1,0.1,-3,33,0.4,-25,1,4,False,0,0.7875,0.3304037933599835,-2.6,-1.799999999999999,0.8000000000000012
3502,True,17,2,21,1.0,21,42,0.6,-16,0,1,False,0,0.4235294117647058,0.3800154795608757,21.0,18.799999999999997,-2.200000000000003
3503,False,15,1,0,1.0,0,8,0.2,-2,1,2,False,0,0.48,0.4394802124588285,0.0,0.0,0.0
3503,True,16,3,0,1.0,0,8,0.2,-2,1,2,False,0,0.4500000000000001,0.322490309931942,0.0,0.0,0.0
3504,False,17,1,4,1.0,4,17,0.5,-12,3,3,False,0,0.4823529411764706,0.360962764903887,4.0,2.5,-1.5
3504,True,17,3,4,1.0,4,17,0.5,-12,3,3,False,0,0.4705882352941176,0.3235828832817662,4.0,2.5,-1.5
3506,True,19,2,34,0.9,-13,39,0.5,18,2,6,False,0,0.7263157894736842,0.3603117558497207,29.3,28.5,-0.8000000000000007
3507,False,15,1,7,0.4,4,31,0.6,-35,0,1,False,-1,0.3384615384615385,0.3632761606445513,5.2,4.599999999999998,-0.6000000000000023
3507,True,17,3,7,0.4,4,31,0.6,-35,0,1,False,-1,0.4941176470588236,0.4249567452036944,5.2,4.599999999999998,-0.6000000000000023
3508,True,16,3,16,1.0,16,18,0.05,15,1,2,True,0,0.6375000000000001,0.4080441152620633,16.0,15.15,-0.8499999999999996
3509,True,18,4,26,0.2,14,27,0.6,3,1,8,False,0,0.5666666666666668,0.358099558946457,16.400000000000002,17.4,0.9999999999999964
3510,True,16,3,30,1.0,30,33,0.75,18,1,8,False,0,0.4375,0.4014556845614054,30.0,29.25,-0.75
3512,False,15,1,44,0.5,-4,38,0.25,12,3,4,False,0,0.6266666666666667,0.4131182235954578,20.0,18.5,-1.5
3514,False,15,1,-5,1.0,-5,11,0.01,-5,1,8,False,0,0.8799999999999998,0.2366431913239846,-5.0,-4.84,0.16000000000000014
3514,True,16,3,-5,1.0,-5,11,0.01,-5,1,8,False,0,0.9,0.2065591117977288,-5.0,-4.84,0.16000000000000014
3515,True,16,3,30,1.0,30,30,1.0,30,2,6,False,0,0.5749999999999998,0.3642343567906062,30.0,30.0,0.0
3516,False,15,1,-2,1.0,-2,9,0.1,-6,0,1,False,0,0.5333333333333333,0.3976119189552019,-2.0,-4.5,-2.5
3516,True,18,4,-2,1.0,-2,9,0.1,-6,0,1,False,0,0.4444444444444444,0.3973770208907734,-2.0,-4.5,-2.5
3517,True,17,4,16,1.0,16,71,0.05,15,1,6,False,0,0.7764705882352941,0.290537028114976,16.0,17.8,1.8000000000000007
3518,True,18,3,40,0.2,0,55,0.4,-18,0,1,True,0,0.3444444444444444,0.3052910322611605,8.0,11.200000000000001,3.200000000000001
3519,False,16,1,53,0.25,-7,27,0.5,-14,0,1,False,0,0.4625,0.3556683848755748,8.0,6.5,-1.5
3519,True,17,2,53,0.25,-7,27,0.5,-14,0,1,False,0,0.4000000000000001,0.3674234614174767,8.0,6.5,-1.5
3521,True,17,3,53,0.4,-49,-1,0.9,-41,3,3,False,0,0.2235294117647058,0.2222875720904845,-8.199999999999996,-4.999999999999999,3.1999999999999966
3522,False,16,1,-5,1.0,-5,4,0.5,-12,1,2,False,0,0.8625,0.2156385865284782,-5.0,-4.0,1.0
3522,True,15,3,-5,1.0,-5,4,0.5,-12,1,2,False,0,0.76,0.3135055251278904,-5.0,-4.0,1.0
3524,False,32,1,2,1.0,2,83,0.2,-21,3,6,False,0,0.4500000000000001,0.4219769142133633,2.0,-0.1999999999999993,-2.1999999999999993
3525,False,16,1,4,1.0,4,62,0.2,-11,1,2,False,0,0.5499999999999999,0.4163331998932265,4.0,3.5999999999999996,-0.40000000000000036
3530,False,16,1,52,0.1,24,30,0.95,-43,3,3,False,0,0.3875,0.4161329915623929,26.8,26.349999999999998,-0.45000000000000284
3530,True,17,2,52,0.1,24,30,0.95,-43,3,3,False,0,0.3058823529411765,0.3682230781660998,26.8,26.349999999999998,-0.45000000000000284
3531,True,17,5,31,0.8,17,34,0.9,-44,0,1,True,0,0.2588235294117647,0.2980327656680801,28.2,26.200000000000003,-1.9999999999999964
3532,False,16,1,34,0.1,0,82,0.01,5,1,6,False,1,0.7625000000000001,0.3201562118716424,3.4000000000000004,5.7700000000000005,2.37
3532,True,16,2,34,0.1,0,82,0.01,5,1,6,False,1,0.8875000000000001,0.162788205960997,3.4000000000000004,5.7700000000000005,2.37
3533,False,16,1,69,0.05,11,37,0.2,7,1,8,False,0,0.475,0.3924283374069717,13.899999999999999,13.0,-0.8999999999999986
3533,True,18,5,69,0.05,11,37,0.2,7,1,8,False,0,0.4444444444444444,0.3665775292722131,13.899999999999999,13.0,-0.8999999999999986
3536,True,21,2,-6,1.0,-6,80,0.1,-17,1,4,False,0,0.4380952380952381,0.412887624513245,-6.0,-7.300000000000001,-1.3000000000000007
3537,True,16,2,22,1.0,22,105,0.2,3,0,1,False,0,0.5375,0.3703601850451351,22.0,23.4,1.3999999999999986
3539,False,15,1,-8,1.0,-8,12,0.4,-18,0,1,False,0,0.7866666666666667,0.2774029216723951,-8.0,-5.999999999999998,2.0000000000000018
3539,True,17,5,-8,1.0,-8,12,0.4,-18,0,1,False,0,0.5764705882352942,0.4176263457995465,-8.0,-5.999999999999998,2.0000000000000018
3542,True,16,5,60,0.25,-7,10,1.0,10,1,4,False,0,0.5874999999999999,0.3964425136973414,9.75,10.0,0.25
3543,True,18,2,66,0.25,10,28,0.75,-1,2,5,False,-1,0.5222222222222223,0.3573687427583078,24.0,20.75,-3.25
3547,True,17,5,3,1.0,3,29,0.4,-11,1,8,False,0,0.6823529411764705,0.3244905509364777,3.0,5.000000000000002,2.0000000000000018
3548,True,19,4,20,1.0,20,59,0.25,11,0,1,False,0,0.5789473684210527,0.3392458095514897,20.0,23.0,3.0
3551,True,17,3,9,0.5,-7,21,0.75,-50,0,1,False,0,0.6470588235294117,0.3776864557056944,1.0,3.25,2.25
3552,True,17,2,1,0.25,-3,2,0.5,-7,3,5,True,1,0.5882352941176471,0.3120143284794316,-2.0,-2.5,-0.5
3555,True,16,2,30,1.0,30,30,1.0,30,1,2,False,0,0.4,0.4,30.0,30.0,0.0
3558,True,16,5,11,1.0,11,57,0.4,-18,1,4,False,0,0.3375,0.2895398648430529,11.0,12.000000000000002,1.0000000000000018
3559,True,16,5,47,0.4,9,24,1.0,24,1,2,False,0,0.6125,0.3138470965295043,24.2,24.0,-0.1999999999999993
3562,False,15,1,4,1.0,4,84,0.05,2,0,1,False,0,0.8400000000000002,0.2529822128134703,4.0,6.1,2.0999999999999996
3563,False,16,1,26,0.05,-1,30,0.4,-15,0,1,False,0,0.3625,0.4209117088733297,0.3500000000000001,3.0,2.65
3568,True,16,5,-6,0.9,-12,37,0.25,-17,0,1,False,0,0.7250000000000001,0.2720294101747089,-6.6,-3.5,3.0999999999999996
3569,False,16,1,-2,1.0,-2,4,0.6,-9,2,2,True,0,0.7625000000000001,0.2753785273643051,-2.0,-1.2000000000000002,0.7999999999999998
3569,True,16,4,-2,1.0,-2,4,0.6,-9,2,2,True,0,0.8125,0.2963668897386031,-2.0,-1.2000000000000002,0.7999999999999998
3571,True,17,2,21,1.0,21,99,0.01,18,1,2,False,0,0.5176470588235293,0.4126670784628438,21.0,18.81,-2.1900000000000013
3573,False,17,1,37,0.1,-10,35,0.2,-13,0,1,True,0,0.5882352941176471,0.2955553098431334,-5.3,-3.4000000000000004,1.8999999999999995
3576,True,17,3,89,0.1,3,19,0.8,-6,2,4,True,0,0.6941176470588235,0.2838806708709095,11.600000000000001,14.000000000000002,2.4000000000000004
3577,True,16,4,1,1.0,1,20,0.6,-25,0,1,False,0,0.525,0.4123105625617659,1.0,2.0,1.0
3579,False,17,1,15,0.6,-10,5,1.0,5,0,1,False,0,0.5486631016042781,0.3615414253391531,5.0,5.0,0.0
3583,False,16,1,23,1.0,23,60,0.4,-4,0,1,False,0,0.175,0.2408318915758459,23.0,21.6,-1.3999999999999986
3583,True,15,4,23,1.0,23,60,0.4,-4,0,1,False,0,0.3466666666666667,0.324844285041017,23.0,21.6,-1.3999999999999986
3591,True,16,3,40,0.6,-20,18,0.4,11,0,1,False,0,0.5750000000000001,0.3255764119219941,16.0,13.8,-2.1999999999999993
3592,True,17,3,48,0.6,-39,15,0.75,1,1,2,True,0,0.6588235294117647,0.3222165877352758,13.199999999999996,11.5,-1.6999999999999957
3593,True,17,5,2,1.0,2,4,0.2,-1,1,6,True,0,0.6705882352941177,0.3386825687172889,2.0,0.0,-2.0
3594,False,16,1,10,0.9,-10,63,0.4,-24,3,4,False,-1,0.275,0.3991657967979388,8.0,10.800000000000004,2.8000000000000043
3594,True,15,4,10,0.9,-10,63,0.4,-24,3,4,False,-1,0.6133333333333333,0.4033195589934446,8.0,10.800000000000004,2.8000000000000043
3596,True,16,2,7,1.0,7,5,0.4,3,0,1,False,0,0.1125,0.2187083293643233,7.0,3.8,-3.2
3597,True,16,3,27,1.0,27,30,0.25,30,0,1,False,0,0.875,0.2294921930407801,27.0,30.0,3.0
3599,True,16,5,37,0.75,-35,63,0.5,-28,1,6,False,0,0.45,0.3386246693120078,19.0,17.5,-1.5
3602,True,18,5,79,0.25,10,27,1.0,27,2,2,True,0,0.4888888888888889,0.3771236166328253,27.25,27.0,-0.25
3610,False,15,1,2,1.0,2,23,0.01,5,0,1,False,0,0.84,0.264034629763381,2.0,5.180000000000001,3.1800000000000006
3611,True,18,2,18,1.0,18,27,0.5,10,0,1,True,0,0.5777777777777777,0.3281957012220812,18.0,18.5,0.5
3615,False,15,1,40,0.01,6,93,0.4,-50,2,6,False,0,0.2,0.29277002188456,6.34,7.200000000000003,0.860000000000003
3616,True,17,4,3,1.0,3,3,0.8,0,2,3,False,0,0.4823529411764706,0.4530939390976873,3.0,2.4000000000000004,-0.5999999999999996
3617,True,16,4,30,1.0,30,34,0.8,10,1,4,False,0,0.4875,0.4129164564412516,30.0,29.200000000000003,-0.7999999999999972
3618,True,19,2,20,1.0,20,21,0.8,13,0,1,False,0,0.1368421052631579,0.2909954683033731,20.0,19.4,-0.6000000000000014
3620,False,15,1,82,0.2,12,43,0.1,23,2,2,True,0,0.7733333333333334,0.2604026186687142,26.000000000000004,25.0,-1.0000000000000036
3620,True,16,3,82,0.2,12,43,0.1,23,2,2,True,0,0.675,0.3714835124201341,26.000000000000004,25.0,-1.0000000000000036
3621,True,16,5,18,1.0,18,27,0.75,3,1,6,False,0,0.7125000000000001,0.35,18.0,21.0,3.0
3622,True,16,3,-10,1.0,-10,21,0.5,-37,0,1,False,0,0.7750000000000001,0.2720294101747089,-10.0,-8.0,2.0
3623,False,15,1,14,1.0,14,64,0.1,5,0,1,False,0,0.2666666666666666,0.3177300441449957,14.0,10.9,-3.0999999999999996
3623,True,16,4,14,1.0,14,64,0.1,5,0,1,False,0,0.325,0.4494441010848846,14.0,10.9,-3.0999999999999996
3624,True,17,3,19,0.25,-9,-2,1.0,-2,0,1,False,0,0.3647058823529412,0.4256482944735422,-2.0,-2.0,0.0
3626,True,18,4,1,1.0,1,33,0.25,-8,2,7,True,0,0.7,0.3514675116774036,1.0,2.25,1.25
3628,True,16,2,4,1.0,4,22,0.6,-17,0,1,False,0,0.625,0.3255764119219941,4.0,6.399999999999999,2.3999999999999986
3639,False,18,1,21,0.5,-13,18,0.4,0,0,1,False,0,0.7222222222222222,0.3227739248079803,4.0,7.2,3.2
3639,True,16,4,21,0.5,-13,18,0.4,0,0,1,False,0,0.6125000000000002,0.3304037933599835,4.0,7.2,3.2
3643,False,17,1,11,1.0,11,78,0.4,-29,0,1,True,0,0.3163398692810458,0.3224644120248198,11.0,13.800000000000004,2.8000000000000043
3643,True,15,2,11,1.0,11,78,0.4,-29,0,1,True,0,0.4533333333333333,0.4033195589934446,11.0,13.800000000000004,2.8000000000000043
3644,True,16,5,72,0.25,-8,71,0.05,8,0,1,False,0,0.6625,0.2895398648430529,12.0,11.15,-0.8499999999999996
3645,True,16,2,17,1.0,17,90,0.4,-37,0,1,True,0,0.3250000000000001,0.3642343567906062,17.0,13.8,-3.1999999999999993
3647,True,16,3,35,0.05,17,17,0.99,-2,0,1,True,-1,0.1375,0.2604483314082341,17.9,16.81,-1.0899999999999999
3650,True,17,3,18,1.0,18,64,0.5,-34,0,1,False,0,0.4352941176470589,0.3258473117707668,18.0,15.0,-3.0
3652,False,16,1,22,0.75,-9,56,0.4,-11,0,1,False,0,0.3250000000000001,0.2720294101747089,14.25,15.800000000000002,1.5500000000000025
3652,True,16,5,22,0.75,-9,56,0.4,-11,0,1,False,0,0.275,0.3855731664245668,14.25,15.800000000000002,1.5500000000000025
3653,False,16,1,24,1.0,24,75,0.25,4,3,3,False,0,0.2750000000000001,0.3087609647175843,24.0,21.75,-2.25
3653,True,16,3,24,1.0,24,75,0.25,4,3,3,False,0,0.3625,0.4272001872658765,24.0,21.75,-2.25
3654,True,31,4,-8,1.0,-8,50,0.05,-13,1,6,False,0,0.5677419354838711,0.3467824455132195,-8.0,-9.85,-1.8499999999999996
3655,True,18,3,83,0.2,-10,94,0.25,-20,3,2,False,0,0.4444444444444444,0.3973770208907733,8.600000000000001,8.5,-0.10000000000000142
3656,False,16,1,29,1.0,29,36,0.4,19,0,1,False,0,0.425,0.3492849839314597,29.0,25.8,-3.1999999999999993
3658,False,16,1,29,1.0,29,32,0.95,12,2,2,True,0,0.3625,0.3810074364978545,29.0,31.0,2.0
3660,True,16,3,15,1.0,15,70,0.2,2,1,8,False,0,0.5375000000000001,0.3703601850451351,15.0,15.6,0.5999999999999996
3666,True,16,3,25,1.0,25,60,0.2,17,1,8,True,0,0.675,0.2909753712372693,25.0,25.6,0.6000000000000014
3667,False,16,1,18,1.0,18,19,0.99,-6,3,5,False,0,0.4625,0.3630886025935451,18.0,18.75,0.75
3667,True,16,4,18,1.0,18,19,0.99,-6,3,5,False,0,0.5375000000000001,0.3630886025935451,18.0,18.75,0.75
3668,True,19,3,51,0.2,-9,26,0.5,-21,0,1,False,0,0.4631578947368421,0.3200877072786101,3.000000000000001,2.5,-0.5000000000000009
3671,True,18,2,72,0.25,9,25,1.0,25,3,6,False,0,0.5111111111111112,0.3007615606088472,24.75,25.0,0.25
3672,True,18,3,6,0.9,5,23,0.25,-4,0,1,False,0,0.2111111111111111,0.2609685328988894,5.9,2.75,-3.1500000000000004
3675,False,16,1,14,0.9,-9,35,0.2,5,0,1,False,0,0.7145833333333333,0.3350994877147184,11.7,11.0,-0.6999999999999993
3675,True,15,4,14,0.9,-9,35,0.2,5,0,1,False,0,0.4266666666666667,0.3918211448145818,11.7,11.0,-0.6999999999999993
3676,True,17,4,8,1.0,8,7,0.95,5,0,1,True,0,0.1294117647058823,0.1723539449880425,8.0,6.8999999999999995,-1.1000000000000005
3677,True,16,5,87,0.5,-47,39,0.2,19,0,1,False,0,0.5374999999999999,0.3324154027718932,20.0,23.0,3.0
3678,True,19,5,16,1.0,16,70,0.2,1,2,5,False,0,0.4105263157894737,0.4135143915836347,16.0,14.8,-1.1999999999999993
3680,True,18,2,23,0.25,-9,108,0.2,-29,0,1,False,-1,0.5555555555555556,0.3973770208907734,-1.0,-1.6000000000000014,-0.6000000000000014
3681,True,18,5,25,0.25,16,26,0.01,18,3,4,False,1,0.5111111111111111,0.4404394715560529,18.25,18.080000000000002,-0.16999999999999815
3682,False,16,1,4,1.0,4,9,0.25,-2,1,6,False,0,0.45,0.4289522117905443,4.0,0.75,-3.25
3684,False,16,1,28,0.4,0,11,1.0,11,0,1,False,0,0.65,0.3306559138036598,11.200000000000001,11.0,-0.20000000000000107
3684,True,30,2,28,0.4,0,11,1.0,11,0,1,False,0,0.5066666666666666,0.3666562171969752,11.200000000000001,11.0,-0.20000000000000107
3685,True,16,3,12,1.0,12,47,0.5,-25,0,1,False,0,0.3875,0.4161329915623929,12.0,11.0,-1.0
3690,True,16,5,3,1.0,3,8,0.95,-24,0,1,False,0,0.7,0.3723797345005049,3.0,6.399999999999999,3.3999999999999986
3693,False,16,1,31,0.5,3,22,0.75,-4,1,2,False,0,0.425,0.3785938897200182,17.0,15.5,-1.5
3695,True,17,5,24,0.8,18,23,0.9,-6,1,8,False,0,0.2705882352941177,0.3386825687172889,22.8,20.099999999999998,-2.700000000000003
3696,True,16,3,9,1.0,9,9,0.75,-4,3,4,False,0,0.3625,0.4080441152620633,9.0,5.75,-3.25
3697,False,16,1,77,0.05,-7,2,0.4,-2,3,4,False,0,0.4,0.4066120181860509,-2.7999999999999994,-0.3999999999999999,2.3999999999999995
3702,True,16,4,49,0.05,9,60,0.25,-3,0,1,True,0,0.425,0.3172801075810878,11.0,12.75,1.75
3705,False,18,1,13,1.0,13,71,0.4,-28,1,8,True,0,0.6222222222222222,0.355718916719955,13.0,11.600000000000001,-1.3999999999999986
3706,True,18,2,16,0.8,-19,9,1.0,9,3,5,True,0,0.4,0.3429971702850177,9.000000000000002,9.0,-1.7763568394002505e-15
3707,True,17,3,20,1.0,20,29,0.5,10,1,4,False,0,0.388235294117647,0.4328428596805896,20.0,19.5,-0.5
3709,False,17,1,67,0.01,30,34,0.95,6,1,6,True,0,0.5294117647058824,0.3531372004659678,30.37,32.599999999999994,2.2299999999999933
3709,True,16,2,67,0.01,30,34,0.95,6,1,6,True,0,0.475,0.3991657967979387,30.37,32.599999999999994,2.2299999999999933
3711,False,17,1,0,0.25,-8,-4,0.4,-12,3,5,True,0,0.2235294117647059,0.290537028114976,-6.0,-8.799999999999999,-2.799999999999999
3711,True,15,5,0,0.25,-8,-4,0.4,-12,3,5,True,0,0.2533333333333333,0.324844285041017,-6.0,-8.799999999999999,-2.799999999999999
3712,True,18,3,37,0.05,24,32,0.2,21,0,1,False,1,0.2555555555555555,0.3681787005729087,24.65,23.200000000000003,-1.4499999999999957
3713,False,16,1,-3,1.0,-3,29,0.1,-3,3,6,True,0,0.7875,0.2473189573539939,-3.0,0.20000000000000018,3.2
3713,True,16,2,-3,1.0,-3,29,0.1,-3,3,6,True,0,0.9,0.1932183566158592,-3.0,0.20000000000000018,3.2
3714,False,16,1,29,1.0,29,66,0.6,-20,2,5,True,0,0.625,0.3,29.0,31.6,2.6000000000000014
3714,True,16,2,29,1.0,29,66,0.6,-20,2,5,True,0,0.725,0.3255764119219941,29.0,31.6,2.6000000000000014
3716,True,16,5,23,0.05,19,20,0.8,7,1,2,False,0,0.325,0.3415650255319866,19.2,17.4,-1.8000000000000007
3719,False,16,1,53,0.6,-9,80,0.5,-19,1,2,False,-1,0.6500000000000001,0.3829708431025353,28.199999999999996,30.5,2.3000000000000043
3719,True,16,3,53,0.6,-9,80,0.5,-19,1,2,False,-1,0.6625,0.3556683848755748,28.199999999999996,30.5,2.3000000000000043
3720,False,16,1,67,0.05,28,32,0.99,-24,2,7,False,0,0.3875,0.4096746676734276,29.95,31.439999999999998,1.4899999999999984
3721,False,16,1,16,1.0,16,20,0.6,9,0,1,False,0,0.2625,0.3703601850451351,16.0,15.6,-0.40000000000000036
3721,True,16,3,16,1.0,16,20,0.6,9,0,1,False,0,0.3375,0.3774917217635375,16.0,15.6,-0.40000000000000036
3722,True,17,4,4,1.0,4,94,0.25,-27,3,5,True,0,0.8117647058823529,0.2781239672816253,4.0,3.25,-0.75
3724,True,16,3,6,1.0,6,10,0.9,-3,0,1,False,0,0.4875,0.393064880140671,6.0,8.7,2.6999999999999993
3725,True,19,3,9,1.0,9,58,0.4,-25,0,1,False,0,0.2842105263157896,0.2692853874294721,9.0,8.200000000000003,-0.7999999999999972
3727,True,16,2,39,0.5,-5,22,0.9,-5,3,5,False,1,0.525,0.4123105625617659,17.0,19.3,2.3000000000000007
3729,False,16,1,15,1.0,15,71,0.5,-35,0,1,True,0,0.3125,0.3422961680572347,15.0,18.0,3.0
3729,True,15,3,15,1.0,15,71,0.5,-35,0,1,True,0,0.4800000000000001,0.352946778667023,15.0,18.0,3.0
3730,False,16,1,-7,1.0,-7,53,0.2,-24,1,8,False,0,0.6124999999999999,0.4031128874149275,-7.0,-8.600000000000001,-1.6000000000000014
3730,True,30,3,-7,1.0,-7,53,0.2,-24,1,8,False,0,0.5066666666666666,0.4126728129822857,-7.0,-8.600000000000001,-1.6000000000000014
3731,False,16,1,25,0.75,-23,60,0.25,-3,1,2,True,0,0.8374999999999999,0.1962141687034858,13.0,12.75,-0.25
3732,False,16,1,31,0.2,20,62,0.01,21,0,1,False,0,0.7125,0.3649200825751669,22.2,21.41,-0.7899999999999991
3732,True,16,3,31,0.2,20,62,0.01,21,0,1,False,0,0.4749999999999999,0.3855731664245668,22.2,21.41,-0.7899999999999991
3733,False,16,1,11,0.99,-11,11,1.0,11,1,8,True,0,0.6124999999999999,0.3612478373637689,10.780000000000001,11.0,0.21999999999999886
3733,True,16,4,11,0.99,-11,11,1.0,11,1,8,True,0,0.5499999999999999,0.4098780306383839,10.780000000000001,11.0,0.21999999999999886
3735,True,18,5,25,1.0,25,33,0.1,27,0,1,True,0,0.8444444444444446,0.2525685049114449,25.0,27.6,2.6000000000000014
3737,True,18,3,6,0.01,0,12,0.1,2,1,4,False,0,0.8888888888888888,0.1843554395849907,0.06,3.0,2.94
3739,False,16,1,36,0.4,1,80,0.01,14,1,2,False,-1,0.525,0.3336665001664586,15.0,14.66,-0.33999999999999986
3739,True,16,4,36,0.4,1,80,0.01,14,1,2,False,-1,0.5625,0.3593976442141304,15.0,14.66,-0.33999999999999986
3740,True,20,3,18,1.0,18,18,0.9,-11,0,1,False,0,0.1,0.2635786110641877,18.0,15.1,-2.9000000000000004
3741,False,16,1,5,1.0,5,12,0.9,-34,0,1,False,0,0.275,0.3924283374069717,5.0,7.400000000000001,2.4000000000000012
3741,True,15,3,5,1.0,5,12,0.9,-34,0,1,False,0,0.6666666666666666,0.3677473252630061,5.0,7.400000000000001,2.4000000000000012
3742,True,18,3,15,1.0,15,52,0.5,-26,0,1,False,0,0.4777777777777779,0.3507228762822756,15.0,13.0,-2.0
3743,True,19,4,-7,1.0,-7,43,0.1,-13,1,4,False,0,0.6210526315789473,0.3938117815635353,-7.0,-7.400000000000001,-0.40000000000000124
3745,False,16,1,29,1.0,29,29,0.5,27,0,1,True,0,0.15,0.2875181153713043,29.0,28.0,-1.0
3746,True,18,4,70,0.01,18,17,0.95,10,0,1,False,0,0.1555555555555555,0.2791209356748901,18.52,16.65,-1.870000000000001
3752,True,18,4,43,0.5,-3,95,0.05,19,0,1,False,0,0.6777777777777777,0.3703028260849976,20.0,22.8,2.8000000000000007
3755,True,18,4,-8,0.1,-8,-6,0.95,-18,2,2,True,0,0.3888888888888889,0.3393573318683574,-8.0,-6.6,1.4000000000000004
3756,True,18,3,18,1.0,18,36,0.6,-3,0,1,False,0,0.5222222222222223,0.3949021554996891,18.0,20.4,2.3999999999999986
3759,True,19,5,13,1.0,13,15,0.1,15,0,1,False,0,0.7894736842105262,0.3160427833943887,13.0,15.0,2.0
3760,False,16,1,0,0.6,-3,2,0.1,-2,2,6,False,1,0.6000000000000001,0.4381780460041329,-1.2000000000000002,-1.6,-0.3999999999999999
3760,True,16,4,0,0.6,-3,2,0.1,-2,2,6,False,1,0.6749999999999999,0.3855731664245668,-1.2000000000000002,-1.6,-0.3999999999999999
3761,False,16,1,23,0.6,-19,35,0.4,-18,0,1,False,0,0.4125,0.4161329915623929,6.199999999999998,3.200000000000001,-2.9999999999999973
3762,False,16,1,18,1.0,18,46,0.25,9,0,1,False,0,0.5576923076923077,0.4095314106773264,18.0,18.25,0.25
3762,True,15,2,18,1.0,18,46,0.25,9,0,1,False,0,0.52,0.3687817782917155,18.0,18.25,0.25
3763,True,18,2,5,1.0,5,11,0.8,-7,0,1,True,0,0.3666666666666667,0.344707889976085,5.0,7.400000000000001,2.4000000000000012
3767,True,18,4,17,1.0,17,54,0.5,-19,0,1,True,0,0.3555555555555556,0.3110177264140918,17.0,17.5,0.5
3769,False,16,1,4,1.0,4,26,0.25,1,1,6,False,0,0.7088235294117647,0.4232351919224828,4.0,7.25,3.25
3773,True,15,5,24,1.0,24,48,0.6,-19,0,1,False,0,0.2666666666666666,0.3598941643369749,24.0,21.199999999999996,-2.8000000000000043
3775,True,15,3,1,0.6,-16,6,0.2,-5,1,2,False,0,0.72,0.3277629805645711,-5.800000000000001,-2.8,3.000000000000001
3777,True,16,5,18,0.75,3,17,0.9,7,1,4,False,0,0.2625,0.3403429642777023,14.25,16.0,1.75
3778,True,16,5,-3,1.0,-3,94,0.25,-35,2,6,False,0,0.55,0.3687817782917155,-3.0,-2.75,0.25
3784,True,18,5,20,1.0,20,42,0.01,20,3,6,True,0,0.6444444444444444,0.46806513149375,20.0,20.220000000000002,0.22000000000000242
3786,True,18,2,30,0.25,25,45,0.1,25,0,1,False,0,0.5555555555555556,0.4527331667344882,26.25,27.0,0.75
3788,True,18,5,0,0.75,-40,19,0.4,-31,0,1,False,0,0.6222222222222222,0.3622731428982274,-10.0,-10.999999999999996,-0.9999999999999964
3789,True,32,5,16,1.0,16,33,0.75,-37,1,4,False,0,0.5187499999999999,0.3125725722183982,16.0,15.5,-0.5
3790,True,18,5,34,0.5,16,66,0.5,-20,0,1,False,0,0.2111111111111111,0.2867441755680876,25.0,23.0,-2.0
3792,False,16,1,19,1.0,19,35,0.5,3,0,1,False,0,0.4500000000000001,0.4163331998932265,19.0,19.0,0.0
3798,True,16,5,25,0.8,-22,25,0.5,10,0,1,True,0,0.775,0.2816617356570348,15.600000000000001,17.5,1.8999999999999986
3800,True,19,5,41,0.25,4,45,0.1,8,0,1,True,0,0.5894736842105263,0.3089313782884931,13.25,11.7,-1.5500000000000007
3802,False,15,1,1,1.0,1,10,0.5,-7,1,4,False,0,0.5466666666666667,0.3888934240098375,1.0,1.5,0.5
3803,False,15,1,-4,1.0,-4,56,0.1,-9,1,2,False,0,0.7694117647058824,0.3077448147145417,-4.0,-2.499999999999999,1.5000000000000009
3804,True,16,3,3,0.2,-5,18,0.2,-8,3,4,False,1,0.6124999999999999,0.3461695153148719,-3.4,-2.8000000000000003,0.5999999999999996
3806,False,15,1,12,1.0,12,21,0.5,4,2,5,False,0,0.6799999999999999,0.405674042269688,12.0,12.5,0.5
3807,False,16,1,9,1.0,9,21,0.1,9,2,6,False,0,0.9125,0.1927865832122834,9.0,10.2,1.1999999999999993
3808,False,16,1,78,0.4,-19,32,0.75,-15,0,1,False,0,0.6375,0.3518996068956789,19.800000000000004,20.25,0.44999999999999574
3809,True,15,5,22,1.0,22,51,0.05,22,0,1,False,0,0.9066666666666666,0.2120197654757238,22.0,23.45,1.4499999999999993
3810,False,15,1,52,0.05,-12,75,0.25,-37,0,1,False,0,0.6133333333333333,0.3814758308514571,-8.799999999999999,-9.0,-0.20000000000000107
3811,True,15,4,16,0.9,2,50,0.4,-12,0,1,False,0,0.4533333333333333,0.3661901665736508,14.6,12.8,-1.799999999999999
3814,True,32,2,19,0.8,-32,9,1.0,9,1,4,False,0,0.5312500000000001,0.3430766866215566,8.800000000000002,9.0,0.1999999999999975
3815,True,16,3,-7,1.0,-7,29,0.2,-14,0,1,False,0,0.7000000000000002,0.3346640106136302,-7.0,-5.4,1.5999999999999996
3816,True,18,2,8,1.0,8,59,0.4,-26,0,1,False,0,0.5555555555555556,0.3791976393296808,8.0,8.000000000000002,1.7763568394002505e-15
3818,True,19,4,27,1.0,27,40,0.05,23,0,1,False,0,0.4315789473684211,0.3606362149481992,27.0,23.849999999999998,-3.150000000000002
3819,True,16,3,82,0.4,-50,14,0.6,-11,3,2,False,0,0.575,0.3642343567906062,2.8000000000000043,4.0,1.1999999999999957
3823,True,16,2,-1,0.05,-6,-2,0.01,-5,1,8,False,0,0.8625,0.280178514522438,-5.749999999999999,-4.97,0.7799999999999994
3827,False,16,1,6,1.0,6,67,0.05,1,0,1,False,0,0.4500000000000001,0.4226897995772628,6.0,4.3,-1.7000000000000002
3827,True,16,5,6,1.0,6,67,0.05,1,0,1,False,0,0.6000000000000001,0.4195235392680606,6.0,4.3,-1.7000000000000002
3829,True,17,4,17,0.95,-6,16,1.0,16,0,1,False,0,0.6470588235294117,0.3572772856249462,15.849999999999998,16.0,0.15000000000000213
3831,True,18,5,34,0.8,-9,25,1.0,25,2,7,True,0,0.6666666666666666,0.3629940851892121,25.400000000000002,25.0,-0.40000000000000213
3832,False,17,1,76,0.5,-32,22,1.0,22,2,6,False,0,0.6235294117647059,0.3527205192583532,22.0,22.0,0.0
3833,True,16,4,30,1.0,30,32,0.95,0,0,1,False,0,0.4625,0.4177319714841085,30.0,30.4,0.3999999999999986
3836,False,17,1,30,1.0,30,68,0.1,25,1,2,False,0,0.6235294117647061,0.3992640288153722,30.0,29.3,-0.6999999999999993
3836,True,15,3,30,1.0,30,68,0.1,25,1,2,False,0,0.56,0.4222389303293979,30.0,29.3,-0.6999999999999993
3837,False,17,1,2,0.6,-15,62,0.25,-25,0,1,True,1,0.7647058823529412,0.3258473117707668,-4.8,-3.25,1.5499999999999998
3839,False,17,1,14,1.0,14,21,0.2,13,1,4,False,0,0.6352941176470588,0.3481041088356115,14.0,14.600000000000001,0.6000000000000014
3839,True,15,3,14,1.0,14,21,0.2,13,1,4,False,0,0.8133333333333332,0.324844285041017,14.0,14.600000000000001,0.6000000000000014
3840,False,16,1,27,0.8,7,29,0.9,-12,0,1,False,0,0.35,0.3898717737923586,23.0,24.900000000000002,1.9000000000000021
3840,True,15,5,27,0.8,7,29,0.9,-12,0,1,False,0,0.28,0.3004758131459407,23.0,24.900000000000002,1.9000000000000021
3842,True,18,4,62,0.25,-10,18,0.25,3,0,1,False,-1,0.5888888888888889,0.3786801985983127,8.0,6.75,-1.25
3845,True,19,4,35,0.5,3,29,0.5,4,0,1,False,0,0.2947368421052631,0.3290958729113014,19.0,16.5,-2.5
3846,True,16,3,-3,1.0,-3,10,0.2,-2,2,7,True,0,0.9125,0.1784189825476351,-3.0,0.3999999999999999,3.4
3848,True,17,3,11,1.0,11,35,0.6,-18,1,8,False,0,0.4352941176470588,0.3690209622612721,11.0,13.8,2.8000000000000007
3849,True,16,4,16,0.25,7,12,0.9,9,0,1,False,0,0.7375,0.3324154027718932,9.25,11.700000000000001,2.450000000000001
3852,True,16,5,2,1.0,2,4,0.99,-10,0,1,False,0,0.825,0.3,2.0,3.86,1.8599999999999999
3853,True,17,3,-7,1.0,-7,22,0.2,-17,2,6,False,0,0.7176470588235294,0.360962764903887,-7.0,-9.200000000000001,-2.200000000000001
3854,True,17,2,19,1.0,19,32,0.75,-24,0,1,False,0,0.4941176470588236,0.3543843045256345,19.0,18.0,-1.0
3855,True,16,2,68,0.01,29,47,0.8,-34,1,8,False,0,0.6375000000000001,0.3201562118716424,29.39,30.800000000000004,1.4100000000000037
3856,True,17,4,4,0.75,-16,20,0.25,-9,0,1,True,0,0.6588235294117647,0.3143620991973504,-1.0,-1.75,-0.75
3859,True,16,3,3,1.0,3,3,0.75,-2,0,1,False,0,0.1,0.1632993161855452,3.0,1.75,-1.25
3866,False,15,1,30,0.75,-26,25,0.75,2,3,2,False,0,0.7066666666666666,0.3011090610836324,16.0,19.25,3.25
3866,True,15,5,30,0.75,-26,25,0.75,2,3,2,False,0,0.6933333333333334,0.3453086955726647,16.0,19.25,3.25
3867,True,16,5,18,0.9,-24,117,0.25,-20,0,1,False,1,0.5375,0.3324154027718933,13.8,14.25,0.4499999999999993
3869,False,16,1,28,1.0,28,55,0.1,26,0,1,False,0,0.6125,0.3685557397915997,28.0,28.900000000000002,0.9000000000000021
3872,True,16,3,-10,1.0,-10,4,0.1,-10,2,4,False,0,0.9375,0.1408308678285174,-10.0,-8.6,1.4000000000000004
3873,False,15,1,27,1.0,27,36,0.6,20,0,1,False,0,0.5733333333333334,0.3369329451445933,27.0,29.599999999999998,2.599999999999998
3873,True,15,4,27,1.0,27,36,0.6,20,0,1,False,0,0.6533333333333332,0.341983012666391,27.0,29.599999999999998,2.599999999999998
3874,True,17,5,0,0.75,-15,-4,1.0,-4,2,2,True,0,0.3294117647058824,0.3869184440588755,-3.75,-4.0,-0.25
3875,False,15,1,35,0.4,2,19,0.05,14,3,5,False,0,0.6116666666666667,0.351383320741378,15.2,14.249999999999998,-0.9500000000000011
3876,True,16,2,26,1.0,26,76,0.1,21,0,1,True,0,0.7125000000000001,0.3263433774416144,26.0,26.500000000000004,0.5000000000000036
3878,False,15,1,6,0.05,4,31,0.01,7,3,2,False,0,0.64,0.4014260294784796,4.1,7.239999999999999,3.1399999999999997
3878,True,15,3,6,0.05,4,31,0.01,7,3,2,False,0,0.96,0.1121223821162776,4.1,7.239999999999999,3.1399999999999997
3880,True,19,2,22,0.4,17,33,0.8,-50,2,3,True,0,0.3473684210526315,0.3322790344351359,19.0,16.400000000000006,-2.5999999999999943
3882,True,18,4,-1,1.0,-1,2,0.6,-6,0,1,False,0,0.5666666666666668,0.3772968873135194,-1.0,-1.2000000000000004,-0.2000000000000004
3883,False,16,1,10,1.0,10,94,0.05,6,2,6,False,0,0.35,0.3614784456460256,10.0,10.399999999999999,0.3999999999999986
3883,True,15,3,10,1.0,10,94,0.05,6,2,6,False,0,0.6133333333333333,0.358302877997027,10.0,10.399999999999999,0.3999999999999986
3886,True,16,5,26,1.0,26,32,0.4,25,0,1,False,0,0.6625000000000001,0.4112987559751022,26.0,27.8,1.8000000000000007
3887,False,16,1,5,1.0,5,16,0.25,1,1,6,False,0,0.3625,0.4014556845614054,5.0,4.75,-0.25
3887,True,16,5,5,1.0,5,16,0.25,1,1,6,False,0,0.4625,0.4364630568559039,5.0,4.75,-0.25
3888,False,16,1,5,1.0,5,5,0.6,4,0,1,True,0,0.1808823529411764,0.2831972670092748,5.0,4.6,-0.40000000000000036
3889,False,16,1,24,1.0,24,37,0.01,26,1,2,True,0,0.775,0.3415650255319865,24.0,26.11,2.1099999999999994
3898,False,15,1,10,1.0,10,47,0.01,12,0,1,False,0,0.7466666666666666,0.3661901665736508,10.0,12.35,2.3499999999999996
3898,True,16,3,10,1.0,10,47,0.01,12,0,1,False,0,0.8750000000000001,0.2816617356570348,10.0,12.35,2.3499999999999996
3900,True,16,3,30,1.0,30,87,0.4,-5,1,8,False,0,0.3624999999999999,0.311715682420161,30.0,31.800000000000004,1.8000000000000043
3901,True,16,2,-3,1.0,-3,-3,0.95,-13,0,1,False,0,0.2625,0.3324154027718932,-3.0,-3.5,-0.5
3903,True,15,4,-3,1.0,-3,47,0.1,-11,0,1,False,0,0.4,0.3854496446637726,-3.0,-5.2,-2.2
3904,True,15,4,15,1.0,15,18,0.95,-42,0,1,True,0,0.3066666666666667,0.3614784456460256,15.0,14.999999999999996,-3.552713678800501e-15
3906,False,15,1,27,0.4,2,14,0.95,-17,3,2,False,0,0.5333333333333333,0.3598941643369749,12.0,12.449999999999998,0.4499999999999975
3906,True,15,2,27,0.4,2,14,0.95,-17,3,2,False,0,0.2533333333333333,0.324844285041017,12.0,12.449999999999998,0.4499999999999975
3907,False,16,1,15,1.0,15,22,0.9,-15,1,4,False,0,0.6,0.4066120181860508,15.0,18.3,3.3000000000000007
3909,True,17,3,30,0.1,16,61,0.5,-31,0,1,False,0,0.2470588235294118,0.31248529377161,17.4,15.0,-2.3999999999999986
3910,True,17,5,45,0.4,-25,3,1.0,3,0,1,False,0,0.5411764705882353,0.3373774287230323,3.0,3.0,0.0
3911,True,16,2,26,1.0,26,36,0.5,21,1,2,True,0,0.6625000000000001,0.370360185045135,26.0,28.5,2.5
3914,True,17,2,81,0.05,21,24,0.9,15,1,8,False,0,0.3294117647058824,0.3804022638641116,24.0,23.1,-0.8999999999999986
3915,False,15,1,22,1.0,22,25,0.95,21,0,1,False,0,0.6266666666666666,0.4131182235954578,22.0,24.8,2.8000000000000007
3915,True,15,5,22,1.0,22,25,0.95,21,0,1,False,0,0.9733333333333332,0.1032795558988644,22.0,24.8,2.8000000000000007
3916,True,17,4,4,1.0,4,33,0.25,-2,1,4,False,0,0.2588235294117647,0.3857765278134023,4.0,6.75,2.75
3917,True,15,2,26,0.2,1,59,0.5,-48,0,1,False,0,0.2666666666666667,0.2690370836538197,6.0,5.5,-0.5
3918,True,17,2,1,1.0,1,8,0.8,-40,0,1,False,0,0.4588235294117648,0.2895229341723461,1.0,-1.5999999999999979,-2.599999999999998
3919,True,18,2,19,1.0,19,27,0.5,11,0,1,False,0,0.5777777777777776,0.3687108791699814,19.0,19.0,0.0
3921,True,16,4,46,0.25,2,24,0.4,0,2,4,False,0,0.3250000000000001,0.3,13.0,9.600000000000001,-3.3999999999999986
3922,True,16,5,11,0.75,-5,18,0.2,1,0,1,False,-1,0.4875,0.3422961680572347,7.0,4.4,-2.5999999999999996
3923,True,16,5,-6,0.4,-11,-6,0.99,-34,0,1,False,0,0.45,0.4033195589934446,-9.0,-6.279999999999999,2.7200000000000006
3928,False,16,1,4,0.99,-9,4,1.0,4,0,1,False,0,0.71875,0.4086053515720679,3.87,4.0,0.1299999999999999
3931,True,17,5,-9,1.0,-9,-1,0.75,-38,0,1,False,0,0.5294117647058825,0.4412548949903458,-9.0,-10.25,-1.25
3932,False,17,1,45,0.2,-13,48,0.05,-5,1,4,False,0,0.5411764705882353,0.4108814055317723,-1.4000000000000004,-2.3499999999999996,-0.9499999999999993
3933,False,17,1,29,0.75,10,28,0.75,3,0,1,True,0,0.2588235294117648,0.2623423896585619,24.25,21.75,-2.5
3933,True,15,4,29,0.75,10,28,0.75,3,0,1,True,0,0.2133333333333332,0.277402921672395,24.25,21.75,-2.5
3934,True,17,4,8,1.0,8,9,0.5,6,0,1,False,0,0.6000000000000001,0.3807886552931954,8.0,7.5,-0.5
3939,True,15,4,-4,1.0,-4,0,0.95,-14,0,1,True,0,0.7466666666666667,0.277402921672395,-4.0,-0.7000000000000006,3.2999999999999994
3943,False,33,1,28,1.0,28,59,0.4,10,0,1,False,0,0.4909090909090909,0.3643175438093432,28.0,29.6,1.6000000000000014
3945,True,18,5,-2,1.0,-2,24,0.4,-20,0,1,False,0,0.6111111111111112,0.3323514951671938,-2.0,-2.3999999999999986,-0.3999999999999986
3946,True,16,4,-2,1.0,-2,89,0.2,-28,2,3,False,0,0.3875,0.3685557397915997,-2.0,-4.600000000000001,-2.6000000000000014
3947,True,16,4,2,0.9,-34,12,0.75,-29,0,1,True,-1,0.6750000000000002,0.2816617356570348,-1.5999999999999994,1.75,3.3499999999999996
3949,False,16,1,23,1.0,23,34,0.05,24,1,8,False,0,0.5624999999999999,0.439507299901454,23.0,24.499999999999996,1.4999999999999964
3949,True,15,5,23,1.0,23,34,0.05,24,1,8,False,0,0.8266666666666667,0.3195234546871921,23.0,24.499999999999996,1.4999999999999964
3950,True,16,5,10,1.0,10,23,0.2,7,3,3,False,0,0.4,0.4066120181860508,10.0,10.200000000000001,0.20000000000000107
3953,True,17,4,2,1.0,2,36,0.5,-26,1,8,False,0,0.6117647058823529,0.3706115772294095,2.0,5.0,3.0
3954,True,17,2,10,0.5,2,8,0.95,-26,3,2,True,1,0.1764705882352941,0.243745286530596,6.0,6.299999999999999,0.29999999999999893
3955,True,17,4,52,0.01,28,30,0.75,14,0,1,True,0,0.4,0.3807886552931954,28.24,26.0,-2.2399999999999984
3957,False,15,1,23,0.01,15,15,0.99,-23,1,2,False,0,0.32,0.3189267717114474,15.08,14.62,-0.46000000000000085
3962,False,15,1,20,1.0,20,29,0.5,15,0,1,False,0,0.6133333333333333,0.2875181153713043,20.0,22.0,2.0
3962,True,16,2,20,1.0,20,29,0.5,15,0,1,False,0,0.725,0.2294921930407801,20.0,22.0,2.0
3966,True,16,3,88,0.2,-2,60,0.1,14,3,4,True,1,0.6749999999999999,0.3855731664245667,16.0,18.6,2.6000000000000014
3971,False,15,1,13,1.0,13,16,0.01,14,1,4,False,0,0.72,0.3363671463488329,13.0,14.02,1.0199999999999996
3972,True,16,4,67,0.25,-16,2,0.99,-27,1,2,False,0,0.575,0.3255764119219941,4.75,1.7099999999999997,-3.04
3973,True,33,4,9,1.0,9,33,0.2,0,2,6,True,0,0.5696969696969697,0.3358616237426216,9.0,6.6000000000000005,-2.3999999999999995
3980,False,16,1,-1,1.0,-1,89,0.01,-5,0,1,False,0,0.4,0.3346640106136303,-1.0,-4.0600000000000005,-3.0600000000000005
3980,True,32,3,-1,1.0,-1,89,0.01,-5,0,1,False,0,0.5312500000000001,0.3578046863141777,-1.0,-4.0600000000000005,-3.0600000000000005
3983,False,16,1,0,1.0,0,0,1.0,0,1,2,True,0,0.6625000000000001,0.3242941051987634,0.0,0.0,0.0
3983,True,15,2,0,1.0,0,0,1.0,0,1,2,True,0,0.5066666666666666,0.376955220278534,0.0,0.0,0.0
3984,True,17,4,25,0.1,24,37,0.6,5,1,2,False,0,0.6470588235294118,0.3842486939776496,24.1,24.2,0.09999999999999787
3987,False,16,1,29,1.0,29,30,0.5,22,1,8,False,0,0.45,0.3759432581299116,29.0,26.0,-3.0
3988,True,17,4,-6,1.0,-6,11,0.75,-48,3,5,False,0,0.7882352941176469,0.3199264621385212,-6.0,-3.75,2.25
3989,False,16,1,25,1.0,25,85,0.4,-15,0,1,False,0,0.375,0.3492849839314596,25.0,25.0,0.0
3989,True,17,5,25,1.0,25,85,0.4,-15,0,1,False,0,0.1647058823529411,0.1902011319320558,25.0,25.0,0.0
3990,True,18,3,55,0.5,-45,5,1.0,5,0,1,False,0,0.7419753086419754,0.2168151177562634,5.0,5.0,0.0
3991,True,18,3,-9,1.0,-9,-2,0.8,-24,0,1,False,0,0.7000000000000001,0.358099558946457,-9.0,-6.399999999999999,2.6000000000000014
3992,False,16,1,14,0.01,-8,64,0.05,-11,0,1,False,1,0.6124999999999999,0.3612478373637689,-7.78,-7.249999999999999,0.5300000000000011
3992,True,16,3,14,0.01,-8,64,0.05,-11,0,1,False,1,0.7875000000000001,0.3461695153148719,-7.78,-7.249999999999999,0.5300000000000011
3994,False,20,1,14,1.0,14,26,0.8,-37,1,4,False,0,0.4300000000000001,0.3798891805167452,14.0,13.400000000000002,-0.5999999999999979
3995,False,16,1,81,0.25,4,23,1.0,23,0,1,False,0,0.325,0.4187282332651254,23.25,23.0,-0.25
3995,True,16,3,81,0.25,4,23,1.0,23,0,1,False,0,0.5875,0.3222318006239194,23.25,23.0,-0.25
3997,False,20,1,14,0.6,11,15,0.5,8,0,1,False,0,0.34,0.3250910803548996,12.8,11.5,-1.3000000000000007
3997,True,15,3,14,0.6,11,15,0.5,8,0,1,False,0,0.3066666666666667,0.3369329451445933,12.8,11.5,-1.3000000000000007
3999,True,16,4,32,0.25,8,23,0.1,12,0,1,False,0,0.4375,0.3364025366531392,14.0,13.100000000000001,-0.8999999999999986
4002,False,16,1,30,0.9,26,30,1.0,30,3,3,False,0,0.6499999999999999,0.3386246693120078,29.6,30.0,0.3999999999999986
4004,True,17,4,-7,1.0,-7,19,0.01,-8,1,4,True,0,0.7999999999999998,0.3464101615137754,-7.0,-7.7299999999999995,-0.7299999999999995
4006,True,17,3,25,1.0,25,39,0.05,22,0,1,False,0,0.4235294117647059,0.4176263457995464,25.0,22.849999999999998,-2.150000000000002
4012,False,15,1,-8,1.0,-8,-9,0.8,-11,0,1,False,0,0.2,0.2725540575476987,-8.0,-9.399999999999999,-1.3999999999999986
4012,True,16,2,-8,1.0,-8,-9,0.8,-11,0,1,False,0,0.1875,0.3304037933599835,-8.0,-9.399999999999999,-1.3999999999999986
4013,True,16,3,11,0.99,-16,15,0.05,9,3,5,False,0,0.4875,0.3930648801406709,10.73,9.299999999999999,-1.4300000000000015
4016,False,15,1,13,1.0,13,20,0.1,10,0,1,True,0,0.7466666666666667,0.3159264531651691,13.0,11.0,-2.0
4016,True,17,2,13,1.0,13,20,0.1,10,0,1,True,0,0.6235294117647059,0.3666221006784538,13.0,11.0,-2.0
4017,True,16,5,9,1.0,9,11,0.99,3,2,5,True,0,0.6625,0.3403429642777023,9.0,10.92,1.92
4019,False,16,1,17,1.0,17,24,0.05,17,2,7,True,0,0.8625,0.2500000000000001,17.0,17.349999999999998,0.34999999999999787
4019,True,16,2,17,1.0,17,24,0.05,17,2,7,True,0,0.9125,0.162788205960997,17.0,17.349999999999998,0.34999999999999787
4021,False,16,1,3,1.0,3,96,0.1,-4,0,1,False,0,0.3375000000000001,0.307408522978788,3.0,6.000000000000002,3.0000000000000018
4021,True,15,4,3,1.0,3,96,0.1,-4,0,1,False,0,0.4000000000000001,0.3927922024247863,3.0,6.000000000000002,3.0000000000000018
4023,False,16,1,25,1.0,25,43,0.5,5,1,6,False,0,0.4625,0.3844910055298216,25.0,24.0,-1.0
4025,False,15,1,13,0.75,-20,43,0.01,6,0,1,True,1,0.8266666666666668,0.3104528182847634,4.75,6.369999999999999,1.6199999999999992
4025,True,17,5,13,0.75,-20,43,0.01,6,0,1,True,1,0.8117647058823529,0.2288076510444321,4.75,6.369999999999999,1.6199999999999992
4026,True,16,2,15,1.0,15,17,0.5,12,1,4,True,0,0.3750000000000001,0.4312771730569565,15.0,14.5,-0.5
4027,False,16,1,25,1.0,25,57,0.01,23,2,6,False,0,0.6375000000000002,0.3364025366531392,25.0,23.34,-1.6600000000000001
4027,True,17,4,25,1.0,25,57,0.01,23,2,6,False,0,0.5176470588235295,0.4126670784628437,25.0,23.34,-1.6600000000000001
4028,True,17,3,6,1.0,6,9,0.6,0,2,6,False,0,0.5176470588235295,0.4362271399707483,6.0,5.3999999999999995,-0.6000000000000005
4029,True,16,2,20,1.0,20,90,0.05,15,1,4,False,0,0.375,0.3924283374069717,20.0,18.75,-1.25
4033,True,16,2,50,0.2,-23,-10,0.9,-22,0,1,False,0,0.4375,0.3442382895611701,-8.400000000000002,-11.2,-2.799999999999997
4034,True,17,3,14,1.0,14,48,0.6,-30,0,1,False,0,0.4235294117647059,0.3597384670922507,14.0,16.799999999999997,2.799999999999997
4035,True,16,3,-4,1.0,-4,-2,0.8,-18,1,8,False,0,0.6,0.4,-4.0,-5.199999999999999,-1.1999999999999993
4037,True,16,3,14,1.0,14,18,0.1,16,0,1,True,0,0.7625000000000001,0.3810074364978545,14.0,16.2,2.1999999999999993
4040,False,16,1,22,0.1,12,13,1.0,13,1,4,False,0,0.45,0.4163331998932265,13.0,13.0,0.0
4040,True,18,4,22,0.1,12,13,1.0,13,1,4,False,0,0.6777777777777778,0.3370382340949318,13.0,13.0,0.0
4042,True,16,3,-6,1.0,-6,22,0.5,-32,0,1,False,0,0.7999999999999999,0.2422120283277993,-6.0,-5.0,1.0
4047,True,18,4,-5,0.05,-8,-11,0.4,-11,1,8,False,0,0.2666666666666666,0.3217598666159375,-7.85,-11.0,-3.1500000000000004
4049,True,16,2,10,1.0,10,22,0.8,-48,0,1,False,0,0.5750000000000001,0.3415650255319866,10.0,8.000000000000004,-1.9999999999999964
4052,True,18,5,25,0.2,-14,65,0.05,-11,0,1,False,1,0.4666666666666667,0.3564531154716027,-6.200000000000001,-7.199999999999999,-0.9999999999999982
4054,True,15,5,30,0.01,28,39,0.25,24,1,4,False,1,0.6533333333333334,0.341983012666391,28.02,27.75,-0.2699999999999996
4058,True,16,3,-5,1.0,-5,111,0.05,-10,0,1,False,0,0.55,0.3829708431025353,-5.0,-3.9499999999999993,1.0500000000000007
4061,True,16,4,-9,1.0,-9,59,0.1,-20,0,1,False,0,0.2500000000000001,0.2476556749467561,-9.0,-12.1,-3.0999999999999996
4063,False,16,1,28,0.6,-32,10,0.1,1,2,5,False,0,0.725,0.3087609647175843,4.0,1.9,-2.1
4063,True,17,2,28,0.6,-32,10,0.1,1,2,5,False,0,0.5294117647058824,0.3601470287992686,4.0,1.9,-2.1
4064,True,16,5,15,0.8,12,18,0.9,6,0,1,False,0,0.6124999999999999,0.4161329915623929,14.399999999999999,16.8,2.400000000000002
4065,True,19,4,8,1.0,8,76,0.25,-18,0,1,False,0,0.3052631578947369,0.3153017676423058,8.0,5.5,-2.5
4067,True,16,3,26,1.0,26,52,0.2,19,1,2,False,0,0.3875000000000001,0.4031128874149275,26.0,25.6,-0.3999999999999986
4072,False,16,1,29,1.0,29,32,0.25,28,0,1,False,0,0.5625,0.4080441152620633,29.0,29.0,0.0
4072,True,17,2,29,1.0,29,32,0.25,28,0,1,False,0,0.5294117647058824,0.4119537381223056,29.0,29.0,0.0
4074,True,18,4,54,0.25,-7,9,0.9,-11,0,1,True,-1,0.3,0.358099558946457,8.25,7.0,-1.25
4075,False,16,1,19,1.0,19,16,0.95,12,2,3,False,0,0.2625,0.3480900266693469,19.0,15.8,-3.1999999999999993
4076,True,17,5,-2,1.0,-2,30,0.1,-4,1,6,False,0,0.6235294117647059,0.3992640288153721,-2.0,-0.6000000000000001,1.4
4077,True,15,2,-6,1.0,-6,-2,0.8,-26,0,1,False,0,0.6666666666666666,0.2992052966172383,-6.0,-6.799999999999999,-0.7999999999999989
4078,True,18,2,43,0.1,13,16,1.0,16,0,1,False,0,0.4888888888888889,0.3894020890135344,16.0,16.0,0.0
4079,False,16,1,-6,1.0,-6,-6,1.0,-6,3,2,False,0,0.5499999999999998,0.3687817782917155,-6.0,-6.0,0.0
4079,True,16,3,-6,1.0,-6,-6,1.0,-6,3,2,False,0,0.4625,0.4303099657998483,-6.0,-6.0,0.0
4080,False,32,1,21,0.95,14,117,0.2,-2,0,1,False,0,0.4625,0.3348085635009182,20.65,21.8,1.1500000000000021
4080,True,16,2,21,0.95,14,117,0.2,-2,0,1,False,0,0.45,0.409878030638384,20.65,21.8,1.1500000000000021
4082,True,15,3,1,1.0,1,1,0.8,-16,0,1,False,0,0.08,0.2242447642325552,1.0,-2.3999999999999995,-3.3999999999999995
4084,True,18,4,32,0.05,-8,61,0.1,-13,0,1,False,0,0.4888888888888889,0.4013050605636402,-6.0,-5.6000000000000005,0.39999999999999947
4086,True,15,4,9,0.99,4,81,0.4,-41,0,1,False,-1,0.36,0.3135055251278904,8.95,7.800000000000001,-1.1499999999999986
4090,True,21,2,-6,1.0,-6,2,0.05,-3,3,3,False,0,0.8666666666666666,0.2129162589689508,-6.0,-2.7499999999999996,3.2500000000000004
4091,False,16,1,9,1.0,9,56,0.4,-18,1,4,False,0,0.4125,0.2872281323269014,9.0,11.600000000000003,2.600000000000003
4091,True,17,3,9,1.0,9,56,0.4,-18,1,4,False,0,0.4588235294117648,0.392203428607865,9.0,11.600000000000003,2.600000000000003
4096,False,16,1,30,0.99,3,81,0.4,-4,0,1,False,0,0.2375,0.2217355782608345,29.73,30.0,0.2699999999999996
4096,True,15,4,30,0.99,3,81,0.4,-4,0,1,False,0,0.36,0.3561701038227982,29.73,30.0,0.2699999999999996
4100,True,15,5,28,0.01,-6,7,0.75,-33,0,1,False,0,0.6533333333333332,0.3335237551331168,-5.659999999999999,-3.0,2.6599999999999993
4101,False,16,1,11,1.0,11,78,0.1,7,1,6,False,0,0.6375000000000001,0.3117156824201609,11.0,14.100000000000001,3.1000000000000014
4101,True,18,3,11,1.0,11,78,0.1,7,1,6,False,0,0.5888888888888889,0.3595567350942462,11.0,14.100000000000001,3.1000000000000014
4105,False,16,1,10,0.95,-5,76,0.25,-13,0,1,False,0,0.425,0.3714835124201341,9.25,9.25,0.0
4105,True,18,5,10,0.95,-5,76,0.25,-13,0,1,False,0,0.3777777777777778,0.3281957012220812,9.25,9.25,0.0
4109,False,16,1,20,1.0,20,47,0.6,-13,1,6,False,0,0.3875000000000001,0.3685557397915997,20.0,23.0,3.0
4112,False,16,1,62,0.25,-2,14,1.0,14,0,1,False,0,0.5375000000000001,0.370360185045135,14.0,14.0,0.0
4112,True,16,3,62,0.25,-2,14,1.0,14,0,1,False,0,0.575,0.3785938897200182,14.0,14.0,0.0
4114,False,16,1,13,1.0,13,14,0.8,9,0,1,False,0,0.45,0.4226897995772629,13.0,13.0,0.0
4117,True,18,3,0,0.5,-12,96,0.05,-14,0,1,False,0,0.4666666666666667,0.3564531154716027,-6.0,-8.499999999999998,-2.4999999999999982
4118,False,16,1,17,1.0,17,54,0.5,-20,0,1,False,0,0.4625,0.3774917217635375,17.0,17.0,0.0
4118,True,16,5,17,1.0,17,54,0.5,-20,0,1,False,0,0.4,0.39327683210007,17.0,17.0,0.0
4120,True,15,4,109,0.1,6,39,0.01,14,0,1,True,-1,0.6666666666666667,0.3677473252630061,16.3,14.25,-2.0500000000000007
4121,False,16,1,11,1.0,11,26,0.5,-7,2,7,False,0,0.3375000000000001,0.307408522978788,11.0,9.5,-1.5
4121,True,17,3,11,1.0,11,26,0.5,-7,2,7,False,0,0.4588235294117648,0.3857765278134022,11.0,9.5,-1.5
4122,True,15,2,30,0.75,-7,21,1.0,21,1,8,False,0,0.64,0.3480558247506528,20.75,21.0,0.25
4123,True,18,4,5,1.0,5,5,1.0,5,1,6,False,0,0.6888888888888889,0.3894020890135344,5.0,5.0,0.0
4125,True,19,4,38,0.5,-6,20,0.5,17,0,1,False,0,0.6210526315789473,0.3994147765702842,16.0,18.5,2.5
4127,False,16,1,53,0.6,-12,95,0.01,26,1,2,False,0,0.7000000000000001,0.3651483716701106,26.999999999999996,26.689999999999998,-0.3099999999999987
4127,True,17,4,53,0.6,-12,95,0.01,26,1,2,False,0,0.7176470588235294,0.3166924654093602,26.999999999999996,26.689999999999998,-0.3099999999999987
4128,False,16,1,85,0.1,21,40,0.75,-9,0,1,True,0,0.2625,0.280178514522438,27.400000000000002,27.75,0.34999999999999787
4130,True,15,4,-9,0.4,-9,3,0.4,-15,0,1,False,0,0.8,0.2618614682831909,-9.0,-7.8,1.2000000000000002
4132,False,16,1,23,0.1,-11,2,0.05,-7,2,2,False,0,0.1625,0.1962141687034858,-7.6,-6.55,1.0499999999999998
4132,True,16,5,23,0.1,-11,2,0.05,-7,2,2,False,0,0.4625,0.307408522978788,-7.6,-6.55,1.0499999999999998
4135,False,16,1,11,0.25,-10,46,0.2,-21,2,3,True,0,0.7625,0.2753785273643051,-4.75,-7.6,-2.8499999999999996
4135,True,17,2,11,0.25,-10,46,0.2,-21,2,3,True,0,0.7294117647058824,0.2995094027788463,-4.75,-7.6,-2.8499999999999996
4137,False,16,1,-5,1.0,-5,46,0.1,-9,3,3,False,0,0.625,0.3642343567906062,-5.0,-3.499999999999999,1.5000000000000009
4137,True,16,4,-5,1.0,-5,46,0.1,-9,3,3,False,0,0.5875,0.3537890143385839,-5.0,-3.499999999999999,1.5000000000000009
4138,True,15,4,-10,1.0,-10,58,0.2,-30,1,2,False,0,0.4799999999999999,0.3004758131459407,-10.0,-12.399999999999999,-2.3999999999999986
4143,False,16,1,3,0.25,-4,-2,1.0,-2,2,2,True,0,0.1875,0.2963668897386031,-2.25,-2.0,0.25
4143,True,18,5,3,0.25,-4,-2,1.0,-2,2,2,True,0,0.3,0.3646109933485113,-2.25,-2.0,0.25
4144,True,17,3,48,0.75,-40,55,0.01,27,1,2,False,1,0.5294117647058824,0.3312187832127597,26.0,27.28,1.2800000000000011
4147,False,16,1,14,0.6,-24,-1,0.8,-9,0,1,False,0,0.2375,0.3364025366531392,-1.200000000000001,-2.5999999999999996,-1.3999999999999986
4147,True,16,3,14,0.6,-24,-1,0.8,-9,0,1,False,0,0.275,0.2620432534271139,-1.200000000000001,-2.5999999999999996,-1.3999999999999986
4148,False,17,1,59,0.05,3,33,0.25,-3,0,1,False,0,0.2588235294117647,0.2623423896585619,5.8,6.0,0.20000000000000018
4148,True,17,3,59,0.05,3,33,0.25,-3,0,1,False,0,0.3294117647058824,0.3670229997601529,5.8,6.0,0.20000000000000018
4151,False,15,1,6,1.0,6,4,0.99,-33,3,4,False,0,0.1866666666666666,0.2972893411828826,6.0,3.63,-2.37
4152,False,15,1,-1,1.0,-1,23,0.1,-3,0,1,False,0,0.6133333333333333,0.4307247491424304,-1.0,-0.3999999999999999,0.6000000000000001
4154,True,18,2,14,0.9,-26,79,0.4,-38,2,4,True,0,0.5222222222222221,0.3638932544766319,10.0,8.8,-1.1999999999999993
4156,True,17,2,-4,1.0,-4,82,0.2,-26,0,1,True,0,0.5294117647058822,0.2910427500435996,-4.0,-4.399999999999999,-0.3999999999999986
4158,True,17,5,34,0.4,-6,77,0.05,10,2,2,False,0,0.611764705882353,0.3638034375544994,10.000000000000002,13.35,3.349999999999998
4160,True,17,2,17,0.95,8,41,0.01,17,1,8,False,-1,0.6352941176470589,0.3408466966074856,16.549999999999997,17.24,0.6900000000000013
4161,False,15,1,73,0.5,-23,49,0.75,-39,0,1,False,0,0.2533333333333333,0.3335237551331168,25.0,27.0,2.0
4161,True,15,2,73,0.5,-23,49,0.75,-39,0,1,False,0,0.5066666666666667,0.4199773236508757,25.0,27.0,2.0
4163,True,17,2,23,0.1,23,83,0.4,-22,0,1,True,0,0.4235294117647059,0.2332632948105688,23.0,20.000000000000004,-2.9999999999999964
4165,True,20,2,3,0.5,-7,95,0.1,-10,2,7,True,0,0.6700000000000002,0.3262223975014268,-2.0,0.5,2.5
4167,True,20,3,15,1.0,15,44,0.4,-8,0,1,True,0,0.31,0.3401238164644102,15.0,12.8,-2.1999999999999993
4171,False,16,1,-9,1.0,-9,84,0.25,-41,0,1,False,0,0.45,0.3687817782917156,-9.0,-9.75,-0.75
4171,True,15,4,-9,1.0,-9,84,0.25,-41,0,1,False,0,0.5733333333333334,0.3453086955726647,-9.0,-9.75,-0.75
4176,True,19,5,19,1.0,19,44,0.5,-8,0,1,False,0,0.4000000000000001,0.3771236166328253,19.0,18.0,-1.0
4177,False,16,1,14,1.0,14,68,0.01,15,3,4,False,0,0.7875,0.3304037933599835,14.0,15.53,1.5299999999999994
4181,True,18,5,22,0.5,-36,7,0.4,-15,2,2,False,0,0.3888888888888889,0.3848435723295878,-7.0,-6.199999999999999,0.8000000000000007
4182,False,16,1,11,1.0,11,21,0.75,-7,0,1,False,0,0.4125,0.3612478373637689,11.0,14.0,3.0
4182,True,17,4,11,1.0,11,21,0.75,-7,0,1,False,0,0.5176470588235296,0.360962764903887,11.0,14.0,3.0
4186,False,31,1,67,0.1,11,78,0.5,-41,2,7,False,0,0.4322580645161289,0.358131350926066,16.6,18.5,1.8999999999999986
4186,True,32,5,67,0.1,11,78,0.5,-41,2,7,False,0,0.5562499999999999,0.3320877264587116,16.6,18.5,1.8999999999999986
4190,False,16,1,5,1.0,5,106,0.05,-1,3,6,False,0,0.5750000000000001,0.3924283374069717,5.0,4.3500000000000005,-0.6499999999999995
4192,False,16,1,24,0.6,-41,-2,1.0,-2,0,1,False,0,0.375,0.3172801075810878,-2.0000000000000036,-2.0,3.552713678800501e-15
4192,True,15,5,24,0.6,-41,-2,1.0,-2,0,1,False,0,0.2666666666666666,0.3352326839390103,-2.0000000000000036,-2.0,3.552713678800501e-15
4193,True,17,3,72,0.2,-18,30,0.4,-25,0,1,False,0,0.5176470588235295,0.2920515667601508,0.0,-3.0,-3.0
4195,False,16,1,82,0.05,22,29,0.95,6,3,3,True,0,0.4500000000000001,0.322490309931942,25.0,27.849999999999998,2.849999999999998
4196,False,16,1,18,1.0,18,45,0.25,12,0,1,True,0,0.6749999999999999,0.3255764119219941,18.0,20.25,2.25
4198,False,16,1,-6,1.0,-6,22,0.1,-12,0,1,True,0,0.7999999999999999,0.2529822128134703,-6.0,-8.600000000000001,-2.6000000000000014
4198,True,16,4,-6,1.0,-6,22,0.1,-12,0,1,True,0,0.6125,0.3052321520853704,-6.0,-8.600000000000001,-2.6000000000000014
4199,True,16,2,-9,1.0,-9,39,0.4,-42,1,8,False,0,0.725,0.2909753712372692,-9.0,-9.599999999999998,-0.5999999999999979
4200,True,19,2,27,0.2,-13,23,0.25,-15,1,8,False,-1,0.6,0.4055175020198813,-5.0,-5.5,-0.5
4201,False,16,1,-9,1.0,-9,15,0.05,-10,0,1,False,0,0.7125,0.3422961680572347,-9.0,-8.75,0.25
4201,True,15,4,-9,1.0,-9,15,0.05,-10,0,1,False,0,0.8,0.3116774889895918,-9.0,-8.75,0.25
4203,True,16,3,26,0.75,6,41,0.1,16,2,5,False,0,0.475,0.3336665001664586,21.0,18.5,-2.5
4205,False,17,1,17,1.0,17,24,0.75,-15,0,1,False,0,0.3647058823529412,0.3690209622612721,17.0,14.25,-2.75
4205,True,15,3,17,1.0,17,24,0.75,-15,0,1,False,0,0.3866666666666666,0.3502380143083653,17.0,14.25,-2.75
4206,True,16,4,-7,1.0,-7,-8,0.05,-10,1,8,False,0,0.2625,0.280178514522438,-7.0,-9.9,-2.9000000000000004
4207,False,17,1,30,1.0,30,61,0.01,32,1,2,False,0,0.8352941176470586,0.2572478777137633,30.0,32.29,2.289999999999999
4207,True,15,4,30,1.0,30,61,0.01,32,1,2,False,0,0.8533333333333334,0.2199567056967174,30.0,32.29,2.289999999999999
4208,True,16,3,10,1.0,10,49,0.25,-1,0,1,False,0,0.4,0.3502380143083653,10.0,11.5,1.5
4212,True,18,2,16,1.0,16,78,0.05,11,0,1,False,0,0.4111111111111112,0.4309891344186395,16.0,14.35,-1.6500000000000004
4213,False,15,1,-3,0.9,-23,-4,0.9,-22,2,4,False,-1,0.4414814814814815,0.4075882234632616,-5.0,-5.799999999999999,-0.7999999999999989
4213,True,16,5,-3,0.9,-23,-4,0.9,-22,2,4,False,-1,0.4375,0.4145278438577237,-5.0,-5.799999999999999,-0.7999999999999989
4214,False,16,1,26,1.0,26,53,0.25,20,0,1,False,0,0.7875,0.3537890143385838,26.0,28.25,2.25
4214,True,15,5,26,1.0,26,53,0.25,20,0,1,False,0,0.52,0.3447566429485338,26.0,28.25,2.25
4215,False,16,1,28,1.0,28,32,0.6,18,0,1,True,0,0.3625,0.4395072999014541,28.0,26.4,-1.6000000000000014
4215,True,16,2,28,1.0,28,32,0.6,18,0,1,True,0,0.3125,0.3792536530256938,28.0,26.4,-1.6000000000000014
4223,False,16,1,0,1.0,0,6,0.05,-1,1,4,False,0,0.5375,0.4364630568559039,0.0,-0.6499999999999999,-0.6499999999999999
4223,True,16,3,0,1.0,0,6,0.05,-1,1,4,False,0,0.6625,0.4112987559751022,0.0,-0.6499999999999999,-0.6499999999999999
4227,True,19,5,11,1.0,11,52,0.05,12,0,1,True,0,0.7578947368421054,0.3501044121618645,11.0,13.999999999999998,2.9999999999999982
4228,True,16,5,13,1.0,13,19,0.9,-19,0,1,False,0,0.6874999999999999,0.3422961680572347,13.0,15.200000000000003,2.200000000000003
4231,False,16,1,6,0.25,-2,0,1.0,0,1,8,False,0,0.475,0.4312771730569565,0.0,0.0,0.0
4231,True,15,3,6,0.25,-2,0,1.0,0,1,8,False,0,0.4666666666666667,0.4047338925881101,0.0,0.0,0.0
4232,False,16,1,70,0.05,-12,21,0.25,-20,2,2,False,0,0.6375000000000001,0.4014556845614055,-7.899999999999999,-9.75,-1.8500000000000014
4232,True,17,3,70,0.05,-12,21,0.25,-20,2,2,False,0,0.6588235294117648,0.4345382945285314,-7.899999999999999,-9.75,-1.8500000000000014
4233,True,33,4,21,1.0,21,40,0.6,-3,1,8,True,0,0.5757575757575758,0.3345055147436876,21.0,22.8,1.8000000000000007
4235,True,17,4,-9,1.0,-9,30,0.01,-10,3,6,True,0,0.6705882352941177,0.3157623827388899,-9.0,-9.6,-0.5999999999999996
4237,False,16,1,3,1.0,3,36,0.4,-16,0,1,False,0,0.175,0.2175622516277429,3.0,4.800000000000001,1.8000000000000007
4237,True,15,3,3,1.0,3,36,0.4,-16,0,1,False,0,0.36,0.3794733192202055,3.0,4.800000000000001,1.8000000000000007
4238,False,15,1,18,1.0,18,44,0.1,12,1,6,False,0,0.4933333333333334,0.4589843860815602,18.0,15.200000000000001,-2.799999999999999
4238,True,17,3,18,1.0,18,44,0.1,12,1,6,False,0,0.4470588235294118,0.4273722719404353,18.0,15.200000000000001,-2.799999999999999
4239,True,18,2,27,1.0,27,33,0.4,24,0,1,True,0,0.4444444444444444,0.4147603450076317,27.0,27.6,0.6000000000000014
4240,True,16,4,53,0.01,11,25,0.25,7,0,1,False,0,0.3625,0.3739429546512855,11.42,11.5,0.08000000000000007
4245,False,15,1,27,1.0,27,34,0.9,-20,0,1,False,0,0.4133333333333333,0.3888934240098375,27.0,28.6,1.6000000000000014
4246,False,15,1,13,1.0,13,50,0.25,1,1,8,False,0,0.5333333333333333,0.4117326918327103,13.0,13.25,0.25
4246,True,15,3,13,1.0,13,50,0.25,1,1,8,False,0,0.3866666666666666,0.4033195589934446,13.0,13.25,0.25
4247,True,16,3,23,1.0,23,24,0.9,17,3,5,False,0,0.625,0.3492849839314596,23.0,23.3,0.3000000000000007
4248,True,16,3,26,1.0,26,86,0.05,25,2,4,False,0,0.4875,0.4193248541803042,26.0,28.05,2.0500000000000007
4252,False,15,1,30,1.0,30,54,0.75,-37,0,1,False,0,0.2933333333333333,0.2914659173083209,30.0,31.25,1.25
4254,True,18,4,-6,1.0,-6,0,0.75,-24,1,6,False,0,0.5777777777777778,0.4277926319464986,-6.0,-6.0,0.0
4257,True,16,3,6,1.0,6,61,0.2,-9,0,1,True,0,0.525,0.3568379650952703,6.0,5.000000000000001,-0.9999999999999991
4258,False,15,1,58,0.5,-12,23,1.0,23,0,1,False,0,0.5866666666666667,0.341983012666391,23.0,23.0,0.0
4259,True,18,5,26,1.0,26,32,0.75,9,0,1,False,0,0.6222222222222222,0.3687108791699814,26.0,26.25,0.25
4261,True,16,3,22,1.0,22,70,0.5,-20,0,1,False,0,0.575,0.3087609647175843,22.0,25.0,3.0
4263,True,17,3,56,0.5,4,41,0.4,22,0,1,False,0,0.5647058823529412,0.3690209622612721,30.0,29.6,-0.3999999999999986
4264,True,16,2,15,1.0,15,57,0.4,-8,0,1,False,0,0.5249999999999999,0.3172801075810878,15.0,18.0,3.0
4265,True,16,3,12,0.8,-22,32,0.1,6,1,4,False,-1,0.6375,0.3739429546512855,5.200000000000003,8.600000000000001,3.3999999999999986
4268,False,16,1,-4,0.95,-17,-2,0.1,-7,0,1,False,1,0.575,0.405791407827552,-4.65,-6.5,-1.8499999999999996
4270,False,16,1,3,1.0,3,13,0.75,-17,0,1,False,0,0.625,0.3492849839314596,3.0,5.5,2.5
4270,True,15,2,3,1.0,3,13,0.75,-17,0,1,False,0,0.5866666666666666,0.3248442850410171,3.0,5.5,2.5
4271,True,17,5,14,1.0,14,13,0.75,5,1,8,False,0,0.3294117647058824,0.3804022638641116,14.0,11.0,-3.0
4272,True,16,4,5,1.0,5,10,0.6,-6,0,1,True,0,0.4125,0.2872281323269014,5.0,3.5999999999999996,-1.4000000000000004
4280,True,17,4,6,1.0,6,43,0.6,-45,1,2,False,0,0.4823529411764706,0.3468344239648925,6.0,7.800000000000001,1.8000000000000007
4282,True,17,3,26,0.05,6,4,0.95,-1,1,8,False,0,0.2352941176470588,0.362182924208521,6.999999999999999,3.75,-3.249999999999999
4288,False,16,1,8,1.0,8,100,0.1,0,0,1,False,0,0.4625,0.4047633053197058,8.0,10.0,2.0
4288,True,15,3,8,1.0,8,100,0.1,0,0,1,False,0,0.2933333333333333,0.3534860406754147,8.0,10.0,2.0
4289,True,17,3,-8,1.0,-8,-8,1.0,-8,1,8,False,0,0.5647058823529413,0.3757345746510897,-8.0,-8.0,0.0
4290,False,16,1,2,1.0,2,6,0.5,2,1,2,False,0,0.8000000000000002,0.3265986323710904,2.0,4.0,2.0
4293,False,15,1,19,1.0,19,41,0.1,17,1,2,True,0,0.7866666666666666,0.2972893411828826,19.0,19.400000000000002,0.40000000000000213
4296,True,17,5,45,0.2,18,34,0.05,25,0,1,False,0,0.7411764705882353,0.2807552838536876,23.4,25.45,2.0500000000000007
4297,True,15,2,0,1.0,0,19,0.6,-21,1,4,False,0,0.7511111111111111,0.217440620125181,0.0,3.0,3.0
4298,True,17,4,7,1.0,7,17,0.5,-2,0,1,False,0,0.3411764705882353,0.3725902969908968,7.0,7.5,0.5
4299,True,15,2,13,1.0,13,43,0.25,2,1,6,False,0,0.4133333333333333,0.3961721607488101,13.0,12.25,-0.75
4302,True,19,5,28,1.0,28,43,0.05,25,0,1,False,0,0.5368421052631579,0.400292290868379,28.0,25.9,-2.1000000000000014
4303,True,15,5,18,0.4,6,20,0.8,-23,0,1,True,1,0.2666666666666666,0.3598941643369749,10.8,11.400000000000002,0.6000000000000014
4306,True,15,4,18,1.0,18,17,0.99,-22,2,2,False,0,0.12,0.2484236013632476,18.0,16.61,-1.3900000000000006
4307,True,16,5,24,1.0,24,41,0.4,18,3,2,False,0,0.7,0.2732520204255893,24.0,27.200000000000003,3.200000000000003
4311,True,17,3,5,1.0,5,25,0.25,-1,2,2,False,0,0.2470588235294118,0.28748401490088,5.0,5.5,0.5
4313,False,15,1,64,0.1,24,84,0.05,24,1,6,False,1,0.6266666666666667,0.4061433010064071,28.0,26.999999999999996,-1.0000000000000036
4313,True,17,4,64,0.1,24,84,0.05,24,1,6,False,1,0.6,0.3937003937005905,28.0,26.999999999999996,-1.0000000000000036
4316,True,17,4,23,0.1,-6,40,0.25,-14,0,1,False,0,0.6470588235294119,0.3642074392753797,-3.1,-0.5,2.6
4319,True,17,3,-5,1.0,-5,6,0.6,-22,1,2,True,0,0.7294117647058824,0.3077432084594901,-5.0,-5.200000000000001,-0.20000000000000107
4321,True,17,5,20,0.01,-5,8,0.05,-5,0,1,False,0,0.4235294117647059,0.3865381801399214,-4.75,-4.35,0.40000000000000036
4322,False,15,1,28,0.2,19,36,0.4,14,0,1,False,0,0.6666666666666666,0.3436498771936898,20.8,22.8,2.0
4322,True,16,4,28,0.2,19,36,0.4,14,0,1,False,0,0.575,0.3415650255319866,20.8,22.8,2.0
4326,False,16,1,-7,1.0,-7,-1,0.2,-11,0,1,True,0,0.5913461538461537,0.3284279091653717,-7.0,-9.0,-2.0
4326,True,16,4,-7,1.0,-7,-1,0.2,-11,0,1,True,0,0.6875,0.3180670788790733,-7.0,-9.0,-2.0
4327,True,20,5,99,0.05,-12,-4,0.6,-11,0,1,False,0,0.31,0.3697794506259957,-6.449999999999998,-6.800000000000001,-0.3500000000000023
4328,True,19,2,86,0.01,22,32,0.75,8,0,1,False,-1,0.6526315789473683,0.3761920624312232,22.64,26.0,3.3599999999999994
4333,False,15,1,3,1.0,3,12,0.6,-2,3,3,False,0,0.5958974358974359,0.3706687505389305,3.0,6.3999999999999995,3.3999999999999995
4333,True,15,4,3,1.0,3,12,0.6,-2,3,3,False,0,0.5733333333333334,0.4131182235954578,3.0,6.3999999999999995,3.3999999999999995
4337,True,17,2,29,1.0,29,49,0.05,25,1,2,False,0,0.4705882352941176,0.399632183830258,29.0,26.2,-2.8000000000000007
4338,True,16,3,-6,1.0,-6,47,0.2,-18,0,1,False,0,0.6000000000000001,0.3651483716701107,-6.0,-5.0,1.0
4339,False,16,1,-10,1.0,-10,1,0.6,-30,1,4,True,0,0.5982142857142858,0.3266767317621962,-10.0,-11.4,-1.4000000000000004
4340,True,18,3,21,1.0,21,23,0.9,15,1,8,False,0,0.5888888888888889,0.4364143860367911,21.0,22.2,1.1999999999999993
4342,False,31,1,15,0.25,15,94,0.01,12,2,3,False,0,0.5290322580645159,0.3743381255737445,15.0,12.819999999999999,-2.1800000000000015
4343,True,17,3,27,1.0,27,38,0.4,21,1,6,False,0,0.5882352941176471,0.4090879381947976,27.0,27.8,0.8000000000000007
4344,False,16,1,31,0.4,-4,21,0.2,8,1,4,False,0,0.6875000000000001,0.3422961680572347,10.0,10.600000000000001,0.6000000000000014
4344,True,15,2,31,0.4,-4,21,0.2,8,1,4,False,0,0.6666666666666665,0.4117326918327101,10.0,10.600000000000001,0.6000000000000014
4346,False,16,1,14,0.1,4,33,0.5,-20,0,1,True,0,0.2625000000000001,0.2895398648430529,5.0,6.5,1.5
4346,True,16,2,14,0.1,4,33,0.5,-20,0,1,True,0,0.275,0.2720294101747089,5.0,6.5,1.5
4348,False,15,1,9,1.0,9,33,0.4,-5,0,1,False,0,0.2833333333333333,0.3603900003897893,9.0,10.200000000000001,1.200000000000001
4348,True,16,3,9,1.0,9,33,0.4,-5,0,1,False,0,0.4875,0.35,9.0,10.200000000000001,1.200000000000001
4353,False,16,1,11,1.0,11,21,0.5,2,0,1,False,0,0.5625000000000001,0.3201562118716424,11.0,11.5,0.5
4353,True,15,4,11,1.0,11,21,0.5,2,0,1,False,0,0.8266666666666667,0.2250925735484551,11.0,11.5,0.5
4354,True,16,2,3,1.0,3,7,0.8,-5,1,4,True,0,0.725,0.3087609647175843,3.0,4.6000000000000005,1.6000000000000005
4355,True,19,4,-3,1.0,-3,2,0.4,-2,0,1,True,0,0.9157894736842104,0.1537066393951544,-3.0,-0.3999999999999999,2.6
4359,True,16,4,57,0.25,-16,24,0.25,-1,0,1,False,0,0.5499999999999998,0.3614784456460256,2.25,5.25,3.0
4360,True,17,3,15,0.9,-8,77,0.4,-31,0,1,False,0,0.4235294117647059,0.3527205192583532,12.7,12.200000000000003,-0.49999999999999645
4361,True,15,5,14,0.5,-12,1,1.0,1,1,2,False,0,0.3866666666666667,0.3661901665736508,1.0,1.0,0.0
4364,False,15,1,-3,1.0,-3,63,0.25,-22,0,1,False,0,0.64,0.2947153590452029,-3.0,-0.75,2.25
4364,True,16,5,-3,1.0,-3,63,0.25,-22,0,1,False,0,0.6124999999999999,0.3138470965295043,-3.0,-0.75,2.25
4366,False,15,1,-1,0.8,-11,79,0.05,-7,0,1,True,0,0.8933333333333332,0.1830950832868254,-2.999999999999999,-2.6999999999999993,0.2999999999999998
4366,True,16,3,-1,0.8,-11,79,0.05,-7,0,1,True,0,0.6500000000000001,0.3687817782917156,-2.999999999999999,-2.6999999999999993,0.2999999999999998
4367,True,16,5,24,0.05,8,44,0.4,-15,3,6,False,0,0.4125000000000001,0.2473189573539939,8.8,8.600000000000001,-0.1999999999999993
4368,True,16,5,28,0.1,5,17,0.75,-12,2,5,False,1,0.5624999999999999,0.3739429546512855,7.300000000000001,9.75,2.4499999999999993
4369,False,16,1,11,1.0,11,37,0.6,-24,1,8,False,0,0.3375,0.4047633053197057,11.0,12.599999999999998,1.5999999999999979
4370,False,15,1,-9,1.0,-9,32,0.25,-25,0,1,False,0,0.6666666666666665,0.3436498771936898,-9.0,-10.75,-1.75
4370,True,16,5,-9,1.0,-9,32,0.25,-25,0,1,False,0,0.5874999999999999,0.3052321520853704,-9.0,-10.75,-1.75
4371,True,16,4,21,1.0,21,101,0.2,3,0,1,False,0,0.45,0.2875181153713043,21.0,22.6,1.6000000000000014
4373,True,17,5,9,1.0,9,7,0.99,-14,3,5,False,0,0.3176470588235294,0.3811746550428804,9.0,6.789999999999999,-2.210000000000001
4374,True,16,4,23,1.0,23,27,0.9,0,1,6,False,0,0.5375000000000001,0.3480900266693469,23.0,24.3,1.3000000000000007
4376,True,16,3,48,0.05,13,52,0.25,6,1,2,False,0,0.4000000000000001,0.3098386676965933,14.75,17.5,2.75
4377,True,16,4,21,1.0,21,36,0.5,11,2,3,False,0,0.625,0.3255764119219941,21.0,23.5,2.5
4378,False,16,1,73,0.01,-8,12,0.4,-15,2,5,False,1,0.6749999999999999,0.3568379650952702,-7.1899999999999995,-4.199999999999999,2.99
4378,True,16,2,73,0.01,-8,12,0.4,-15,2,5,False,1,0.7625000000000001,0.2446085307860977,-7.1899999999999995,-4.199999999999999,2.99
4379,True,18,4,28,1.0,28,38,0.4,17,1,6,False,0,0.5888888888888889,0.3393573318683573,28.0,25.4,-2.6000000000000014
4381,True,16,4,17,0.6,-25,7,0.6,-18,0,1,False,0,0.3750000000000001,0.3336665001664586,0.1999999999999993,-3.0,-3.1999999999999993
4383,True,16,5,14,1.0,14,72,0.5,-49,0,1,False,0,0.4375,0.2217355782608344,14.0,11.5,-2.5
4384,True,18,5,7,1.0,7,14,0.8,-26,0,1,False,0,0.6111111111111109,0.3178769441686309,7.0,6.000000000000002,-0.9999999999999982
4385,False,16,1,-8,1.0,-8,-6,0.99,-12,0,1,True,0,0.4625,0.3556683848755747,-8.0,-6.06,1.9400000000000004
4385,True,15,5,-8,1.0,-8,-6,0.99,-12,0,1,True,0,0.7733333333333333,0.225092573548455,-8.0,-6.06,1.9400000000000004
4386,True,18,4,21,1.0,21,22,0.95,14,0,1,False,0,0.4555555555555556,0.4273340368903081,21.0,21.599999999999998,0.5999999999999979
4387,False,15,1,96,0.01,27,88,0.25,12,0,1,True,0,0.4266666666666666,0.3453086955726647,27.69,31.0,3.3099999999999987
4387,True,15,5,96,0.01,27,88,0.25,12,0,1,True,0,0.4533333333333334,0.3248442850410171,27.69,31.0,3.3099999999999987
4390,True,20,2,18,1.0,18,28,0.01,15,0,1,False,0,0.29,0.3210181172129501,18.0,15.129999999999999,-2.870000000000001
4392,False,15,1,13,1.0,13,26,0.8,-34,1,6,False,0,0.4933333333333334,0.384460041889302,13.0,14.000000000000002,1.0000000000000018
4392,True,16,3,13,1.0,13,26,0.8,-34,1,6,False,0,0.725,0.3,13.0,14.000000000000002,1.0000000000000018
4396,False,16,1,11,1.0,11,11,0.9,-6,0,1,True,0,0.1375,0.2390955178723907,11.0,9.3,-1.6999999999999993
4396,True,15,3,11,1.0,11,11,0.9,-6,0,1,True,0,0.16,0.2746426249302381,11.0,9.3,-1.6999999999999993
4401,True,18,4,55,0.01,24,27,0.6,25,0,1,False,0,0.4333333333333333,0.4352146191316215,24.31,26.2,1.8900000000000006
4402,True,16,4,7,0.99,-35,6,0.95,3,2,8,False,1,0.5625,0.3810074364978545,6.579999999999999,5.85,-0.7299999999999995
4404,False,16,1,65,0.2,-23,-5,1.0,-5,0,1,False,0,0.4375000000000001,0.3947573094109004,-5.400000000000002,-5.0,0.40000000000000213
4404,True,15,2,65,0.2,-23,-5,1.0,-5,0,1,False,0,0.48,0.3839642840533107,-5.400000000000002,-5.0,0.40000000000000213
4406,True,17,5,12,1.0,12,19,0.6,0,2,7,True,0,0.7176470588235294,0.3395498750508662,12.0,11.4,-0.5999999999999996
4407,True,20,4,78,0.05,19,24,0.9,1,0,1,False,0,0.23,0.2848822471422923,21.950000000000003,21.700000000000003,-0.25
4411,False,16,1,5,1.0,5,12,0.1,7,0,1,False,0,0.675,0.2720294101747089,5.0,7.5,2.5
4411,True,15,3,5,1.0,5,12,0.1,7,0,1,False,0,0.8133333333333332,0.2559761893688737,5.0,7.5,2.5
4414,True,16,4,50,0.4,13,44,0.05,29,1,6,True,0,0.6625000000000001,0.307408522978788,27.8,29.749999999999996,1.9499999999999957
4416,False,16,1,23,1.0,23,46,0.4,9,0,1,False,0,0.725,0.2816617356570348,23.0,23.8,0.8000000000000007
4416,True,15,3,23,1.0,23,46,0.4,9,0,1,False,0,0.4800000000000001,0.3839642840533107,23.0,23.8,0.8000000000000007
4418,False,16,1,44,0.5,-10,18,0.2,15,1,2,False,-1,0.5750000000000001,0.3568379650952703,17.0,15.6,-1.4000000000000004
4420,False,16,1,-8,1.0,-8,-7,0.6,-8,0,1,False,0,0.7250000000000001,0.3924283374069717,-8.0,-7.4,0.5999999999999996
4420,True,15,2,-8,1.0,-8,-7,0.6,-8,0,1,False,0,0.7466666666666667,0.4033195589934446,-8.0,-7.4,0.5999999999999996
4421,False,16,1,117,0.05,-3,15,0.6,-14,2,2,False,1,0.5875,0.4096746676734275,3.000000000000001,3.3999999999999995,0.3999999999999986
4423,True,17,2,2,1.0,2,14,0.6,-18,0,1,False,0,0.3647058823529412,0.3888141851684881,2.0,1.2000000000000002,-0.7999999999999998
4425,False,15,1,-10,1.0,-10,40,0.05,-10,2,3,False,0,0.8533333333333335,0.2065591117977289,-10.0,-7.5,2.5
4425,True,16,5,-10,1.0,-10,40,0.05,-10,2,3,False,0,0.8250000000000001,0.3255764119219941,-10.0,-7.5,2.5
4427,True,19,3,29,0.75,14,95,0.2,5,0,1,False,0,0.3789473684210526,0.345734238603425,25.25,23.0,-2.25
4430,True,18,5,28,1.0,28,34,0.25,23,0,1,False,0,0.2666666666666667,0.3289913283319897,28.0,25.75,-2.25
4432,True,15,4,42,0.05,19,32,0.25,17,0,1,False,0,0.24,0.3135055251278904,20.150000000000002,20.75,0.5999999999999979
4434,True,17,3,12,1.0,12,20,0.25,6,1,2,False,0,0.5294117647058824,0.4058397249567138,12.0,9.5,-2.5
4435,True,17,5,48,0.6,-12,107,0.1,17,0,1,False,0,0.6588235294117648,0.32988411512494,23.999999999999996,26.0,2.0000000000000036
4437,True,16,4,-6,1.0,-6,75,0.1,-18,0,1,False,0,0.425,0.3714835124201341,-6.0,-8.7,-2.6999999999999993
4438,True,16,5,1,1.0,1,66,0.1,-9,0,1,True,0,0.45,0.3687817782917155,1.0,-1.4999999999999991,-2.499999999999999
4439,True,16,3,48,0.6,-20,18,0.99,-9,1,6,True,0,0.575,0.3492849839314596,20.799999999999997,17.73,-3.0699999999999967
4440,True,16,5,37,0.1,-10,-5,1.0,-5,1,4,False,0,0.5499999999999999,0.3898717737923586,-5.3,-5.0,0.2999999999999998
4442,True,16,3,16,1.0,16,42,0.6,-22,1,8,False,0,0.4125,0.389657969677682,16.0,16.4,0.3999999999999986
4444,True,16,3,79,0.01,-9,-7,0.9,-30,0,1,False,-1,0.2375,0.3030401513551189,-8.120000000000001,-9.299999999999999,-1.179999999999998
4445,True,17,2,32,0.8,-4,25,1.0,25,0,1,False,0,0.4941176470588236,0.3613699424331216,24.8,25.0,0.1999999999999993
4446,True,16,3,50,0.1,21,29,0.5,15,1,6,False,0,0.575,0.2909753712372692,23.900000000000002,22.0,-1.9000000000000021
4449,True,16,4,54,0.4,-8,30,0.2,14,0,1,False,0,0.625,0.3785938897200182,16.8,17.200000000000003,0.40000000000000213
4451,True,17,2,19,0.1,5,6,1.0,6,0,1,False,0,0.4352941176470588,0.4649478149085501,6.4,6.0,-0.40000000000000036
4456,False,16,1,10,1.0,10,13,0.8,-9,0,1,False,0,0.2375,0.2848976424378879,10.0,8.600000000000001,-1.3999999999999986
4456,True,15,3,10,1.0,10,13,0.8,-9,0,1,False,0,0.4,0.3999999999999999,10.0,8.600000000000001,-1.3999999999999986
4457,True,17,2,-1,1.0,-1,8,0.1,-1,0,1,False,0,0.8235294117647058,0.243745286530596,-1.0,-0.09999999999999998,0.9
4461,False,16,1,5,1.0,5,6,0.8,-3,0,1,False,0,0.2,0.3265986323710904,5.0,4.200000000000001,-0.7999999999999989
4465,True,17,3,28,1.0,28,42,0.75,-3,0,1,False,0,0.5882352941176472,0.3903241488512729,28.0,30.75,2.75
4469,False,16,1,13,1.0,13,44,0.05,9,1,8,False,0,0.65,0.322490309931942,13.0,10.75,-2.25
4469,True,15,4,13,1.0,13,44,0.05,9,1,8,False,0,0.4933333333333334,0.384460041889302,13.0,10.75,-2.25
4470,True,16,5,8,1.0,8,82,0.01,5,0,1,True,0,0.6875,0.3263433774416144,8.0,5.7700000000000005,-2.2299999999999995
4471,False,16,1,-1,0.95,-12,25,0.2,-6,0,1,True,0,0.8020833333333334,0.3578679148015989,-1.5500000000000005,0.1999999999999993,1.7499999999999998
4475,True,32,5,12,1.0,12,30,0.1,8,0,1,False,0,0.4375,0.3678621761545501,12.0,10.2,-1.8000000000000007
4476,True,18,2,-1,0.05,-6,10,0.4,-17,0,1,False,-1,0.7111111111111111,0.3708319563755005,-5.749999999999999,-6.199999999999999,-0.4500000000000002
4477,False,16,1,53,0.6,-14,57,0.05,28,3,5,True,0,0.875,0.2294921930407801,26.199999999999996,29.45,3.2500000000000036
4477,True,15,3,53,0.6,-14,57,0.05,28,3,5,True,0,0.8266666666666667,0.2374467358818654,26.199999999999996,29.45,3.2500000000000036
4481,True,16,5,11,1.0,11,28,0.4,-3,2,4,False,0,0.475,0.3255764119219941,11.0,9.400000000000002,-1.5999999999999979
4485,True,18,4,7,0.95,-16,20,0.6,-18,1,4,False,0,0.6777777777777778,0.4008161608159554,5.849999999999999,4.8,-1.049999999999999
4488,False,15,1,8,1.0,8,10,0.75,-2,0,1,False,0,0.1866666666666666,0.3159264531651691,8.0,7.0,-1.0
4489,False,15,1,58,0.2,10,18,0.99,-2,0,1,False,1,0.3733333333333333,0.3534860406754147,19.6,17.8,-1.8000000000000007
4489,True,17,3,58,0.2,10,18,0.99,-2,0,1,False,1,0.3882352941176471,0.3497898528780825,19.6,17.8,-1.8000000000000007
4491,False,16,1,23,0.2,13,26,0.1,16,0,1,False,0,0.7375,0.3324154027718932,15.0,17.0,2.0
4491,True,15,2,23,0.2,13,26,0.1,16,0,1,False,0,0.6933333333333334,0.2374467358818654,15.0,17.0,2.0
4492,False,16,1,93,0.2,-7,61,0.5,-30,0,1,False,1,0.45,0.3540244812627134,13.0,15.5,2.5
4493,False,16,1,5,0.9,-17,3,1.0,3,0,1,False,0,0.6875,0.3344149119482164,2.8000000000000003,3.0,0.19999999999999973
4493,True,15,5,5,0.9,-17,3,1.0,3,0,1,False,0,0.4266666666666667,0.3769552202785341,2.8000000000000003,3.0,0.19999999999999973
4496,True,16,3,18,0.1,-2,85,0.1,-11,1,6,False,0,0.425,0.3642343567906063,0.0,-1.4000000000000004,-1.4000000000000004
4505,True,16,5,-4,1.0,-4,28,0.5,-35,1,8,False,0,0.7375,0.2986078811194819,-4.0,-3.5,0.5
4506,False,16,1,62,0.01,28,62,0.6,-29,0,1,False,0,0.175,0.2175622516277429,28.34,25.599999999999994,-2.7400000000000055
4506,True,15,2,62,0.01,28,62,0.6,-29,0,1,False,0,0.4266666666666667,0.3011090610836324,28.34,25.599999999999994,-2.7400000000000055
4507,True,18,4,53,0.5,-15,42,0.6,-23,0,1,True,0,0.2,0.3067859955389482,19.0,15.999999999999998,-3.0000000000000018
4508,True,17,3,9,0.2,8,21,0.6,-4,1,8,False,-1,0.4823529411764706,0.3166924654093602,8.200000000000001,11.0,2.799999999999999
4509,True,18,2,6,0.6,-31,-3,0.75,-15,0,1,False,0,0.3444444444444445,0.3275977128093365,-8.8,-6.0,2.8000000000000007
4510,True,16,5,22,0.5,18,57,0.05,21,0,1,False,-1,0.7625000000000001,0.3364025366531392,20.0,22.8,2.8000000000000007
4511,True,19,5,17,1.0,17,20,0.8,-3,2,2,False,0,0.5052631578947369,0.37338345528205,17.0,15.4,-1.5999999999999996
4514,False,16,1,12,1.0,12,28,0.4,1,0,1,False,0,0.4000000000000001,0.3011090610836324,12.0,11.8,-0.1999999999999993
4514,True,15,3,12,1.0,12,28,0.4,1,0,1,False,0,0.5066666666666667,0.3614784456460256,12.0,11.8,-0.1999999999999993
4517,True,16,5,30,0.8,12,31,0.9,18,0,1,False,0,0.8,0.3098386676965933,26.4,29.700000000000003,3.3000000000000043
4518,True,16,3,32,0.9,-28,35,0.75,9,0,1,False,0,0.7625000000000001,0.2941088233970548,26.0,28.5,2.5
4519,True,18,3,30,0.9,-22,96,0.01,21,2,7,False,0,0.7333333333333334,0.2990180006385608,24.8,21.75,-3.0500000000000007
4521,True,16,3,17,1.0,17,44,0.05,13,0,1,False,0,0.4500000000000001,0.3687817782917155,17.0,14.55,-2.4499999999999993
4522,False,15,1,15,0.8,5,13,1.0,13,1,2,False,0,0.52,0.360951124510943,13.0,13.0,0.0
4522,True,17,4,15,0.8,5,13,1.0,13,1,2,False,0,0.4588235294117648,0.4047511944537839,13.0,13.0,0.0
4526,False,16,1,6,1.0,6,44,0.4,-19,0,1,True,0,0.3625,0.3879432948254165,6.0,6.200000000000001,0.20000000000000107
4526,True,17,5,6,1.0,6,44,0.4,-19,0,1,True,0,0.6000000000000001,0.3391164991562634,6.0,6.200000000000001,0.20000000000000107
4528,True,16,4,49,0.25,6,37,0.2,10,0,1,False,0,0.6,0.3346640106136303,16.75,15.4,-1.3499999999999996
4529,False,15,1,89,0.25,-42,7,0.2,-14,2,2,False,1,0.28,0.3098386676965933,-9.25,-9.8,-0.5500000000000007
4529,True,17,4,89,0.25,-42,7,0.2,-14,2,2,False,1,0.4352941176470588,0.3334313581357268,-9.25,-9.8,-0.5500000000000007
4532,True,15,3,35,0.2,21,28,0.8,21,0,1,False,1,0.5599999999999999,0.2848558532711889,23.8,26.6,2.8000000000000007
4534,True,15,5,43,0.25,0,11,0.5,10,2,4,False,0,0.6533333333333334,0.3335237551331168,10.75,10.5,-0.25
4535,False,15,1,28,1.0,28,42,0.75,-16,1,4,False,0,0.3095238095238095,0.3942615589564221,28.0,27.5,-0.5
4535,True,17,3,28,1.0,28,42,0.75,-16,1,4,False,0,0.5882352941176471,0.3772968873135194,28.0,27.5,-0.5
4537,True,16,5,30,1.0,30,67,0.25,19,1,8,False,0,0.575,0.3415650255319866,30.0,31.0,1.0
4540,True,15,3,6,0.6,-12,41,0.5,-42,0,1,False,0,0.4666666666666667,0.3177300441449957,-1.200000000000001,-0.5,0.7000000000000011
4542,True,18,2,26,1.0,26,75,0.05,24,0,1,False,0,0.6333333333333333,0.3955636336106924,26.0,26.549999999999997,0.5499999999999972
4543,True,19,3,23,1.0,23,23,1.0,23,1,6,False,0,0.6,0.3944053188733077,23.0,23.0,0.0
4548,True,15,4,-10,1.0,-10,-8,0.99,-10,3,2,False,0,0.7200000000000001,0.4056740422696879,-10.0,-8.02,1.9800000000000004
4551,True,16,3,29,1.0,29,52,0.75,-47,2,2,False,0,0.3625,0.3442382895611701,29.0,27.25,-1.75
4553,True,15,4,11,1.0,11,27,0.75,-27,1,8,False,0,0.7333333333333333,0.2894987457822983,11.0,13.5,2.5
4554,True,17,3,67,0.2,-23,22,0.25,-13,3,5,False,-1,0.5176470588235293,0.3468344239648925,-5.000000000000002,-4.25,0.7500000000000018
4555,True,16,3,54,0.05,1,18,0.6,-21,1,8,False,0,0.5875,0.3757215280851853,3.6500000000000004,2.3999999999999986,-1.2500000000000018
4560,False,15,1,23,1.0,23,23,1.0,23,3,6,False,0,0.3866666666666667,0.3502380143083653,23.0,23.0,0.0
4561,True,18,3,27,0.05,16,28,0.6,-8,0,1,False,0,0.3111111111111111,0.3084856539497589,16.55,13.600000000000001,-2.9499999999999993
4564,True,15,4,-7,1.0,-7,25,0.05,-12,0,1,False,0,0.5599999999999999,0.3794733192202055,-7.0,-10.149999999999999,-3.1499999999999986
4565,True,15,4,35,0.05,6,19,0.25,0,1,8,True,-1,0.44,0.3718678720805473,7.449999999999999,4.75,-2.6999999999999993
4567,True,17,4,21,1.0,21,35,0.75,-9,1,8,False,0,0.5764705882352942,0.3800154795608758,21.0,24.0,3.0
4569,True,19,4,13,1.0,13,17,0.75,-4,1,8,False,0,0.5684210526315789,0.4230217115244237,13.0,11.75,-1.25
4570,True,17,5,26,0.4,-9,5,1.0,5,3,2,True,0,0.3176470588235294,0.2833621669296359,5.000000000000001,5.0,-8.881784197001252e-16
4572,True,19,2,26,1.0,26,25,0.95,-13,1,2,False,0,0.1157894736842105,0.2432720422689537,26.0,23.099999999999998,-2.900000000000002
4573,True,17,3,15,1.0,15,48,0.6,-26,0,1,False,0,0.5058823529411764,0.3749509771878421,15.0,18.4,3.3999999999999986
4576,True,15,3,-5,1.0,-5,77,0.2,-25,0,1,False,0,0.6133333333333334,0.341983012666391,-5.0,-4.6,0.40000000000000036
4581,False,16,1,28,1.0,28,27,0.95,25,0,1,True,0,0.475,0.4250490167812021,28.0,26.9,-1.1000000000000014
4581,True,15,3,28,1.0,28,27,0.95,25,0,1,True,0,0.0933333333333333,0.2120197654757238,28.0,26.9,-1.1000000000000014
4584,False,16,1,18,1.0,18,26,0.5,6,3,6,False,0,0.325,0.3642343567906063,18.0,16.0,-2.0
4584,True,16,3,18,1.0,18,26,0.5,6,3,6,False,0,0.4125,0.4096746676734276,18.0,16.0,-2.0
4585,True,16,3,14,1.0,14,12,0.25,12,1,8,False,0,0.3875000000000001,0.4031128874149275,14.0,12.0,-2.0
4589,True,18,4,56,0.25,21,87,0.05,27,1,2,False,0,0.5333333333333332,0.3940737464575112,29.75,30.0,0.25
4596,True,16,5,12,0.75,-11,11,0.75,1,2,5,False,0,0.55,0.3540244812627134,6.25,8.5,2.25
4598,True,16,5,83,0.25,-33,10,0.75,-46,0,1,False,0,0.5249999999999999,0.3415650255319866,-4.0,-4.0,0.0
4602,True,16,2,6,1.0,6,9,0.9,-9,0,1,True,0,0.2250000000000001,0.3255764119219941,6.0,7.2,1.2000000000000002
4603,True,16,3,26,0.5,-28,16,0.25,-7,0,1,False,0,0.425,0.3172801075810878,-1.0,-1.25,-0.25
4604,True,17,4,23,0.4,-14,0,0.99,-11,0,1,True,0,0.188235294117647,0.2869720215917757,0.8000000000000007,-0.1100000000000001,-0.9100000000000008
4605,True,17,3,42,0.05,-7,9,0.6,-30,3,4,True,0,0.7176470588235294,0.3468344239648925,-4.549999999999999,-6.6000000000000005,-2.0500000000000016
4609,False,16,1,72,0.4,-16,19,1.0,19,1,4,False,0,0.6625,0.3703601850451351,19.200000000000003,19.0,-0.20000000000000284
4609,True,16,5,72,0.4,-16,19,1.0,19,1,4,False,0,0.6375,0.3879432948254165,19.200000000000003,19.0,-0.20000000000000284
4611,False,16,1,67,0.01,7,8,1.0,8,0,1,False,0,0.55,0.4289522117905444,7.6,8.0,0.40000000000000036
4613,True,17,4,27,0.2,-19,99,0.1,-24,2,7,True,0,0.8470588235294118,0.1940285000290664,-9.8,-11.700000000000001,-1.9000000000000004
4615,False,16,1,14,1.0,14,18,0.05,14,1,2,True,0,0.6624999999999999,0.3774917217635375,14.0,14.2,0.1999999999999993
4615,True,15,4,14,1.0,14,18,0.05,14,1,2,True,0,0.7866666666666667,0.3814758308514571,14.0,14.2,0.1999999999999993
4616,True,33,4,47,0.05,4,27,0.6,-18,1,4,False,0,0.484848484848485,0.3465194909031202,6.15,9.0,2.8499999999999996
4618,False,16,1,6,1.0,6,7,0.9,-1,0,1,True,0,0.1875,0.2473189573539939,6.0,6.2,0.20000000000000018
4619,True,17,2,25,1.0,25,60,0.4,1,0,1,True,0,0.2941176470588235,0.3399826985217301,25.0,24.6,-0.3999999999999986
4620,False,16,1,-10,1.0,-10,27,0.2,-16,0,1,False,0,0.8125,0.2680174123696692,-10.0,-7.4,2.5999999999999996
4621,False,16,1,105,0.1,-3,27,0.25,5,1,2,False,0,0.7,0.3723797345005051,7.8,10.5,2.7
4621,True,16,4,105,0.1,-3,27,0.25,5,1,2,False,0,0.7000000000000001,0.4195235392680606,7.8,10.5,2.7
4622,True,16,3,48,0.01,3,7,0.95,-16,0,1,False,0,0.4875,0.3649200825751669,3.4499999999999997,5.849999999999999,2.399999999999999
4630,True,17,3,1,1.0,1,-2,0.99,-15,0,1,False,0,0.0588235294117647,0.1970368732287556,1.0,-2.13,-3.13
4631,False,16,1,23,0.05,20,23,0.9,17,3,4,False,0,0.3875,0.4349329450233296,20.15,22.4,2.25
4633,False,16,1,8,1.0,8,34,0.4,-7,0,1,False,0,0.2125,0.3304037933599835,8.0,9.400000000000002,1.4000000000000021
4633,True,16,5,8,1.0,8,34,0.4,-7,0,1,False,0,0.35,0.3386246693120078,8.0,9.400000000000002,1.4000000000000021
4635,True,18,4,-1,1.0,-1,3,0.05,2,3,2,False,0,0.9444444444444444,0.1338226316137376,-1.0,2.05,3.05
4640,False,16,1,-8,1.0,-8,44,0.05,-13,0,1,False,0,0.3125,0.3649200825751669,-8.0,-10.149999999999999,-2.1499999999999986
4640,True,15,4,-8,1.0,-8,44,0.05,-13,0,1,False,0,0.4933333333333333,0.376955220278534,-8.0,-10.149999999999999,-2.1499999999999986
4642,True,17,3,53,0.5,-13,51,0.5,-11,1,4,True,0,0.6941176470588235,0.3399826985217301,20.0,20.0,0.0
4645,False,16,1,8,1.0,8,82,0.25,-20,1,6,False,0,0.1125,0.2061552812808829,8.0,5.5,-2.5
4646,True,18,3,15,1.0,15,28,0.2,9,3,2,True,0,0.6111111111111109,0.3968832824260566,15.0,12.8,-2.1999999999999993
4647,True,17,2,-6,1.0,-6,80,0.05,-9,0,1,False,0,0.5176470588235295,0.4126670784628438,-6.0,-4.549999999999999,1.450000000000001
4648,True,17,3,29,0.1,26,34,0.1,24,1,4,False,0,0.4,0.4123105625617661,26.300000000000004,25.0,-1.3000000000000043
4649,False,19,1,15,0.4,-3,3,0.99,3,3,3,True,0,0.5473684210526315,0.3389008721877101,4.2,3.0,-1.2000000000000002
4649,True,17,2,15,0.4,-3,3,0.99,3,3,3,True,0,0.5176470588235293,0.360962764903887,4.2,3.0,-1.2000000000000002
4650,True,17,5,-1,1.0,-1,48,0.01,1,0,1,False,0,0.8705882352941177,0.2733237683644457,-1.0,1.47,2.4699999999999998
4651,True,17,3,22,1.0,22,101,0.4,-31,3,5,True,0,0.6823529411764706,0.2920515667601508,22.0,21.800000000000008,-0.19999999999999218
4655,True,17,4,5,1.0,5,8,0.5,-3,0,1,False,0,0.3764705882352941,0.3527205192583533,5.0,2.5,-2.5
4658,True,17,2,28,1.0,28,30,0.8,17,1,6,False,0,0.5294117647058822,0.3869184440588755,28.0,27.4,-0.6000000000000014
4659,True,18,4,39,0.4,19,51,0.01,30,1,4,False,0,0.7666666666666667,0.3235828832817662,27.0,30.21,3.210000000000001
4660,False,17,1,37,0.5,-13,12,1.0,12,0,1,False,0,0.5764705882352942,0.4115966043420212,12.0,12.0,0.0
4660,True,15,5,37,0.5,-13,12,1.0,12,0,1,False,0,0.6838095238095238,0.3855202333732122,12.0,12.0,0.0
4661,True,17,4,24,1.0,24,28,0.01,24,0,1,False,0,0.5529411764705883,0.4611367029672757,24.0,24.04,0.03999999999999915
4664,True,31,3,13,0.99,-12,37,0.4,-8,0,1,False,0,0.4774193548387096,0.3412815820983749,12.75,10.0,-2.75
4666,True,19,2,25,1.0,25,57,0.25,18,1,4,False,0,0.5894736842105264,0.3857096444536504,25.0,27.75,2.75
4669,False,15,1,81,0.2,-19,2,0.6,-1,0,1,False,1,0.4533333333333334,0.4172472146045293,0.9999999999999982,0.7999999999999999,-0.1999999999999983
4670,False,19,1,21,0.25,5,24,0.8,-40,1,8,True,0,0.2644736842105264,0.2770524155023243,9.0,11.200000000000005,2.2000000000000046
4670,True,17,4,21,0.25,5,24,0.8,-40,1,8,True,0,0.4588235294117648,0.4228753118967395,9.0,11.200000000000005,2.2000000000000046
4671,True,16,4,94,0.25,-26,44,0.4,-22,1,2,False,0,0.625,0.3642343567906062,4.0,4.400000000000002,0.40000000000000213
4674,True,16,3,105,0.2,11,36,0.25,24,1,8,False,0,0.4125,0.3964425136973414,29.8,27.0,-2.8000000000000007
4678,False,15,1,54,0.6,-48,68,0.5,-46,2,2,False,0,0.6666666666666666,0.3677473252630061,13.199999999999996,11.0,-2.1999999999999957
4680,True,17,2,16,1.0,16,19,0.75,17,0,1,True,0,0.8941176470588236,0.2749331469541598,16.0,18.5,2.5
4682,False,16,1,-1,0.8,-36,-6,0.8,-12,3,5,True,0,0.375,0.3785938897200182,-7.999999999999998,-7.2,0.799999999999998
4682,True,15,2,-1,0.8,-36,-6,0.8,-12,3,5,True,0,0.4,0.3207134902949092,-7.999999999999998,-7.2,0.799999999999998
4683,False,16,1,20,1.0,20,48,0.25,8,3,4,False,0,0.6180555555555556,0.3649877386744877,20.0,18.0,-2.0
4683,True,17,4,20,1.0,20,48,0.25,8,3,4,False,0,0.4941176470588236,0.2838806708709096,20.0,18.0,-2.0
4684,True,16,3,27,1.0,27,25,0.99,9,1,8,False,0,0.2625,0.3913651321549566,27.0,24.84,-2.16
4685,False,16,1,-5,1.0,-5,43,0.2,-18,0,1,False,0,0.675,0.3172801075810879,-5.0,-5.800000000000001,-0.8000000000000007
4685,True,16,3,-5,1.0,-5,43,0.2,-18,0,1,False,0,0.5499999999999998,0.3898717737923586,-5.0,-5.800000000000001,-0.8000000000000007
4686,True,16,2,19,1.0,19,55,0.1,18,0,1,True,0,0.7,0.3651483716701107,19.0,21.7,2.6999999999999993
4688,True,17,4,24,1.0,24,24,1.0,24,1,4,True,0,0.6352941176470589,0.4014678948412129,24.0,24.0,0.0
4690,False,16,1,6,1.0,6,21,0.5,-13,1,6,False,0,0.5250000000000001,0.3785938897200182,6.0,4.0,-2.0
4690,True,18,2,6,1.0,6,21,0.5,-13,1,6,False,0,0.7777777777777778,0.298142396999972,6.0,4.0,-2.0
4692,False,15,1,27,1.0,27,62,0.6,-19,1,4,True,0,0.5733333333333334,0.3195234546871921,27.0,29.599999999999994,2.5999999999999943
4692,True,15,2,27,1.0,27,62,0.6,-19,1,4,True,0,0.6933333333333334,0.3104528182847634,27.0,29.599999999999994,2.5999999999999943
4694,False,15,1,12,1.0,12,12,0.2,9,0,1,False,0,0.3333333333333333,0.3352326839390103,12.0,9.600000000000001,-2.3999999999999986
4694,True,17,2,12,1.0,12,12,0.2,9,0,1,False,0,0.0117647058823529,0.0485071250072666,12.0,9.600000000000001,-2.3999999999999986
4699,False,16,1,26,0.9,-11,36,0.01,19,0,1,False,0,0.825,0.2408318915758459,22.300000000000004,19.169999999999998,-3.130000000000006
4699,True,15,3,26,0.9,-11,36,0.01,19,0,1,False,0,0.56,0.3869293032509759,22.300000000000004,19.169999999999998,-3.130000000000006
4701,True,16,3,10,1.0,10,11,0.6,9,2,2,False,0,0.3875000000000001,0.4031128874149275,10.0,10.2,0.1999999999999993
4702,False,15,1,-8,1.0,-8,30,0.4,-38,0,1,False,0,0.8000000000000002,0.3023715784073817,-8.0,-10.8,-2.8000000000000007
4702,True,15,3,-8,1.0,-8,30,0.4,-38,0,1,False,0,0.6933333333333332,0.2814926202195987,-8.0,-10.8,-2.8000000000000007
4704,True,16,5,36,0.1,15,46,0.1,17,3,2,False,0,0.7375,0.3324154027718932,17.1,19.900000000000002,2.8000000000000007
4706,True,19,3,2,1.0,2,27,0.1,0,0,1,False,0,0.5789473684210527,0.4210818703298301,2.0,2.7,0.7000000000000002
4709,True,16,3,-7,1.0,-7,23,0.05,-6,0,1,False,0,0.7875000000000001,0.3383784863137726,-7.0,-4.549999999999999,2.450000000000001
4710,True,16,5,23,1.0,23,92,0.4,-26,0,1,False,0,0.2875,0.3344149119482164,23.0,21.200000000000003,-1.7999999999999972
4711,False,16,1,2,1.0,2,1,0.2,-1,0,1,True,0,0.1125,0.2305789814069501,2.0,-0.6000000000000001,-2.6
4711,True,15,2,2,1.0,2,1,0.2,-1,0,1,True,0,0.1066666666666666,0.2250925735484552,2.0,-0.6000000000000001,-2.6
4716,False,15,1,103,0.2,-37,14,0.6,-42,0,1,False,0,0.4000000000000001,0.3625307868699864,-9.0,-8.4,0.5999999999999996
4716,True,15,3,103,0.2,-37,14,0.6,-42,0,1,False,0,0.4533333333333334,0.3335237551331168,-9.0,-8.4,0.5999999999999996
4718,False,16,1,37,0.2,-13,11,0.75,-50,3,3,False,1,0.5874999999999999,0.3304037933599835,-3.0,-4.25,-1.25
4718,True,18,5,37,0.2,-13,11,0.75,-50,3,3,False,1,0.6,0.2910427500435996,-3.0,-4.25,-1.25
4719,True,16,3,12,1.0,12,109,0.1,-1,0,1,False,0,0.4375,0.3667424164178449,12.0,10.0,-2.0
4720,True,18,5,43,0.4,-14,22,0.25,5,0,1,False,0,0.7,0.2849148479602902,8.799999999999999,9.25,0.45000000000000107
4721,True,18,3,8,1.0,8,28,0.25,-1,0,1,True,0,0.5888888888888889,0.317876944168631,8.0,6.25,-1.75
4722,True,18,5,-5,1.0,-5,42,0.2,-19,0,1,True,0,0.6666666666666667,0.2990180006385608,-5.0,-6.800000000000001,-1.8000000000000007
4723,True,16,4,63,0.6,-37,26,0.5,18,0,1,False,1,0.5486842105263157,0.2964580070664848,22.999999999999996,22.0,-0.9999999999999964
4725,False,16,1,29,0.75,4,23,1.0,23,0,1,False,0,0.4125,0.3827531841800928,22.75,23.0,0.25
4725,True,15,3,29,0.75,4,23,1.0,23,0,1,False,0,0.3466666666666667,0.3814758308514571,22.75,23.0,0.25
4727,False,16,1,51,0.4,-36,11,0.6,-11,1,6,False,0,0.4749999999999999,0.3087609647175843,-1.1999999999999957,2.1999999999999993,3.399999999999995
4728,False,16,1,12,1.0,12,79,0.4,-37,0,1,False,0,0.275,0.3255764119219941,12.0,9.400000000000002,-2.599999999999998
4729,False,16,1,57,0.2,-14,12,0.2,-4,0,1,False,0,0.35,0.3055050463303893,0.1999999999999993,-0.7999999999999998,-0.9999999999999991
4729,True,15,5,57,0.2,-14,12,0.2,-4,0,1,False,0,0.5466666666666666,0.2972893411828826,0.1999999999999993,-0.7999999999999998,-0.9999999999999991
4730,True,17,3,-1,1.0,-1,66,0.25,-25,0,1,False,0,0.4352941176470588,0.3258473117707668,-1.0,-2.25,-1.25
4733,True,16,5,13,0.75,9,12,0.5,12,0,1,False,0,0.4125,0.4161329915623929,12.0,12.0,0.0
4734,False,15,1,3,1.0,3,60,0.4,-31,1,6,False,0,0.4133333333333334,0.3335237551331168,3.0,5.400000000000002,2.400000000000002
4734,True,15,4,3,1.0,3,60,0.4,-31,1,6,False,0,0.6133333333333333,0.341983012666391,3.0,5.400000000000002,2.400000000000002
4736,False,16,1,-6,1.0,-6,6,0.01,-7,0,1,False,0,0.6875,0.3095695936834452,-6.0,-6.87,-0.8700000000000001
4737,False,15,1,10,1.0,10,25,0.6,-11,0,1,False,0,0.2548148148148148,0.2557096383893202,10.0,10.6,0.5999999999999996
4737,True,15,2,10,1.0,10,25,0.6,-11,0,1,False,0,0.3066666666666667,0.2914659173083209,10.0,10.6,0.5999999999999996
4738,False,15,1,1,1.0,1,23,0.05,0,0,1,False,0,0.5047619047619047,0.2705499564065102,1.0,1.1500000000000001,0.15000000000000013
4738,True,15,2,1,1.0,1,23,0.05,0,0,1,False,0,0.3466666666666667,0.3814758308514571,1.0,1.1500000000000001,0.15000000000000013
4739,True,18,5,15,1.0,15,17,0.99,14,0,1,False,0,0.8333333333333334,0.2765331593774861,15.0,16.97,1.9699999999999989
4740,False,15,1,27,0.1,-1,29,0.4,-13,3,5,False,0,0.4,0.3703280399090206,1.8000000000000003,3.8000000000000016,2.0000000000000013
4740,True,15,3,27,0.1,-1,29,0.4,-13,3,5,False,0,0.6266666666666667,0.3104528182847635,1.8000000000000003,3.8000000000000016,2.0000000000000013
4741,False,15,1,40,0.01,-5,32,0.25,-20,0,1,True,0,0.6266666666666667,0.3453086955726647,-4.55,-7.0,-2.45
4743,True,18,2,6,0.99,-5,8,0.99,4,1,8,True,-1,0.9000000000000001,0.1414213562373094,5.89,7.96,2.0700000000000003
4744,True,18,3,24,1.0,24,33,0.75,5,2,2,False,0,0.6555555555555556,0.3617314932413465,24.0,26.0,2.0
4747,True,19,2,-4,1.0,-4,75,0.25,-31,1,6,False,0,0.4736842105263158,0.3413081131033592,-4.0,-4.5,-0.5
4748,True,16,5,23,1.0,23,46,0.6,-12,0,1,False,0,0.4125,0.212524508390601,23.0,22.799999999999997,-0.20000000000000284
4749,True,18,2,-2,1.0,-2,-2,1.0,-2,1,4,True,0,0.5333333333333332,0.3694192580731196,-2.0,-2.0,0.0
4751,True,16,2,40,0.01,-4,2,0.6,-4,1,4,False,0,0.8125,0.2473189573539939,-3.56,-0.40000000000000013,3.16
4753,False,15,1,25,1.0,25,30,0.6,17,0,1,False,0,0.3066666666666666,0.4267261863247181,25.0,24.8,-0.1999999999999993
4753,True,15,2,25,1.0,25,30,0.6,17,0,1,False,0,0.36,0.3480558247506528,25.0,24.8,-0.1999999999999993
4754,False,15,1,25,0.6,13,23,0.5,20,0,1,False,0,0.6266666666666667,0.376955220278534,20.2,21.5,1.3000000000000007
4754,True,17,4,25,0.6,13,23,0.5,20,0,1,False,0,0.7764705882352941,0.3072649747463618,20.2,21.5,1.3000000000000007
4755,False,15,1,12,1.0,12,68,0.1,2,0,1,True,0,0.6666666666666666,0.3677473252630061,12.0,8.600000000000001,-3.3999999999999986
4755,True,15,2,12,1.0,12,68,0.1,2,0,1,True,0,0.5466666666666666,0.4033195589934446,12.0,8.600000000000001,-3.3999999999999986
4756,True,18,2,30,0.05,21,20,0.99,1,0,1,True,0,0.0777777777777777,0.1215369977828371,21.45,19.810000000000002,-1.639999999999997
4758,True,18,5,29,1.0,29,102,0.5,-40,0,1,False,0,0.4666666666666667,0.3564531154716027,29.0,31.0,2.0
4759,False,16,1,73,0.1,14,54,0.5,-18,0,1,False,0,0.275,0.3336665001664586,19.9,18.0,-1.8999999999999986
4759,True,16,5,73,0.1,14,54,0.5,-18,0,1,False,0,0.35,0.3540244812627134,19.9,18.0,-1.8999999999999986
4760,False,16,1,1,1.0,1,1,0.6,-1,0,1,True,0,0.175,0.3172801075810879,1.0,0.19999999999999996,-0.8
4760,True,15,3,1,1.0,1,1,0.6,-1,0,1,True,0,0.0533333333333333,0.159761727343596,1.0,0.19999999999999996,-0.8
4762,False,16,1,-3,1.0,-3,59,0.1,-9,0,1,False,0,0.6125,0.4702836023791034,-3.0,-2.1999999999999993,0.8000000000000007
4762,True,15,2,-3,1.0,-3,59,0.1,-9,0,1,False,0,0.56,0.3480558247506528,-3.0,-2.1999999999999993,0.8000000000000007
4763,False,16,1,30,1.0,30,57,0.2,21,3,6,False,0,0.4625,0.3630886025935451,30.0,28.200000000000003,-1.7999999999999972
4764,False,16,1,-5,1.0,-5,10,0.75,-49,2,3,False,0,0.6458333333333334,0.393064880140671,-5.0,-4.75,0.25
4765,True,19,4,-8,1.0,-8,45,0.4,-41,0,1,False,0,0.6526315789473686,0.3702377930355205,-8.0,-6.599999999999998,1.4000000000000021
4766,True,18,4,23,0.6,-39,-1,0.9,-26,0,1,False,0,0.4,0.3819454842528924,-1.8000000000000025,-3.4999999999999996,-1.699999999999997
4768,True,18,3,13,1.0,13,30,0.05,13,0,1,False,0,0.9222222222222224,0.1699673171197595,13.0,13.85,0.8499999999999996
4769,True,19,2,22,1.0,22,45,0.25,18,2,3,False,0,0.5263157894736842,0.3540905490959401,22.0,24.75,2.75
4770,True,19,2,69,0.2,9,28,0.6,10,1,4,False,0,0.6210526315789474,0.3457342386034251,21.0,20.8,-0.1999999999999993
4774,False,15,1,46,0.6,-6,25,1.0,25,1,4,False,0,0.6,0.4208834246473209,25.199999999999996,25.0,-0.19999999999999574
4774,True,17,5,46,0.6,-6,25,1.0,25,1,4,False,0,0.5411764705882353,0.3792407275224599,25.199999999999996,25.0,-0.19999999999999574
4775,False,15,1,8,1.0,8,38,0.5,-17,1,2,False,0,0.6000000000000001,0.3464101615137755,8.0,10.5,2.5
4778,False,15,1,19,1.0,19,86,0.2,2,0,1,False,0,0.4400000000000001,0.264034629763381,19.0,18.8,-0.1999999999999993
4778,True,15,5,19,1.0,19,86,0.2,2,0,1,False,0,0.28,0.3363671463488329,19.0,18.8,-0.1999999999999993
4779,False,16,1,3,0.4,-7,48,0.1,-9,0,1,True,1,0.85,0.2250925735484552,-3.0,-3.299999999999999,-0.29999999999999893
4779,True,16,2,3,0.4,-7,48,0.1,-9,0,1,True,1,0.7125,0.3997916123849191,-3.0,-3.299999999999999,-0.29999999999999893
4780,True,19,3,29,0.5,23,32,0.01,23,1,6,True,0,0.7157894736842105,0.3004869342597423,26.0,23.09,-2.91
4781,False,16,1,16,0.5,-22,30,0.2,-13,0,1,False,0,0.2375,0.2753785273643051,-3.0,-4.4,-1.4000000000000004
4782,True,16,4,28,1.0,28,39,0.25,23,2,5,False,0,0.5625,0.4333974311568233,28.0,27.0,-1.0
4784,False,15,1,14,0.9,6,88,0.4,-41,1,2,False,0,0.3333333333333333,0.3352326839390103,13.2,10.600000000000005,-2.5999999999999943
4784,True,17,5,14,0.9,6,88,0.4,-41,1,2,False,0,0.5294117647058822,0.3312187832127597,13.2,10.600000000000005,-2.5999999999999943
4791,True,19,4,9,1.0,9,14,0.9,-38,1,6,False,0,0.7368421052631579,0.2752988806446741,9.0,8.8,-0.1999999999999993
4798,False,16,1,-8,0.05,-10,13,0.4,-23,0,1,True,1,0.7625000000000001,0.3442382895611701,-9.9,-8.599999999999998,1.3000000000000025
4798,True,17,5,-8,0.05,-10,13,0.4,-23,0,1,True,1,0.6588235294117647,0.3063062673400019,-9.9,-8.599999999999998,1.3000000000000025
4803,True,16,3,25,1.0,25,66,0.1,19,0,1,False,0,0.2875,0.3180670788790733,25.0,23.700000000000003,-1.2999999999999972
4804,False,17,1,2,1.0,2,12,0.6,-19,1,6,False,0,0.3764705882352941,0.3733788487660789,2.0,-0.40000000000000124,-2.4000000000000012
4804,True,15,3,2,1.0,2,12,0.6,-19,1,6,False,0,0.68,0.3004758131459407,2.0,-0.40000000000000124,-2.4000000000000012
4805,True,16,4,24,1.0,24,77,0.2,14,1,2,True,0,0.625,0.3492849839314596,24.0,26.6,2.6000000000000014
4808,False,16,1,-7,1.0,-7,76,0.05,-8,1,6,True,0,0.8625,0.2276693508870558,-7.0,-3.7999999999999994,3.2000000000000006
4808,True,16,2,-7,1.0,-7,76,0.05,-8,1,6,True,0,0.8500000000000001,0.2683281572999748,-7.0,-3.7999999999999994,3.2000000000000006
4810,True,16,5,16,1.0,16,26,0.6,8,0,1,False,0,0.5750000000000001,0.3255764119219941,16.0,18.8,2.8000000000000007
4811,True,16,3,11,1.0,11,41,0.1,6,0,1,False,0,0.3750000000000001,0.3415650255319866,11.0,9.5,-1.5
4812,True,20,4,-1,0.4,-9,4,0.25,-8,0,1,False,0,0.7300000000000002,0.2921787484616765,-5.8,-5.0,0.7999999999999998
4813,True,16,3,5,1.0,5,12,0.8,-18,1,4,True,0,0.6625,0.3703601850451351,5.0,6.000000000000002,1.0000000000000018
4814,True,16,4,23,1.0,23,88,0.25,-1,3,3,False,0,0.5874999999999999,0.3537890143385838,23.0,21.25,-1.75
4815,True,16,5,1,1.0,1,4,0.9,-31,1,2,False,0,0.675,0.3642343567906062,1.0,0.5000000000000009,-0.4999999999999991
4819,False,15,1,25,1.0,25,28,0.99,7,0,1,False,0,0.5866666666666667,0.4172472146045292,25.0,27.79,2.789999999999999
4819,True,17,4,25,1.0,25,28,0.99,7,0,1,False,0,0.8588235294117648,0.2717048571736705,25.0,27.79,2.789999999999999
4820,False,15,1,36,0.4,-34,-6,1.0,-6,1,4,False,0,0.36,0.4084815085865489,-5.999999999999998,-6.0,-1.7763568394002505e-15
4820,True,15,2,36,0.4,-34,-6,1.0,-6,1,4,False,0,0.3200000000000001,0.3447566429485338,-5.999999999999998,-6.0,-1.7763568394002505e-15
4821,False,16,1,-1,1.0,-1,16,0.1,-3,1,4,False,0,0.575,0.4057914078275521,-1.0,-1.1,-0.10000000000000009
4821,True,18,3,-1,1.0,-1,16,0.1,-3,1,4,False,0,0.4,0.3819454842528924,-1.0,-1.1,-0.10000000000000009
4822,False,15,1,29,1.0,29,89,0.1,21,1,8,False,0,0.6666666666666666,0.4117326918327103,29.0,27.800000000000004,-1.1999999999999957
4822,True,15,4,29,1.0,29,89,0.1,21,1,8,False,0,0.4933333333333334,0.384460041889302,29.0,27.800000000000004,-1.1999999999999957
4828,True,16,4,11,0.99,7,11,1.0,11,0,1,False,0,0.7250000000000001,0.3415650255319866,10.96,11.0,0.03999999999999915
4831,False,16,1,1,1.0,1,12,0.75,-29,0,1,False,0,0.4375000000000001,0.3442382895611701,1.0,1.75,0.75
4831,True,18,4,1,1.0,1,12,0.75,-29,0,1,False,0,0.5555555555555556,0.3467873093244572,1.0,1.75,0.75
4833,False,17,1,28,1.0,28,29,0.95,13,1,6,True,0,0.5294117647058824,0.3869184440588755,28.0,28.2,0.1999999999999993
4834,False,17,1,13,1.0,13,36,0.2,7,2,2,False,0,0.5294117647058824,0.4355523876101946,13.0,12.8,-0.1999999999999993
4834,True,17,4,13,1.0,13,36,0.2,7,2,2,False,0,0.4588235294117648,0.4108814055317722,13.0,12.8,-0.1999999999999993
4835,True,16,3,16,1.0,16,30,0.25,11,2,2,False,0,0.625,0.3336665001664586,16.0,15.75,-0.25
4837,False,17,1,41,0.2,25,63,0.2,18,0,1,False,0,0.5660130718954248,0.4418058932940008,28.200000000000003,27.0,-1.2000000000000028
4837,True,17,5,41,0.2,25,63,0.2,18,0,1,False,0,0.4941176470588237,0.4069253436370333,28.200000000000003,27.0,-1.2000000000000028
4838,True,16,5,1,1.0,1,12,0.8,-47,0,1,False,0,0.5375,0.3981205847478877,1.0,0.20000000000000284,-0.7999999999999972
4839,False,16,1,63,0.2,4,56,0.6,-48,0,1,False,-1,0.2875,0.3180670788790733,15.8,14.399999999999999,-1.4000000000000021
4839,True,18,5,63,0.2,4,56,0.6,-48,0,1,False,-1,0.2555555555555555,0.2727252921298651,15.8,14.399999999999999,-1.4000000000000021
4840,True,19,2,23,1.0,23,31,0.8,5,0,1,False,0,0.5052631578947371,0.4235743201356317,23.0,25.8,2.8000000000000007
4841,False,17,1,28,0.99,13,73,0.6,-47,1,6,False,-1,0.2588235294117647,0.344707889976085,27.849999999999998,24.999999999999996,-2.8500000000000014
4841,True,16,5,28,0.99,13,73,0.6,-47,1,6,False,-1,0.3375,0.3480900266693469,27.849999999999998,24.999999999999996,-2.8500000000000014
4842,False,16,1,16,1.0,16,101,0.25,-12,1,8,False,0,0.3625,0.3518996068956789,16.0,16.25,0.25
4842,True,17,5,16,1.0,16,101,0.25,-12,1,8,False,0,0.4352941176470588,0.3951916884098593,16.0,16.25,0.25
4843,False,15,1,26,0.5,-34,46,0.2,-20,1,2,False,0,0.3066666666666666,0.3011090610836324,-4.0,-6.799999999999999,-2.799999999999999
4843,True,17,3,26,0.5,-34,46,0.2,-20,1,2,False,0,0.3529411764705882,0.2960524595802734,-4.0,-6.799999999999999,-2.799999999999999
4847,False,31,1,5,0.9,-24,17,0.5,-17,1,6,False,0,0.5870967741935484,0.3575303581365467,2.1000000000000005,0.0,-2.1000000000000005
4847,True,16,2,5,0.9,-24,17,0.5,-17,1,6,False,0,0.6,0.3502380143083653,2.1000000000000005,0.0,-2.1000000000000005
4848,True,16,3,-1,1.0,-1,115,0.25,-40,0,1,True,0,0.7749999999999999,0.3415650255319866,-1.0,-1.25,-0.25
4850,False,16,1,62,0.5,-14,42,0.2,22,1,6,False,0,0.45,0.4531372124791048,24.0,26.0,2.0
4850,True,17,5,62,0.5,-14,42,0.2,22,1,6,False,0,0.6117647058823528,0.3568654384729216,24.0,26.0,2.0
4851,True,16,4,47,0.1,9,26,0.75,-32,0,1,True,0,0.2625,0.307408522978788,12.8,11.5,-1.3000000000000007
4852,True,19,3,37,0.05,-2,3,0.25,-2,0,1,False,0,0.4736842105263158,0.3783621211707669,-0.04999999999999982,-0.75,-0.7000000000000002
4853,True,16,2,23,1.0,23,25,0.6,15,0,1,False,0,0.3875000000000001,0.3052321520853704,23.0,21.0,-2.0
4854,False,16,1,18,1.0,18,103,0.4,-44,0,1,False,0,0.3375,0.3703601850451351,18.0,14.800000000000004,-3.1999999999999957
4854,True,18,4,18,1.0,18,103,0.4,-44,0,1,False,0,0.3555555555555556,0.2874271717930776,18.0,14.800000000000004,-3.1999999999999957
4863,False,16,1,8,1.0,8,95,0.4,-49,0,1,False,0,0.375,0.3255764119219941,8.0,8.600000000000001,0.6000000000000014
4863,True,17,5,8,1.0,8,95,0.4,-49,0,1,False,0,0.2705882352941177,0.2823223022592108,8.0,8.600000000000001,0.6000000000000014
4866,False,16,1,25,1.0,25,42,0.1,25,0,1,False,0,0.7250000000000001,0.3415650255319866,25.0,26.7,1.6999999999999993
4866,True,16,4,25,1.0,25,42,0.1,25,0,1,False,0,0.7375000000000002,0.2895398648430528,25.0,26.7,1.6999999999999993
4868,False,15,1,4,1.0,4,5,0.95,3,2,2,False,0,0.5733333333333335,0.3990464825532174,4.0,4.9,0.9000000000000004
4870,False,15,1,11,1.0,11,15,0.1,12,0,1,False,0,0.7733333333333333,0.3011090610836324,11.0,12.3,1.3000000000000007
4870,True,15,2,11,1.0,11,15,0.1,12,0,1,False,0,0.8000000000000002,0.2725540575476987,11.0,12.3,1.3000000000000007
4871,True,17,5,-10,1.0,-10,66,0.01,-9,0,1,True,0,0.9529411764705884,0.1124591429076774,-10.0,-8.25,1.75
4873,True,16,5,73,0.1,17,34,0.01,25,1,2,True,-1,0.875,0.2720294101747088,22.6,25.09,2.4899999999999984
4874,True,18,2,2,1.0,2,31,0.01,5,0,1,True,0,0.9111111111111112,0.1843554395849907,2.0,5.26,3.26
4875,False,15,1,27,0.9,27,27,0.9,14,0,1,True,0,0.1866666666666666,0.2875181153713043,27.0,25.7,-1.3000000000000007
4876,False,16,1,24,0.95,-24,60,0.25,7,0,1,False,0,0.4375000000000001,0.4145278438577236,21.599999999999994,20.25,-1.3499999999999943
4876,True,16,2,24,0.95,-24,60,0.25,7,0,1,False,0,0.45,0.3759432581299117,21.599999999999994,20.25,-1.3499999999999943
4877,True,16,5,2,1.0,2,8,0.25,-3,0,1,False,0,0.1375,0.2604483314082341,2.0,-0.25,-2.25
4880,False,16,1,26,1.0,26,40,0.8,-23,0,1,False,0,0.425,0.3991657967979387,26.0,27.400000000000002,1.4000000000000021
4880,True,17,2,26,1.0,26,40,0.8,-23,0,1,False,0,0.4352941176470588,0.3334313581357268,26.0,27.400000000000002,1.4000000000000021
4881,False,16,1,0,1.0,0,3,0.9,-16,2,8,True,0,0.8125,0.3461695153148719,0.0,1.1000000000000005,1.1000000000000005
4881,True,15,4,0,1.0,0,3,0.9,-16,2,8,True,0,0.7466666666666667,0.2875181153713043,0.0,1.1000000000000005,1.1000000000000005
4882,True,19,5,72,0.05,1,5,1.0,5,2,6,False,0,0.5789473684210525,0.3765028365961036,4.55,5.0,0.4500000000000002
4883,False,16,1,13,1.0,13,66,0.5,-43,0,1,False,0,0.3750000000000001,0.3855731664245667,13.0,11.5,-1.5
4883,True,16,5,13,1.0,13,66,0.5,-43,0,1,False,0,0.375,0.4250490167812021,13.0,11.5,-1.5
4885,True,16,5,8,1.0,8,13,0.95,-22,0,1,False,0,0.5249999999999999,0.4553387017741117,8.0,11.249999999999998,3.2499999999999982
4888,True,16,3,9,1.0,9,9,0.9,2,0,1,False,0,0.1375,0.2156385865284782,9.0,8.299999999999999,-0.7000000000000011
4889,True,16,5,25,0.99,24,98,0.5,-46,0,1,True,0,0.175,0.2816617356570348,24.990000000000002,26.0,1.009999999999998
4892,True,18,4,2,1.0,2,6,0.8,-29,0,1,False,0,0.3444444444444444,0.3929110395080803,2.0,-0.9999999999999982,-2.9999999999999982
4894,True,17,2,6,1.0,6,67,0.4,-32,0,1,False,0,0.4470588235294118,0.4331824775121097,6.0,7.600000000000001,1.6000000000000014
4895,True,16,3,-5,1.0,-5,19,0.6,-36,0,1,True,0,0.65,0.3829708431025353,-5.0,-3.0,2.0
4896,True,19,3,29,0.8,-6,22,1.0,22,1,4,False,0,0.5368421052631579,0.3832761208258631,22.000000000000004,22.0,-3.552713678800501e-15
4897,True,17,3,75,0.01,17,41,0.05,18,0,1,True,1,0.6823529411764706,0.3609627649038871,17.58,19.15,1.5700000000000003
4898,False,17,1,21,1.0,21,35,0.25,14,0,1,True,0,0.5176470588235293,0.3395498750508661,21.0,19.25,-1.75
4898,True,16,2,21,1.0,21,35,0.25,14,0,1,True,0,0.6124999999999999,0.3685557397915997,21.0,19.25,-1.75
4901,True,16,3,6,1.0,6,6,1.0,6,1,4,True,0,0.525,0.3924283374069717,6.0,6.0,0.0
4902,True,18,4,32,0.2,7,13,0.99,4,0,1,False,0,0.7333333333333334,0.2910427500435996,12.0,12.91,0.9100000000000001
4903,False,17,1,39,0.2,5,55,0.25,1,0,1,True,0,0.5294117647058824,0.3531372004659678,11.8,14.5,2.6999999999999993
4903,True,30,5,39,0.2,5,55,0.25,1,0,1,True,0,0.5,0.3005741632047021,11.8,14.5,2.6999999999999993
4907,True,19,4,18,1.0,18,48,0.5,-16,1,8,False,0,0.4315789473684211,0.4014593262626674,18.0,16.0,-2.0
4908,True,16,3,3,0.8,-2,15,0.2,1,0,1,False,1,0.6499999999999999,0.409878030638384,2.0000000000000004,3.8,1.7999999999999994
4909,False,17,1,20,1.0,20,38,0.05,21,0,1,True,0,0.7999999999999999,0.33166247903554,20.0,21.849999999999998,1.8499999999999979
4909,True,16,3,20,1.0,20,38,0.05,21,0,1,True,0,0.85,0.3055050463303893,20.0,21.849999999999998,1.8499999999999979
4916,False,15,1,16,0.75,16,32,0.6,-16,1,6,False,0,0.2933333333333333,0.3283436063174123,16.0,12.799999999999999,-3.200000000000001
4916,True,15,4,16,0.75,16,32,0.6,-16,1,6,False,0,0.4666666666666667,0.3518657752744984,16.0,12.799999999999999,-3.200000000000001
4920,True,16,5,19,0.6,-6,12,0.95,9,0,1,False,0,0.7625000000000002,0.3518996068956789,9.0,11.85,2.8499999999999996
4921,False,16,1,24,0.99,10,49,0.4,4,0,1,False,0,0.3,0.2633122354417533,23.86,22.0,-1.8599999999999994
4923,True,18,3,16,0.8,-23,81,0.25,-16,1,8,True,0,0.6000000000000001,0.3143620991973503,8.200000000000003,8.25,0.04999999999999716
4925,False,16,1,100,0.25,-9,40,0.5,3,1,6,True,0,0.65,0.3055050463303893,18.25,21.5,3.25
4925,True,15,3,100,0.25,-9,40,0.5,3,1,6,True,0,0.7466666666666666,0.2875181153713043,18.25,21.5,3.25
4926,False,16,1,6,0.8,0,12,0.05,7,0,1,False,0,0.8374999999999999,0.2093641166325628,4.800000000000001,7.25,2.4499999999999993
4928,False,15,1,28,1.0,28,78,0.4,-2,0,1,True,0,0.5066666666666666,0.3844600418893019,28.0,30.000000000000004,2.0000000000000036
4928,True,15,3,28,1.0,28,78,0.4,-2,0,1,True,0,0.5333333333333333,0.3829708431025353,28.0,30.000000000000004,2.0000000000000036
4930,True,16,4,-5,1.0,-5,16,0.6,-34,0,1,False,0,0.7374999999999999,0.280178514522438,-5.0,-4.000000000000002,0.9999999999999982
4934,True,18,2,25,0.5,13,87,0.2,6,3,3,False,0,0.4333333333333333,0.3646109933485114,19.0,22.200000000000003,3.200000000000003
4935,True,16,5,42,0.1,6,15,0.9,-8,0,1,False,0,0.475,0.3642343567906063,9.600000000000001,12.7,3.099999999999998
4936,True,16,2,62,0.6,-41,24,0.99,-25,2,2,False,0,0.6875,0.2825479310370779,20.799999999999994,23.509999999999998,2.7100000000000044
4937,True,16,5,17,0.25,-11,4,0.5,-13,0,1,False,0,0.475,0.405791407827552,-4.0,-4.5,-0.5
4939,True,16,2,52,0.5,-18,17,1.0,17,0,1,False,0,0.4500000000000001,0.2875181153713043,17.0,17.0,0.0
4940,True,18,3,1,1.0,1,9,0.25,1,0,1,True,0,0.9444444444444444,0.19165600993392,1.0,3.0,2.0
4942,True,16,3,29,1.0,29,33,0.8,20,1,8,False,0,0.8000000000000002,0.282842712474619,29.0,30.400000000000002,1.4000000000000021
4943,True,15,3,27,1.0,27,108,0.25,3,1,8,False,0,0.5066666666666667,0.3844600418893019,27.0,29.25,2.25
4944,True,19,3,28,1.0,28,82,0.6,-49,0,1,False,0,0.2421052631578948,0.2795150353214657,28.0,29.599999999999994,1.5999999999999943
4947,True,16,3,12,1.0,12,45,0.1,11,0,1,False,0,0.6625,0.3630886025935451,12.0,14.4,2.4000000000000004
4949,True,15,5,43,0.4,-29,-2,0.99,-22,2,3,True,0,0.1866666666666666,0.3067494712224263,-0.1999999999999993,-2.2,-2.000000000000001
4952,True,15,2,23,0.05,7,12,0.6,-3,0,1,False,-1,0.2133333333333332,0.2972893411828826,7.8,5.999999999999999,-1.8000000000000007
4954,True,15,5,3,0.99,-29,54,0.25,-18,1,4,False,0,0.3866666666666667,0.4437931736207543,2.6799999999999997,0.0,-2.6799999999999997
4956,True,18,2,29,0.6,22,100,0.1,16,0,1,False,-1,0.4,0.4550371671956169,26.2,24.4,-1.8000000000000007
4960,True,18,3,81,0.25,-30,-2,1.0,-2,3,4,False,0,0.4222222222222222,0.3873827041533013,-2.25,-2.0,0.25
4961,False,16,1,26,1.0,26,102,0.2,4,1,4,False,0,0.4000000000000001,0.3577708763999664,26.0,23.6,-2.3999999999999986
4961,True,15,2,26,1.0,26,102,0.2,4,1,4,False,0,0.3466666666666667,0.3888934240098375,26.0,23.6,-2.3999999999999986
4963,False,16,1,20,0.8,-45,6,0.99,-32,0,1,False,0,0.475,0.3568379650952703,7.000000000000002,5.619999999999999,-1.3800000000000026
4963,True,15,5,20,0.8,-45,6,0.99,-32,0,1,False,0,0.4,0.3625307868699864,7.000000000000002,5.619999999999999,-1.3800000000000026
4964,True,32,3,59,0.1,21,25,0.75,12,1,8,True,1,0.51875,0.3930341034205721,24.800000000000004,21.75,-3.0500000000000043
4967,True,16,2,19,0.6,16,16,0.99,-2,0,1,False,0,0.15,0.2,17.8,15.82,-1.9800000000000004
4968,True,16,4,57,0.1,-13,44,0.05,-9,3,6,False,1,0.5750000000000001,0.3568379650952703,-6.000000000000001,-6.349999999999999,-0.34999999999999787
4975,False,15,1,-4,1.0,-4,47,0.1,-6,1,6,False,0,0.6933333333333334,0.3453086955726647,-4.0,-0.7000000000000002,3.3
4977,True,16,3,14,1.0,14,50,0.01,15,0,1,False,0,0.8125000000000001,0.3222318006239194,14.0,15.35,1.3499999999999996
4978,False,15,1,5,1.0,5,10,0.25,0,1,2,False,0,0.2666666666666666,0.2992052966172383,5.0,2.5,-2.5
4978,True,16,3,5,1.0,5,10,0.25,0,1,2,False,0,0.2,0.3265986323710904,5.0,2.5,-2.5
4979,False,15,1,28,0.01,3,2,0.6,-2,1,8,False,0,0.1733333333333333,0.2604026186687142,3.25,0.3999999999999999,-2.85
4979,True,15,5,28,0.01,3,2,0.6,-2,1,8,False,0,0.0933333333333333,0.1830950832868254,3.25,0.3999999999999999,-2.85
4980,False,15,1,1,0.75,-15,63,0.05,-7,0,1,False,-1,0.4266666666666665,0.384460041889302,-3.0,-3.499999999999999,-0.4999999999999991
4980,True,17,3,1,0.75,-15,63,0.05,-7,0,1,False,-1,0.4470588235294118,0.2960524595802734,-3.0,-3.499999999999999,-0.4999999999999991
4981,True,20,2,7,1.0,7,45,0.01,9,0,1,False,0,0.96,0.0820782681668122,7.0,9.36,2.3599999999999994
4984,True,18,5,31,0.2,15,112,0.2,-3,0,1,False,0,0.3555555555555556,0.3535071714427275,18.2,20.0,1.8000000000000007
4985,True,17,2,18,1.0,18,60,0.4,-5,2,3,False,0,0.5294117647058824,0.3670229997601529,18.0,21.0,3.0
4986,True,30,5,38,0.25,-14,2,0.8,-9,0,1,True,1,0.4400000000000001,0.37655425033888,-1.0,-0.1999999999999995,0.8000000000000005
4989,True,17,5,34,0.5,22,33,0.05,26,1,4,False,0,0.4470588235294117,0.4032952501871668,28.0,26.349999999999998,-1.6500000000000021
4991,True,16,3,28,0.05,-1,73,0.2,-15,0,1,False,0,0.2625,0.3159641329855864,0.4500000000000002,2.6000000000000014,2.1500000000000012
4994,False,16,1,-4,0.95,-27,0,0.2,-5,0,1,False,0,0.7000000000000001,0.4131182235954578,-5.150000000000001,-4.0,1.1500000000000012
4995,False,16,1,87,0.05,27,30,1.0,30,0,1,False,0,0.2625000000000001,0.3630886025935451,30.0,30.0,0.0
4995,True,15,2,87,0.05,27,30,1.0,30,0,1,False,0,0.4533333333333333,0.4172472146045293,30.0,30.0,0.0
4997,False,16,1,-5,1.0,-5,69,0.25,-27,1,6,False,0,0.5875000000000001,0.4349329450233296,-5.0,-3.0,2.0
4997,True,15,2,-5,1.0,-5,69,0.25,-27,1,6,False,0,0.4933333333333334,0.3369329451445933,-5.0,-3.0,2.0
5000,False,16,1,-4,1.0,-4,-1,0.6,-13,1,8,False,0,0.375,0.3714835124201342,-4.0,-5.8,-1.7999999999999998
5001,True,17,2,72,0.2,-8,6,0.5,5,0,1,False,0,0.5764705882352941,0.3733788487660788,8.0,5.5,-2.5
5006,True,19,5,43,0.6,1,117,0.1,13,1,8,False,0,0.4,0.4109609335312652,26.2,23.400000000000002,-2.799999999999997
5007,True,18,5,21,0.6,8,16,1.0,16,1,8,False,0,0.3333333333333333,0.3360672201667224,15.8,16.0,0.1999999999999993
5008,True,17,5,35,0.05,14,20,0.2,14,1,6,False,0,0.5411764705882353,0.4569721319859284,15.049999999999999,15.200000000000001,0.15000000000000213
5009,False,16,1,30,0.75,21,28,1.0,28,0,1,False,0,0.6,0.3794733192202056,27.75,28.0,0.25
5015,True,16,3,10,1.0,10,58,0.1,4,1,6,False,0,0.3625,0.3810074364978545,10.0,9.4,-0.5999999999999996
5017,True,17,5,-2,1.0,-2,4,0.75,-19,1,6,False,0,0.7529411764705882,0.3842486939776497,-2.0,-1.75,0.25
5018,True,16,4,60,0.2,-1,73,0.01,13,0,1,False,0,0.875,0.2175622516277429,11.2,13.6,2.4000000000000004
5020,False,16,1,25,1.0,25,31,0.9,-12,0,1,True,0,0.1875,0.3138470965295043,25.0,26.700000000000003,1.7000000000000028
5020,True,16,4,25,1.0,25,31,0.9,-12,0,1,True,0,0.175,0.2720294101747089,25.0,26.700000000000003,1.7000000000000028
5023,True,18,2,16,1.0,16,47,0.5,-13,0,1,False,0,0.5777777777777778,0.410960933531265,16.0,17.0,1.0
5024,False,32,1,17,1.0,17,61,0.1,13,0,1,False,0,0.5214285714285715,0.3565617392042849,17.0,17.8,0.8000000000000007
5027,True,33,5,23,1.0,23,80,0.05,20,0,1,False,0,0.496969696969697,0.3678356022777435,23.0,23.0,0.0
5029,True,31,4,6,1.0,6,16,0.5,2,1,2,True,0,0.5806451612903226,0.3439179697143973,6.0,9.0,3.0
5031,True,19,2,32,0.01,17,26,0.2,12,0,1,False,0,0.231578947368421,0.3350831266333564,17.15,14.8,-2.349999999999998
5032,True,16,2,-2,1.0,-2,5,0.2,-7,1,8,False,0,0.4250000000000001,0.3568379650952703,-2.0,-4.6000000000000005,-2.6000000000000005
5033,True,17,2,-3,1.0,-3,6,0.1,-3,1,8,False,0,0.9411764705882352,0.1543487266282579,-3.0,-2.1,0.8999999999999999
5034,False,16,1,67,0.25,0,47,0.2,10,0,1,False,0,0.55,0.4163331998932265,16.75,17.4,0.6499999999999986
5036,False,16,1,15,1.0,15,73,0.25,-6,0,1,False,0,0.4625000000000001,0.4364630568559039,15.0,13.75,-1.25
5038,True,18,2,3,0.75,-9,4,0.1,-1,0,1,False,0,0.2555555555555555,0.3868762109698386,0.0,-0.5,-0.5
5039,True,16,3,7,1.0,7,8,0.99,-8,0,1,True,0,0.2875,0.35,7.0,7.84,0.8399999999999999
5040,True,16,5,1,1.0,1,30,0.25,-12,1,6,False,0,0.325,0.3642343567906063,1.0,-1.5,-2.5
5041,True,16,4,15,0.4,-7,64,0.1,-7,0,1,False,1,0.3125000000000001,0.3649200825751669,1.7999999999999998,0.10000000000000053,-1.6999999999999993
5042,False,15,1,8,0.5,-6,4,0.99,3,0,1,True,0,0.8933333333333332,0.1667618775665584,1.0,3.99,2.99
5045,False,15,1,-10,1.0,-10,-11,0.95,-29,0,1,False,0,0.1866666666666666,0.2669046557070431,-10.0,-11.9,-1.9000000000000004
5045,True,16,2,-10,1.0,-10,-11,0.95,-29,0,1,False,0,0.0,0.0,-10.0,-11.9,-1.9000000000000004
5046,False,16,1,84,0.2,-30,-9,0.99,-12,1,6,False,0,0.475,0.3336665001664586,-7.199999999999999,-9.030000000000001,-1.8300000000000018
5048,False,16,1,21,0.99,-41,39,0.05,18,0,1,False,0,0.8125,0.2872281323269014,20.38,19.049999999999997,-1.3300000000000018
5053,True,16,3,36,0.2,-7,43,0.1,-1,0,1,False,0,0.7625,0.2552776266472772,1.5999999999999996,3.4,1.8000000000000003
5054,True,16,2,8,0.6,3,8,0.99,4,1,4,False,1,0.6375,0.3518996068956789,6.0,7.96,1.96
5055,True,18,5,-8,1.0,-8,-4,0.75,-15,1,4,False,0,0.7111111111111111,0.4128650098275092,-8.0,-6.75,1.25
5056,True,17,3,7,0.8,-43,36,0.4,-31,0,1,True,0,0.5647058823529412,0.3757345746510897,-2.9999999999999973,-4.1999999999999975,-1.2000000000000002
5059,True,17,2,32,0.8,19,80,0.25,11,3,2,False,0,0.4823529411764706,0.4246105482051274,29.4,28.25,-1.1499999999999986
5060,True,16,3,2,1.0,2,12,0.05,1,0,1,False,0,0.15,0.2581988897471611,2.0,1.55,-0.44999999999999996
5061,True,15,5,19,1.0,19,30,0.6,7,0,1,False,0,0.7599999999999999,0.3561701038227982,19.0,20.8,1.8000000000000007
5062,True,17,3,18,1.0,18,34,0.6,-14,1,6,False,0,0.5764705882352942,0.4576153020888641,18.0,14.799999999999997,-3.200000000000003
5065,True,16,4,18,1.0,18,60,0.5,-26,2,6,True,0,0.6125,0.3383784863137726,18.0,17.0,-1.0
5068,True,16,2,32,0.25,12,17,1.0,17,0,1,False,0,0.7000000000000001,0.3502380143083653,17.0,17.0,0.0
5072,False,16,1,-8,1.0,-8,78,0.05,-12,3,3,False,0,0.8749999999999999,0.1914854215512676,-8.0,-7.499999999999998,0.5000000000000018
5076,False,15,1,19,1.0,19,31,0.6,4,0,1,False,0,0.4,0.3464101615137754,19.0,20.2,1.1999999999999993
5076,True,16,2,19,1.0,19,31,0.6,4,0,1,False,0,0.525,0.3785938897200182,19.0,20.2,1.1999999999999993
5079,True,17,5,74,0.05,11,14,1.0,14,2,4,False,0,0.4117647058823529,0.4090879381947976,14.149999999999999,14.0,-0.14999999999999858
5080,False,15,1,18,1.0,18,19,0.75,4,1,2,False,0,0.24,0.3135055251278904,18.0,15.25,-2.75
5080,True,15,4,18,1.0,18,19,0.75,4,1,2,False,0,0.4666666666666667,0.3976119189552021,18.0,15.25,-2.75
5082,False,15,1,40,0.2,1,11,0.9,9,0,1,False,0,0.56,0.3135055251278904,8.8,10.8,2.0
5087,False,16,1,65,0.4,-10,20,1.0,20,0,1,False,0,0.6375,0.3364025366531392,20.0,20.0,0.0
5087,True,16,4,65,0.4,-10,20,1.0,20,0,1,False,0,0.6375000000000001,0.3739429546512854,20.0,20.0,0.0
5088,True,31,5,5,1.0,5,57,0.05,1,0,1,False,0,0.5096774193548388,0.3789061789851391,5.0,3.8,-1.2000000000000002
5089,False,16,1,-8,1.0,-8,3,0.25,-16,3,2,False,0,0.5625,0.4080441152620633,-8.0,-11.25,-3.25
5089,True,16,3,-8,1.0,-8,3,0.25,-16,3,2,False,0,0.7625000000000001,0.2753785273643051,-8.0,-11.25,-3.25
5090,True,17,5,22,1.0,22,31,0.25,23,0,1,False,0,0.8117647058823529,0.3120143284794315,22.0,25.0,3.0
5091,False,16,1,33,0.4,-25,72,0.25,-23,1,8,False,0,0.475,0.3785938897200182,-1.799999999999999,0.75,2.549999999999999
5091,True,15,4,33,0.4,-25,72,0.25,-23,1,8,False,0,0.5733333333333334,0.3614784456460256,-1.799999999999999,0.75,2.549999999999999
5092,True,16,5,1,1.0,1,8,0.75,-23,2,7,True,0,0.8375000000000001,0.2093641166325628,1.0,0.25,-0.75
5096,False,16,1,17,1.0,17,49,0.25,4,1,8,False,0,0.5499999999999999,0.409878030638384,17.0,15.25,-1.75
5096,True,16,5,17,1.0,17,49,0.25,4,1,8,False,0,0.5999999999999999,0.3502380143083653,17.0,15.25,-1.75
5097,False,16,1,13,0.75,1,21,0.05,7,0,1,False,1,0.5625000000000001,0.3947573094109004,10.0,7.699999999999999,-2.3000000000000007
5098,True,16,5,52,0.05,9,61,0.25,-9,1,6,False,0,0.425,0.3568379650952703,11.149999999999999,8.5,-2.6499999999999986
5099,True,16,2,30,0.8,1,44,0.75,-46,2,3,False,0,0.4,0.4,24.2,21.5,-2.6999999999999993
5100,False,16,1,-2,0.5,-6,45,0.2,-19,1,6,False,0,0.675,0.3785938897200183,-4.0,-6.200000000000001,-2.200000000000001
5100,True,17,3,-2,0.5,-6,45,0.2,-19,1,6,False,0,0.6000000000000001,0.3464101615137754,-4.0,-6.200000000000001,-2.200000000000001
5101,False,16,1,4,0.6,-3,5,0.4,1,0,1,True,1,0.775,0.3415650255319866,1.1999999999999997,2.6,1.4000000000000004
5103,False,31,1,25,1.0,25,35,0.2,19,0,1,False,0,0.4129032258064515,0.3422883146158814,25.0,22.200000000000003,-2.799999999999997
5103,True,17,4,25,1.0,25,35,0.2,19,0,1,False,0,0.3882352941176471,0.4211329257805314,25.0,22.200000000000003,-2.799999999999997
5104,True,16,2,56,0.4,-44,82,0.1,-17,1,4,False,0,0.6124999999999999,0.3612478373637689,-3.9999999999999964,-7.1,-3.100000000000003
5106,True,19,2,53,0.5,-33,38,0.2,0,0,1,False,0,0.5894736842105263,0.368019831654801,10.0,7.6000000000000005,-2.3999999999999995
5107,True,18,4,40,0.5,-4,19,0.95,-29,0,1,False,0,0.3777777777777778,0.4109609335312651,18.0,16.599999999999998,-1.4000000000000021
5111,True,16,3,45,0.4,-15,9,1.0,9,2,6,True,0,0.7,0.3425395354310701,9.0,9.0,0.0
5113,True,15,3,7,1.0,7,26,0.2,0,1,4,False,0,0.4266666666666667,0.4333699618219101,7.0,5.2,-1.7999999999999998
5114,True,18,5,-8,1.0,-8,34,0.4,-38,0,1,False,0,0.6666666666666666,0.3429971702850176,-8.0,-9.2,-1.1999999999999993
5115,True,21,5,8,0.8,-18,7,0.95,-29,0,1,False,0,0.3999999999999999,0.3794733192202055,2.800000000000001,5.199999999999998,2.3999999999999972
5118,True,19,5,20,1.0,20,19,0.99,4,3,6,False,0,0.3368421052631579,0.4424810433049201,20.0,18.849999999999998,-1.1500000000000021
5119,True,15,5,-7,1.0,-7,-2,0.05,-9,1,6,True,0,0.8533333333333333,0.192230020944651,-7.0,-8.649999999999999,-1.6499999999999986
5123,True,16,5,26,1.0,26,55,0.1,22,1,4,False,0,0.6000000000000001,0.4320493798938573,26.0,25.3,-0.6999999999999993
5125,True,16,4,-6,1.0,-6,23,0.6,-50,0,1,True,0,0.625,0.3172801075810878,-6.0,-6.200000000000001,-0.20000000000000107
5126,True,15,3,-1,1.0,-1,-1,1.0,-1,2,7,False,0,0.6933333333333334,0.4199773236508757,-1.0,-1.0,0.0
5127,True,17,5,44,0.01,14,66,0.5,-36,0,1,False,0,0.3882352941176471,0.3772968873135194,14.299999999999999,15.0,0.7000000000000011
5131,True,16,2,28,1.0,28,28,0.95,11,0,1,False,0,0.3625,0.4573474244670748,28.0,27.15,-0.8500000000000014
5140,False,16,1,19,1.0,19,23,0.6,8,0,1,True,0,0.3375,0.3324154027718932,19.0,17.0,-2.0
5140,True,15,2,19,1.0,19,23,0.6,8,0,1,True,0,0.4266666666666667,0.3369329451445933,19.0,17.0,-2.0
5141,True,31,2,12,1.0,12,16,0.75,-2,0,1,False,0,0.5161290322580645,0.4025723737777249,12.0,11.5,-0.5
5142,False,15,1,39,0.75,-5,37,0.25,21,0,1,False,0,0.5733333333333334,0.4463609472591607,28.0,25.0,-3.0
5142,True,17,5,39,0.75,-5,37,0.25,21,0,1,False,0,0.5294117647058824,0.4058397249567139,28.0,25.0,-3.0
5143,False,16,1,36,0.6,21,28,0.8,28,2,5,False,0,0.3625,0.3810074364978545,30.0,28.0,-2.0
5146,False,15,1,9,1.0,9,8,0.99,7,0,1,False,0,0.2533333333333333,0.3661901665736508,9.0,7.99,-1.0099999999999998
5146,True,15,4,9,1.0,9,8,0.99,7,0,1,False,0,0.0266666666666666,0.0703731550548996,9.0,7.99,-1.0099999999999998
5153,False,16,1,30,0.99,12,87,0.1,24,1,8,False,0,0.3875,0.389657969677682,29.82,30.300000000000004,0.480000000000004
5155,True,18,5,48,0.25,7,32,0.6,-4,0,1,False,0,0.3333333333333333,0.282842712474619,17.25,17.599999999999998,0.34999999999999787
5156,True,16,5,18,1.0,18,19,0.01,15,1,6,False,0,0.1875,0.3461695153148719,18.0,15.04,-2.960000000000001
5157,False,16,1,20,0.99,14,26,0.9,-12,1,8,False,0,0.4625,0.3981205847478877,19.94,22.200000000000003,2.2600000000000016
5158,False,15,1,-2,1.0,-2,26,0.25,-14,0,1,True,0,0.7576470588235295,0.3223063206181816,-2.0,-4.0,-2.0
5159,False,15,1,37,0.01,6,7,0.9,-20,0,1,False,0,0.2266666666666666,0.3011090610836324,6.31,4.300000000000001,-2.009999999999999
5161,True,32,2,68,0.2,-17,2,0.9,-7,0,1,False,0,0.5437500000000001,0.3600515196110045,0.0,1.1,1.1
5162,True,16,3,31,0.05,-10,77,0.25,-38,0,1,False,-1,0.4625,0.307408522978788,-7.95,-9.25,-1.2999999999999998
5165,False,16,1,30,0.1,30,30,0.9,15,2,3,False,0,0.35,0.3386246693120079,30.0,28.5,-1.5
5166,False,16,1,5,1.0,5,19,0.25,-3,0,1,True,0,0.5499999999999999,0.3687817782917155,5.0,2.5,-2.5
5166,True,16,2,5,1.0,5,19,0.25,-3,0,1,True,0,0.4375,0.311715682420161,5.0,2.5,-2.5
5167,True,18,4,15,0.05,6,8,0.8,-10,1,8,False,0,0.4777777777777778,0.4066441652405492,6.449999999999999,4.4,-2.049999999999999
5169,False,16,1,14,0.95,-39,11,0.99,-5,0,1,False,0,0.6749999999999999,0.3415650255319866,11.349999999999998,10.84,-0.509999999999998
5169,True,15,3,14,0.95,-39,11,0.99,-5,0,1,False,0,0.52,0.4394802124588285,11.349999999999998,10.84,-0.509999999999998
5171,True,16,5,27,1.0,27,97,0.5,-47,0,1,False,0,0.3875,0.4224926034855522,27.0,25.0,-2.0
5172,True,16,3,0,0.99,-20,30,0.4,-19,3,2,False,0,0.6625000000000001,0.3159641329855864,-0.20000000000000018,0.5999999999999996,0.7999999999999998
5173,False,16,1,-5,1.0,-5,20,0.4,-17,0,1,False,0,0.6625000000000001,0.4047633053197057,-5.0,-2.1999999999999993,2.8000000000000007
5173,True,15,2,-5,1.0,-5,20,0.4,-17,0,1,False,0,0.7466666666666666,0.3583028779970269,-5.0,-2.1999999999999993,2.8000000000000007
5175,False,16,1,34,0.1,27,71,0.5,-20,3,5,False,0,0.3,0.4066120181860509,27.700000000000003,25.5,-2.200000000000003
5178,False,15,1,21,1.0,21,24,0.8,18,3,2,True,0,0.5066666666666667,0.4399134113934349,21.0,22.8,1.8000000000000007
5179,True,17,5,21,0.01,15,20,0.1,15,0,1,False,0,0.4352941176470588,0.413734782908369,15.06,15.5,0.4399999999999995
5180,False,15,1,28,0.01,3,12,0.8,-45,0,1,False,0,0.28,0.3529467786670231,3.25,0.6000000000000032,-2.649999999999997
5181,True,16,3,-6,1.0,-6,7,0.6,-29,1,4,False,0,0.6499999999999999,0.3829708431025352,-6.0,-7.400000000000001,-1.4000000000000012
5183,False,15,1,7,1.0,7,27,0.25,4,1,6,False,0,0.7333333333333333,0.3829708431025353,7.0,9.75,2.75
5184,False,15,1,93,0.2,8,25,0.75,24,2,7,True,0,0.6933333333333332,0.3011090610836324,25.0,24.75,-0.25
5184,True,16,3,93,0.2,8,25,0.75,24,2,7,True,0,0.7749999999999999,0.3255764119219941,25.0,24.75,-0.25
5185,True,20,4,6,1.0,6,10,0.4,-2,0,1,False,0,0.1,0.1521771820505364,6.0,2.8,-3.2
5187,True,19,3,22,1.0,22,79,0.25,3,3,6,False,0,0.431578947368421,0.3667464028134539,22.0,22.0,0.0
5191,True,19,5,30,1.0,30,38,0.9,-38,1,2,False,0,0.5157894736842106,0.360960382397873,30.0,30.400000000000006,0.4000000000000057
5193,True,16,5,21,1.0,21,56,0.5,-11,2,7,False,0,0.7375,0.4177319714841085,21.0,22.5,1.5
5194,True,18,5,6,0.5,0,18,0.5,-6,0,1,False,1,0.6222222222222222,0.410960933531265,3.0,6.0,3.0
5198,False,16,1,35,0.75,2,81,0.25,13,3,5,False,0,0.375,0.3924283374069717,26.75,30.0,3.25
5198,True,16,2,35,0.75,2,81,0.25,13,3,5,False,0,0.4625000000000001,0.3630886025935451,26.75,30.0,3.25
5199,False,16,1,64,0.25,-11,71,0.05,5,0,1,False,1,0.95,0.1154700538379251,7.75,8.3,0.5500000000000007
5201,True,16,4,19,0.6,-3,9,0.95,1,1,4,False,0,0.6,0.39327683210007,10.2,8.6,-1.5999999999999996
5203,False,17,1,10,0.95,-14,20,0.6,-9,0,1,True,0,0.2470588235294117,0.3572772856249462,8.799999999999999,8.4,-0.3999999999999986
5203,True,16,5,10,0.95,-14,20,0.6,-9,0,1,True,0,0.45,0.3614784456460256,8.799999999999999,8.4,-0.3999999999999986
5204,False,16,1,3,1.0,3,35,0.2,-5,0,1,False,0,0.275,0.3991657967979387,3.0,3.0,0.0
5209,True,16,5,4,1.0,4,15,0.25,-4,1,8,False,0,0.2,0.3098386676965933,4.0,0.75,-3.25
5210,False,17,1,23,0.99,-15,45,0.6,-4,1,6,True,1,0.5647058823529413,0.4197338092032083,22.62,25.4,2.7799999999999976
5212,True,16,3,30,1.0,30,48,0.75,-25,0,1,False,0,0.25,0.3055050463303893,30.0,29.75,-0.25
5213,True,16,2,39,0.25,6,25,0.01,15,0,1,False,0,0.7000000000000001,0.3346640106136303,14.25,15.1,0.8499999999999996
5214,False,16,1,-4,1.0,-4,34,0.05,-3,0,1,True,0,0.8625,0.2276693508870557,-4.0,-1.1499999999999995,2.8500000000000005
5214,True,15,4,-4,1.0,-4,34,0.05,-3,0,1,True,0,0.9066666666666666,0.2250925735484552,-4.0,-1.1499999999999995,2.8500000000000005
5216,False,16,1,-8,1.0,-8,2,0.8,-41,2,3,False,0,0.6875,0.4064070209367287,-8.0,-6.599999999999998,1.4000000000000021
5216,True,17,5,-8,1.0,-8,2,0.8,-41,2,3,False,0,0.7882352941176469,0.2595244519818327,-8.0,-6.599999999999998,1.4000000000000021
5219,True,16,3,26,0.1,7,9,1.0,9,0,1,False,0,0.4,0.4320493798938573,8.9,9.0,0.09999999999999964
5222,False,16,1,-5,0.8,-11,-2,0.9,-10,1,2,False,-1,0.7625,0.3879432948254164,-6.199999999999999,-2.8,3.3999999999999995
5222,True,15,3,-5,0.8,-11,-2,0.9,-10,1,2,False,-1,0.8133333333333334,0.2972893411828826,-6.199999999999999,-2.8,3.3999999999999995
5225,True,20,5,-4,1.0,-4,12,0.2,-9,0,1,False,0,0.5199999999999999,0.3750087718272313,-4.0,-4.8,-0.7999999999999998
5228,False,17,1,10,1.0,10,58,0.2,1,0,1,False,0,0.4513368983957221,0.3545591660587361,10.0,12.400000000000002,2.400000000000002
5228,True,17,3,10,1.0,10,58,0.2,1,0,1,False,0,0.5647058823529412,0.2935582916359803,10.0,12.400000000000002,2.400000000000002
5229,True,18,2,-1,1.0,-1,-1,1.0,-1,3,5,True,0,0.6111111111111112,0.3529520695486751,-1.0,-1.0,0.0
5230,False,17,1,29,0.5,-35,-1,0.9,-10,0,1,False,0,0.4,0.3937003937005905,-3.0,-1.9,1.1
5230,True,17,5,29,0.5,-35,-1,0.9,-10,0,1,False,0,0.4235294117647059,0.3800154795608757,-3.0,-1.9,1.1
5234,False,16,1,2,1.0,2,84,0.2,-18,3,7,False,0,0.4125,0.3964425136973413,2.0,2.4000000000000004,0.40000000000000036
5234,True,16,5,2,1.0,2,84,0.2,-18,3,7,False,0,0.3750000000000001,0.3855731664245667,2.0,2.4000000000000004,0.40000000000000036
5236,False,16,1,109,0.05,9,34,0.1,13,0,1,False,0,0.475,0.2909753712372692,14.0,15.100000000000001,1.1000000000000014
5236,True,19,2,109,0.05,9,34,0.1,13,0,1,False,0,0.4210526315789473,0.431507624972441,14.0,15.100000000000001,1.1000000000000014
5237,True,17,4,5,1.0,5,40,0.05,2,0,1,False,0,0.5764705882352942,0.4235702594681103,5.0,3.9,-1.1
5238,False,15,1,16,0.6,-22,-1,0.95,-8,0,1,False,-1,0.4266666666666665,0.3369329451445933,0.7999999999999989,-1.3500000000000003,-2.1499999999999995
5238,True,20,2,16,0.6,-22,-1,0.95,-8,0,1,False,-1,0.24,0.3015748139700207,0.7999999999999989,-1.3500000000000003,-2.1499999999999995
5241,False,16,1,14,1.0,14,31,0.4,3,0,1,True,0,0.6750000000000002,0.3492849839314596,14.0,14.2,0.1999999999999993
5241,True,17,4,14,1.0,14,31,0.4,3,0,1,True,0,0.5647058823529412,0.3690209622612721,14.0,14.2,0.1999999999999993
5242,True,21,3,26,1.0,26,30,0.9,-2,0,1,True,0,0.2666666666666667,0.3306559138036598,26.0,26.8,0.8000000000000007
5243,False,16,1,31,0.8,10,41,0.8,-14,0,1,False,0,0.3125,0.3263433774416144,26.8,30.000000000000004,3.200000000000003
5243,True,19,3,31,0.8,10,41,0.8,-14,0,1,False,0,0.4947368421052633,0.4129483209670112,26.8,30.000000000000004,3.200000000000003
5244,False,16,1,74,0.4,-36,32,0.4,-8,0,1,True,1,0.6375000000000001,0.2941088233970548,8.000000000000004,8.0,-3.552713678800501e-15
5244,True,18,2,74,0.4,-36,32,0.4,-8,0,1,True,1,0.5888888888888889,0.4085683597333051,8.000000000000004,8.0,-3.552713678800501e-15
5246,True,17,2,25,1.0,25,26,0.2,26,1,6,True,0,0.6235294117647059,0.4115966043420212,25.0,26.0,1.0
5247,True,21,4,23,1.0,23,43,0.5,8,0,1,False,0,0.7238095238095238,0.2998412278269316,23.0,25.5,2.5
5248,True,17,2,87,0.2,7,30,0.75,4,1,2,False,0,0.4352941176470588,0.3408466966074856,23.000000000000004,23.5,0.49999999999999645
5250,False,17,1,-7,1.0,-7,-10,0.8,-12,1,8,False,0,0.3058823529411764,0.3472581680740104,-7.0,-10.399999999999999,-3.3999999999999986
5250,True,17,4,-7,1.0,-7,-10,0.8,-12,1,8,False,0,0.2,0.2449489742783178,-7.0,-10.399999999999999,-3.3999999999999986
5252,True,17,2,13,1.0,13,62,0.5,-33,0,1,False,0,0.4352941176470589,0.3481041088356115,13.0,14.5,1.5
5254,False,17,1,14,0.2,1,31,0.6,-37,2,2,True,0,0.5176470588235293,0.3539690913724796,3.6000000000000005,3.799999999999997,0.19999999999999662
5254,True,16,2,14,0.2,1,31,0.6,-37,2,2,True,0,0.65,0.3306559138036598,3.6000000000000005,3.799999999999997,0.19999999999999662
5255,True,17,2,20,1.0,20,49,0.4,-1,0,1,False,0,0.3529411764705883,0.3203857968504993,20.0,19.0,-1.0
5259,True,17,5,34,0.8,-17,26,0.99,4,0,1,False,0,0.7176470588235294,0.2743977362280142,23.800000000000004,25.779999999999998,1.9799999999999933
5260,True,20,4,3,1.0,3,3,0.4,2,0,1,False,0,0.26,0.3250910803548996,3.0,2.4000000000000004,-0.5999999999999996
5262,True,19,3,22,1.0,22,45,0.6,-13,1,2,True,0,0.6210526315789474,0.3765028365961036,22.0,21.8,-0.1999999999999993
5263,True,17,5,26,0.99,26,67,0.6,-30,0,1,False,0,0.3294117647058825,0.3077432084594901,26.0,28.199999999999996,2.1999999999999957
5267,True,17,4,30,0.25,11,16,1.0,16,3,5,False,0,0.4823529411764706,0.3811746550428803,15.75,16.0,0.25
5268,True,17,2,2,0.95,-37,13,0.05,-2,2,4,False,0,0.5764705882352941,0.3733788487660788,0.04999999999999827,-1.25,-1.2999999999999983
5270,True,17,4,-1,1.0,-1,10,0.8,-42,0,1,False,0,0.6588235294117647,0.3143620991973502,-1.0,-0.3999999999999986,0.6000000000000014
5272,False,16,1,27,1.0,27,49,0.5,-1,0,1,False,0,0.3875000000000001,0.3383784863137726,27.0,24.0,-3.0
5272,True,30,5,27,1.0,27,49,0.5,-1,0,1,False,0,0.52,0.3986183032979518,27.0,24.0,-3.0
5273,True,18,4,0,1.0,0,1,0.99,-7,2,4,False,0,0.6666666666666666,0.3940737464575112,0.0,0.9199999999999999,0.9199999999999999
5276,True,17,3,23,1.0,23,23,0.5,17,0,1,False,0,0.1058823529411764,0.2135140166221357,23.0,20.0,-3.0
5278,True,31,4,2,1.0,2,52,0.25,-16,0,1,True,0,0.5612903225806452,0.3441680009867649,2.0,1.0,-1.0
5280,True,16,3,37,0.01,11,8,0.95,8,1,6,False,0,0.0875,0.1784189825476351,11.26,8.0,-3.26
5285,True,16,4,18,0.8,15,22,0.9,1,1,8,True,0,0.7374999999999999,0.3630886025935451,17.4,19.900000000000002,2.5000000000000036
5286,True,16,5,-7,0.95,-12,77,0.05,-11,3,2,False,0,0.6125000000000002,0.3537890143385839,-7.25,-6.6,0.6500000000000004
5290,True,16,4,13,1.0,13,21,0.05,15,3,2,False,0,0.95,0.1549193338482966,13.0,15.3,2.3000000000000007
5291,True,16,3,10,0.6,-5,27,0.01,1,1,8,True,-1,0.6249999999999999,0.3255764119219941,4.0,1.26,-2.74
5292,True,17,3,-5,0.95,-5,5,0.6,-22,1,2,False,0,0.6117647058823529,0.3966773766885005,-5.0,-5.800000000000001,-0.8000000000000007
5298,True,16,3,10,1.0,10,13,0.9,-35,0,1,False,0,0.4625,0.3703601850451351,10.0,8.200000000000003,-1.7999999999999972
5300,True,16,3,-5,1.0,-5,6,0.6,-13,1,2,True,0,0.8624999999999999,0.2390955178723906,-5.0,-1.6000000000000005,3.3999999999999995
5301,True,15,5,42,0.5,-38,50,0.4,-29,0,1,False,0,0.4533333333333333,0.2972893411828826,2.0,2.6000000000000014,0.6000000000000014
5303,True,16,4,26,0.01,-5,-5,1.0,-5,0,1,False,0,0.075,0.161245154965971,-4.69,-5.0,-0.3099999999999996
5304,True,15,4,26,1.0,26,39,0.25,26,0,1,False,0,0.8533333333333333,0.2669046557070431,26.0,29.25,3.25
5306,True,15,2,19,0.01,2,10,0.4,-2,3,6,False,0,0.2133333333333333,0.2199567056967174,2.17,2.8,0.6299999999999999
5307,False,15,1,21,1.0,21,54,0.5,-16,2,4,False,0,0.2533333333333333,0.341983012666391,21.0,19.0,-2.0
5308,False,15,1,4,1.0,4,4,0.95,-20,0,1,False,0,0.2133333333333332,0.3159264531651691,4.0,2.799999999999999,-1.200000000000001
5310,True,17,5,10,1.0,10,9,0.05,7,0,1,False,0,0.1411764705882353,0.2209604702469758,10.0,7.1,-2.9000000000000004
5311,True,16,5,-3,1.0,-3,21,0.01,0,0,1,True,0,0.9625,0.0806225774829854,-3.0,0.21,3.21
5312,True,17,3,24,1.0,24,25,0.95,20,1,2,False,0,0.6588235294117647,0.392203428607865,24.0,24.75,0.75
5314,True,16,4,44,0.05,15,15,0.2,14,1,6,True,0,0.3375,0.3242941051987634,16.45,14.200000000000001,-2.2499999999999982
5315,True,17,2,15,0.9,-45,20,0.1,10,0,1,True,-1,0.8823529411764706,0.1878672873255448,9.0,11.0,2.0
5317,True,17,3,16,1.0,16,20,0.75,16,0,1,False,0,0.7647058823529411,0.2760008525136023,16.0,19.0,3.0
5318,True,17,5,-4,1.0,-4,61,0.01,-3,0,1,True,0,0.9176470588235296,0.2007339474206064,-4.0,-2.36,1.6400000000000001
5319,True,18,3,106,0.01,8,44,0.25,-4,1,4,False,0,0.4111111111111112,0.3724148365163723,8.98,8.0,-0.9800000000000004
5321,False,15,1,45,0.4,-7,64,0.05,11,1,6,False,0,0.8666666666666667,0.1951800145897066,13.8,13.649999999999999,-0.15000000000000213
5325,False,16,1,108,0.1,18,27,1.0,27,0,1,False,0,0.375,0.4123105625617661,27.0,27.0,0.0
5327,False,16,1,27,1.0,27,38,0.4,18,3,6,False,0,0.4125,0.3685557397915997,27.0,26.0,-1.0
5327,True,15,5,27,1.0,27,38,0.4,18,3,6,False,0,0.52,0.3609511245109431,27.0,26.0,-1.0
5328,False,16,1,14,1.0,14,34,0.75,-43,0,1,False,0,0.3750000000000001,0.3492849839314596,14.0,14.75,0.75
5329,False,17,1,11,1.0,11,13,0.2,9,1,2,True,0,0.5882352941176471,0.3638034375544994,11.0,9.8,-1.1999999999999993
5329,True,16,4,11,1.0,11,13,0.2,9,1,2,True,0,0.4125,0.4096746676734276,11.0,9.8,-1.1999999999999993
5330,True,16,4,28,0.25,7,17,0.95,-18,0,1,False,0,0.4875,0.372155881318568,12.25,15.249999999999998,2.9999999999999982
5331,True,17,5,12,1.0,12,23,0.8,-29,0,1,False,0,0.5647058823529412,0.3757345746510897,12.0,12.600000000000003,0.6000000000000032
5332,False,15,1,-5,0.95,-17,38,0.4,-37,0,1,True,1,0.5733333333333334,0.4061433010064071,-5.6000000000000005,-6.999999999999998,-1.3999999999999977
5332,True,15,3,-5,0.95,-17,38,0.4,-37,0,1,True,1,0.6666666666666664,0.3265986323710904,-5.6000000000000005,-6.999999999999998,-1.3999999999999977
5333,True,31,3,20,0.2,-4,19,0.6,-22,1,8,False,0,0.5483870967741934,0.361359440393205,0.7999999999999998,2.5999999999999996,1.7999999999999998
5336,True,19,3,8,0.25,-9,12,0.2,-5,0,1,False,0,0.6842105263157896,0.3354319899518245,-4.75,-1.5999999999999996,3.1500000000000004
5337,True,16,5,84,0.1,-18,-10,0.8,-12,0,1,False,0,0.6249999999999999,0.3492849839314596,-7.799999999999999,-10.399999999999999,-2.5999999999999996
5340,True,16,2,0,0.75,0,26,0.5,-32,0,1,False,0,0.6,0.3651483716701107,0.0,-3.0,-3.0
5341,True,30,4,19,1.0,19,68,0.05,15,2,2,False,0,0.6133333333333333,0.409990187715497,19.0,17.65,-1.3500000000000014
5342,True,33,4,10,1.0,10,10,0.95,-25,2,7,False,0,0.4666666666666667,0.4349329450233296,10.0,8.249999999999998,-1.7500000000000018
5344,False,16,1,11,1.0,11,11,1.0,11,2,3,False,0,0.4,0.4676180777800049,11.0,11.0,0.0
5347,False,15,1,15,1.0,15,66,0.05,15,0,1,False,0,0.68,0.3764495792457281,15.0,17.55,2.5500000000000007
5347,True,15,3,15,1.0,15,66,0.05,15,0,1,False,0,0.6666666666666666,0.4386125310350269,15.0,17.55,2.5500000000000007
5349,False,15,1,-6,1.0,-6,80,0.05,-7,3,4,True,0,0.9866666666666668,0.0516397779494322,-6.0,-2.6499999999999995,3.3500000000000005
5352,True,18,5,7,1.0,7,9,0.5,5,3,4,False,0,0.5,0.358099558946457,7.0,7.0,0.0
5356,True,15,5,28,1.0,28,38,0.5,22,0,1,False,0,0.6799999999999999,0.360951124510943,28.0,30.0,2.0
5357,True,16,5,7,1.0,7,18,0.75,-35,0,1,False,0,0.4875,0.3095695936834451,7.0,4.75,-2.25
5360,True,17,3,18,1.0,18,87,0.01,16,1,8,False,0,0.426890756302521,0.4028559508892314,18.0,16.71,-1.2899999999999991
5361,True,17,3,20,1.0,20,31,0.25,16,0,1,True,0,0.6823529411764706,0.3539690913724796,20.0,19.75,-0.25
5364,False,16,1,12,1.0,12,63,0.05,10,0,1,False,0,0.5750000000000001,0.4057914078275521,12.0,12.65,0.6500000000000004
5367,True,17,5,10,1.0,10,11,0.75,-6,0,1,False,0,0.1176470588235294,0.2833621669296358,10.0,6.75,-3.25
5369,True,18,2,17,1.0,17,23,0.6,0,3,5,False,0,0.3444444444444444,0.4161761818978652,17.0,13.799999999999999,-3.200000000000001
5370,True,17,5,48,0.05,14,16,1.0,16,0,1,False,0,0.3529411764705883,0.3572772856249462,15.7,16.0,0.3000000000000007
5371,True,19,2,-9,1.0,-9,11,0.2,-16,0,1,False,0,0.6,0.410960933531265,-9.0,-10.600000000000001,-1.6000000000000014
5376,True,17,5,4,0.95,2,4,1.0,4,0,1,False,0,0.9176470588235294,0.2351470128389021,3.9,4.0,0.10000000000000009
5377,True,16,4,7,1.0,7,37,0.05,3,0,1,True,0,0.6625,0.4364630568559039,7.0,4.699999999999999,-2.3000000000000007
5379,True,15,4,44,0.5,-44,29,0.6,-39,0,1,False,0,0.5599999999999999,0.4355620342893601,0.0,1.7999999999999972,1.7999999999999972
5380,True,16,4,-4,1.0,-4,31,0.4,-26,0,1,False,0,0.5625,0.3593976442141304,-4.0,-3.1999999999999993,0.8000000000000007
5381,True,17,2,47,0.01,30,29,0.99,-3,1,6,False,0,0.1176470588235294,0.2128241472367711,30.169999999999998,28.68,-1.4899999999999984
5382,True,17,4,12,1.0,12,44,0.25,2,0,1,False,0,0.5764705882352941,0.2727851988394574,12.0,12.5,0.5
5384,True,17,4,53,0.5,-13,85,0.2,5,1,2,False,1,0.6235294117647059,0.3382480815997075,20.0,21.0,1.0
5386,True,17,2,103,0.2,5,60,0.1,19,1,4,False,0,0.4470588235294118,0.3970479301337931,24.6,23.1,-1.5
5388,True,18,2,118,0.2,-12,87,0.2,-3,0,1,False,0,0.4777777777777778,0.4066441652405491,14.0,15.000000000000002,1.0000000000000018
5389,False,15,1,97,0.2,-3,16,0.99,-36,2,7,False,0,0.8,0.2390457218668787,17.0,15.48,-1.5199999999999996
5389,True,15,4,97,0.2,-3,16,0.99,-36,2,7,False,0,0.7733333333333333,0.2711527420547495,17.0,15.48,-1.5199999999999996
5390,False,15,1,-7,1.0,-7,46,0.1,-12,1,6,False,0,0.7561904761904761,0.3210526902736883,-7.0,-6.2,0.7999999999999998
5390,True,16,4,-7,1.0,-7,46,0.1,-12,1,6,False,0,0.7125000000000001,0.3263433774416144,-7.0,-6.2,0.7999999999999998
5395,True,16,2,9,0.9,-13,19,0.4,2,0,1,False,-1,0.9,0.1788854381999832,6.8,8.8,2.000000000000001
5401,True,16,2,16,0.9,-15,13,1.0,13,1,6,False,0,0.6125,0.3964425136973413,12.9,13.0,0.09999999999999964
5405,True,16,2,-8,1.0,-8,1,0.1,-11,0,1,False,0,0.2375,0.2655183609470351,-8.0,-9.8,-1.8000000000000007
5406,True,17,3,17,0.25,-7,11,0.5,-13,2,3,False,0,0.5882352941176471,0.2781239672816252,-1.0,-1.0,0.0
5409,False,16,1,29,1.0,29,63,0.05,26,1,4,True,0,0.725,0.3785938897200183,29.0,27.85,-1.1499999999999986
5409,True,16,4,29,1.0,29,63,0.05,26,1,4,True,0,0.6000000000000001,0.4381780460041329,29.0,27.85,-1.1499999999999986
5411,True,17,3,1,0.9,-37,-3,1.0,-3,1,4,False,0,0.1529411764705882,0.1940285000290664,-2.7999999999999994,-3.0,-0.20000000000000062
5413,True,19,4,26,1.0,26,53,0.25,16,0,1,False,0,0.4421052631578946,0.4032035458861996,26.0,25.25,-0.75
5414,False,16,1,-5,1.0,-5,7,0.1,-6,2,7,False,0,0.7625,0.3283798613394758,-5.0,-4.7,0.2999999999999998
5414,True,15,2,-5,1.0,-5,7,0.1,-6,2,7,False,0,0.8666666666666667,0.2992052966172383,-5.0,-4.7,0.2999999999999998
5418,False,15,1,70,0.25,10,31,0.9,-21,0,1,False,0,0.2666666666666666,0.3598941643369749,25.0,25.800000000000004,0.8000000000000043
5419,True,17,4,21,1.0,21,25,0.75,6,0,1,False,0,0.3647058823529412,0.3888141851684879,21.0,20.25,-0.75
5420,True,16,2,4,1.0,4,110,0.2,-24,1,6,False,0,0.275,0.3855731664245667,4.0,2.799999999999997,-1.2000000000000028
5421,True,16,4,10,1.0,10,29,0.25,2,2,4,False,0,0.4625,0.3324154027718932,10.0,8.75,-1.25
5426,True,16,2,42,0.4,-8,42,0.2,8,2,5,False,-1,0.85,0.2966479394838265,12.0,14.8,2.8000000000000007
5430,True,16,4,29,0.99,15,63,0.05,29,3,5,False,0,0.8,0.3723797345005051,28.86,30.699999999999996,1.8399999999999963
5435,True,16,3,6,1.0,6,9,0.99,1,2,2,False,0,0.8125,0.3304037933599835,6.0,8.92,2.92
5437,True,16,3,-2,1.0,-2,-2,1.0,-2,1,4,False,0,0.4875,0.4318564576337837,-2.0,-2.0,0.0
5438,True,15,5,47,0.2,18,56,0.5,-14,1,6,False,0,0.1866666666666666,0.2669046557070432,23.8,21.0,-2.8000000000000007
5439,True,16,2,113,0.25,-23,114,0.25,-22,2,4,False,0,0.4875,0.3862210075418822,11.0,12.0,1.0
5441,True,15,5,-9,1.0,-9,51,0.01,-9,0,1,False,0,0.76,0.3794733192202055,-9.0,-8.4,0.5999999999999996
5443,True,17,2,-1,1.0,-1,23,0.4,-14,1,2,False,0,0.7176470588235294,0.3321055820775357,-1.0,0.8000000000000007,1.8000000000000007
5446,True,17,5,73,0.4,1,54,0.1,28,1,6,False,0,0.4941176470588236,0.3543843045256345,29.800000000000004,30.6,0.7999999999999972
5448,False,15,1,9,1.0,9,81,0.1,2,0,1,False,0,0.3466666666666667,0.3739111175259754,9.0,9.9,0.9000000000000004
5448,True,15,4,9,1.0,9,81,0.1,2,0,1,False,0,0.5866666666666667,0.4307247491424304,9.0,9.9,0.9000000000000004
5453,True,18,2,9,1.0,9,32,0.2,7,3,3,False,0,0.5666666666666667,0.3955636336106924,9.0,12.0,3.0
5455,False,16,1,81,0.05,20,82,0.25,3,3,3,False,0,0.35,0.3829708431025352,23.05,22.75,-0.3000000000000007
5459,True,18,5,-9,1.0,-9,-9,1.0,-9,1,8,False,0,0.7333333333333334,0.3940737464575112,-9.0,-9.0,0.0
5465,True,18,4,3,1.0,3,71,0.05,1,0,1,False,0,0.5666666666666667,0.4563280553698699,3.0,4.5,1.5
5470,False,18,1,14,0.75,-11,10,0.2,8,0,1,True,0,0.7888888888888889,0.2948357247267763,7.75,8.4,0.6500000000000004
5470,True,16,2,14,0.75,-11,10,0.2,8,0,1,True,0,0.6749999999999999,0.3492849839314596,7.75,8.4,0.6500000000000004
5474,False,18,1,42,0.6,-5,24,0.95,16,0,1,True,0,0.5444444444444445,0.3745149368296233,23.2,23.599999999999998,0.3999999999999986
5474,True,16,5,42,0.6,-5,24,0.95,16,0,1,True,0,0.4125,0.3757215280851852,23.2,23.599999999999998,0.3999999999999986
5475,True,17,3,25,0.4,7,49,0.05,13,1,6,False,-1,0.5411764705882353,0.392203428607865,14.2,14.8,0.6000000000000014
5478,True,17,4,36,0.25,-8,6,0.75,-8,0,1,True,-1,0.4470588235294117,0.3970479301337931,3.0,2.5,-0.5
5480,True,33,4,17,1.0,17,42,0.2,7,1,2,False,0,0.496969696969697,0.4096376817420857,17.0,14.0,-3.0
5483,True,19,4,7,0.4,4,24,0.01,2,0,1,False,0,0.2210526315789474,0.2973567766700113,5.2,2.2199999999999998,-2.9800000000000004
5485,True,18,2,104,0.1,14,23,1.0,23,1,4,False,0,0.4666666666666667,0.3757345746510897,23.0,23.0,0.0
5490,True,16,2,26,0.8,-15,27,0.8,-29,0,1,False,0,0.2500000000000001,0.3759432581299117,17.8,15.800000000000002,-1.9999999999999982
5492,True,16,3,14,1.0,14,41,0.05,14,1,2,False,0,0.975,0.1,14.0,15.35,1.3499999999999996
5493,True,16,2,95,0.4,-13,31,0.99,31,1,2,False,0,0.5625,0.2941088233970548,30.2,31.0,0.8000000000000007
5494,True,16,4,17,1.0,17,64,0.1,13,0,1,False,0,0.55,0.4531372124791048,17.0,18.1,1.1000000000000014
5495,False,15,1,16,1.0,16,92,0.1,8,0,1,False,0,0.6533333333333334,0.4033195589934447,16.0,16.400000000000002,0.40000000000000213
5495,True,16,5,16,1.0,16,92,0.1,8,0,1,False,0,0.5875,0.3757215280851853,16.0,16.400000000000002,0.40000000000000213
5497,True,17,2,30,1.0,30,57,0.6,-11,0,1,True,0,0.4176470588235294,0.3206152174290217,30.0,29.799999999999997,-0.20000000000000284
5498,True,18,2,1,1.0,1,14,0.5,-14,2,4,False,0,0.6222222222222222,0.3209463131860412,1.0,0.0,-1.0
5499,False,16,1,11,0.01,-7,30,0.05,-8,0,1,True,-1,0.8166666666666667,0.2748737083745107,-6.819999999999999,-6.1,0.7199999999999998
5499,True,15,4,11,0.01,-7,30,0.05,-8,0,1,True,-1,0.6000000000000001,0.3295017884191655,-6.819999999999999,-6.1,0.7199999999999998
5501,False,32,1,12,1.0,12,63,0.2,1,0,1,False,0,0.49375,0.2827714225648604,12.0,13.400000000000002,1.4000000000000021
5501,True,32,4,12,1.0,12,63,0.2,1,0,1,False,0,0.5750000000000001,0.3546920518039603,12.0,13.400000000000002,1.4000000000000021
5502,True,16,5,19,1.0,19,18,0.99,-10,1,6,False,0,0.1125,0.2061552812808829,19.0,17.72,-1.2800000000000011
5506,True,16,4,24,0.95,4,66,0.01,21,2,6,False,0,0.75,0.3759432581299116,22.999999999999996,21.45,-1.5499999999999972
5507,False,18,1,46,0.01,5,5,0.95,-12,1,2,False,0,0.2444444444444445,0.3535071714427275,5.41,4.1499999999999995,-1.2600000000000007
5507,True,16,2,46,0.01,5,5,0.95,-12,1,2,False,0,0.175,0.2816617356570348,5.41,4.1499999999999995,-1.2600000000000007
5508,True,16,5,19,0.75,10,50,0.25,9,0,1,False,0,0.475,0.4123105625617661,16.75,19.25,2.5
5511,False,18,1,-4,1.0,-4,3,0.6,-20,1,4,False,0,0.7,0.3834824944236852,-4.0,-6.2,-2.2
5511,True,15,4,-4,1.0,-4,3,0.6,-20,1,4,False,0,0.6399999999999999,0.4084815085865489,-4.0,-6.2,-2.2
5513,True,16,2,13,1.0,13,50,0.6,-42,1,2,False,0,0.6125,0.3461695153148719,13.0,13.2,0.1999999999999993
5514,False,16,1,33,0.75,9,31,0.6,28,0,1,False,0,0.4125,0.3685557397915997,27.0,29.799999999999997,2.799999999999997
5518,True,16,2,3,1.0,3,16,0.75,-26,0,1,True,0,0.4625,0.3480900266693469,3.0,5.5,2.5
5522,True,18,2,20,0.9,0,36,0.4,10,1,2,False,0,0.5222222222222221,0.4180565055468761,18.0,20.4,2.3999999999999986
5523,True,16,3,-2,0.6,-7,0,0.9,-22,0,1,False,0,0.6249999999999999,0.3714835124201342,-4.0,-2.1999999999999993,1.8000000000000007
5524,False,15,1,-3,1.0,-3,-5,0.1,-5,1,8,False,0,0.1066666666666666,0.2120197654757238,-3.0,-5.0,-2.0
5524,True,15,3,-3,1.0,-3,-5,0.1,-5,1,8,False,0,0.0933333333333333,0.2604026186687142,-3.0,-5.0,-2.0
5525,False,16,1,17,1.0,17,24,0.05,20,0,1,True,0,0.8375,0.3030401513551189,17.0,20.2,3.1999999999999993
5527,True,19,2,21,1.0,21,31,0.1,18,0,1,False,0,0.5385964912280702,0.4318011599282702,21.0,19.3,-1.6999999999999993
5529,True,16,5,20,0.5,-36,-9,0.99,-46,0,1,False,0,0.1875,0.212524508390601,-8.0,-9.370000000000001,-1.370000000000001
5530,True,16,3,-5,1.0,-5,60,0.1,-9,0,1,True,0,0.8625,0.2276693508870558,-5.0,-2.0999999999999996,2.9000000000000004
5531,False,16,1,86,0.5,-32,39,0.5,14,0,1,True,0,0.5375,0.3913651321549567,27.0,26.5,-0.5
5531,True,15,4,86,0.5,-32,39,0.5,14,0,1,True,0,0.6933333333333334,0.3844600418893019,27.0,26.5,-0.5
5532,True,17,3,35,0.75,-21,21,1.0,21,1,6,False,0,0.6235294117647059,0.3382480815997075,21.0,21.0,0.0
5534,False,16,1,13,0.75,1,35,0.5,-9,0,1,False,1,0.4625,0.3774917217635375,10.0,13.0,3.0
5537,True,17,3,3,1.0,3,15,0.8,-34,0,1,True,0,0.4470588235294117,0.3776864557056943,3.0,5.200000000000001,2.200000000000001
5538,True,17,5,31,0.4,-19,7,0.9,-43,0,1,False,-1,0.5411764705882354,0.3985266984930429,1.0,2.000000000000001,1.0000000000000009
5539,False,16,1,44,0.01,15,16,0.99,-21,0,1,True,1,0.1374999999999999,0.2276693508870558,15.29,15.629999999999999,0.33999999999999986
5539,True,15,4,44,0.01,15,16,0.99,-21,0,1,True,1,0.1466666666666666,0.2559761893688738,15.29,15.629999999999999,0.33999999999999986
5543,True,16,3,26,1.0,26,43,0.4,12,0,1,False,0,0.325,0.3172801075810878,26.0,24.4,-1.6000000000000014
5544,False,16,1,88,0.05,8,52,0.25,1,1,2,False,0,0.4604166666666666,0.349861083542851,12.0,13.75,1.75
5545,True,17,3,17,0.8,12,16,1.0,16,0,1,False,0,0.5058823529411763,0.40073461953532,16.0,16.0,0.0
5547,False,16,1,3,0.5,1,14,0.2,3,1,2,False,0,0.8250000000000002,0.2408318915758459,2.0,5.200000000000001,3.200000000000001
5547,True,16,3,3,0.5,1,14,0.2,3,1,2,False,0,0.9,0.1788854381999831,2.0,5.200000000000001,3.200000000000001
5549,True,17,3,-3,1.0,-3,103,0.05,-12,0,1,False,0,0.4117647058823529,0.3838657853683636,-3.0,-6.249999999999998,-3.2499999999999982
5551,True,16,3,26,1.0,26,79,0.5,-28,0,1,False,0,0.475,0.4374166587286467,26.0,25.5,-0.5
5552,True,16,2,17,1.0,17,59,0.05,13,1,4,True,0,0.6375,0.3810074364978545,17.0,15.3,-1.6999999999999993
5554,True,16,5,8,1.0,8,97,0.1,-2,0,1,False,0,0.2625,0.3480900266693469,8.0,7.900000000000001,-0.09999999999999876
5555,True,17,4,33,0.6,5,30,0.4,17,0,1,False,0,0.5529411764705883,0.3970479301337931,21.8,22.2,0.3999999999999986
5561,False,16,1,26,0.4,6,15,0.05,14,0,1,False,0,0.6125,0.3612478373637689,14.0,14.049999999999999,0.049999999999998934
5561,True,15,4,26,0.4,6,15,0.05,14,0,1,False,0,0.6533333333333334,0.3739111175259754,14.0,14.049999999999999,0.049999999999998934
5563,True,16,3,-9,1.0,-9,-2,0.2,-9,0,1,False,0,0.6875,0.3721558813185679,-9.0,-7.6000000000000005,1.3999999999999995
5564,True,32,5,19,1.0,19,84,0.2,6,0,1,True,0,0.5499999999999999,0.3556003556005334,19.0,21.6,2.6000000000000014
5566,True,18,3,5,1.0,5,50,0.4,-23,1,8,False,0,0.4111111111111112,0.3660422490704798,5.0,6.200000000000001,1.200000000000001
5570,True,18,4,30,0.1,20,106,0.01,22,1,6,True,-1,0.8444444444444446,0.252568504911445,21.0,22.84,1.8399999999999999
5571,False,16,1,-9,1.0,-9,38,0.01,-11,0,1,False,0,0.4375,0.3442382895611701,-9.0,-10.51,-1.5099999999999998
5571,True,15,5,-9,1.0,-9,38,0.01,-11,0,1,False,0,0.6,0.3927922024247863,-9.0,-10.51,-1.5099999999999998
5573,False,16,1,11,1.0,11,98,0.2,-12,3,7,False,0,0.4500000000000001,0.3966526608171605,11.0,10.0,-1.0
5573,True,15,5,11,1.0,11,98,0.2,-12,3,7,False,0,0.36,0.3942443042436649,11.0,10.0,-1.0
5574,True,17,5,9,0.99,-27,9,1.0,9,1,2,False,0,0.8352941176470589,0.2667891875399663,8.64,9.0,0.35999999999999943
5577,True,16,2,11,1.0,11,33,0.4,-7,0,1,True,0,0.475,0.3568379650952703,11.0,9.0,-2.0
5578,True,18,3,99,0.1,-19,77,0.2,-28,2,5,False,1,0.5290598290598292,0.3951018898275765,-7.200000000000001,-7.000000000000002,0.1999999999999993
5580,False,15,1,9,1.0,9,88,0.25,-14,0,1,False,0,0.3200000000000001,0.4262795863213318,9.0,11.5,2.5
5580,True,16,4,9,1.0,9,88,0.25,-14,0,1,False,0,0.35,0.3687817782917155,9.0,11.5,2.5
5581,True,16,4,66,0.25,-34,-7,0.99,-12,1,8,False,0,0.4750000000000001,0.3255764119219941,-9.0,-7.05,1.9500000000000002
5582,True,17,5,61,0.1,3,9,1.0,9,0,1,False,0,0.5176470588235295,0.4530939390976874,8.8,9.0,0.1999999999999993
5585,True,16,2,20,1.0,20,62,0.25,5,1,2,False,0,0.4125,0.4096746676734276,20.0,19.25,-0.75
5586,False,15,1,16,1.0,16,40,0.6,-12,0,1,False,0,0.3200000000000001,0.4262795863213317,16.0,19.2,3.1999999999999993
5589,False,15,1,24,1.0,24,30,0.75,0,2,2,True,0,0.3066666666666667,0.3534860406754147,24.0,22.5,-1.5
5589,True,16,3,24,1.0,24,30,0.75,0,2,2,True,0,0.3875000000000001,0.3757215280851853,24.0,22.5,-1.5
5590,True,16,3,7,0.5,-21,23,0.05,-10,0,1,False,0,0.5249999999999999,0.3492849839314596,-7.0,-8.35,-1.3499999999999996
5591,True,17,5,3,1.0,3,8,0.95,-33,1,8,False,0,0.7803921568627451,0.2884486338658669,3.0,5.949999999999998,2.9499999999999984
5592,True,16,3,32,0.6,-10,27,0.6,1,2,2,False,0,0.725,0.3,15.2,16.599999999999998,1.3999999999999986
5593,True,18,4,24,1.0,24,82,0.2,13,0,1,False,0,0.5222222222222221,0.4291654768687106,24.0,26.800000000000004,2.8000000000000043
5596,True,16,3,39,0.1,20,20,0.8,19,0,1,False,-1,0.2625,0.3981205847478877,21.9,19.799999999999997,-2.1000000000000014
5598,True,19,3,47,0.6,-20,18,0.99,16,0,1,False,1,0.8105263157894737,0.3089313782884932,20.2,17.98,-2.219999999999999
5601,True,17,2,92,0.05,24,27,1.0,27,0,1,False,0,0.4,0.4242640687119285,27.4,27.0,-0.3999999999999986
5607,False,16,1,18,0.4,-24,-7,1.0,-7,2,8,False,0,0.525,0.4250490167812021,-7.199999999999998,-7.0,0.1999999999999984
5608,True,16,5,37,0.01,28,57,0.25,22,2,4,True,0,0.6375,0.3442382895611701,28.09,30.75,2.66
5610,True,19,5,29,1.0,29,40,0.5,16,0,1,False,0,0.4210526315789473,0.3881279104287672,29.0,28.0,-1.0
5611,True,16,4,-7,0.95,-31,3,0.8,-44,0,1,True,0,0.5375000000000001,0.3774917217635375,-8.200000000000001,-6.399999999999997,1.8000000000000043
5613,False,16,1,13,1.0,13,44,0.25,1,0,1,False,0,0.4375,0.4080441152620633,13.0,11.75,-1.25
5613,True,17,5,13,1.0,13,44,0.25,1,0,1,False,0,0.4470588235294118,0.4032952501871667,13.0,11.75,-1.25
5614,False,16,1,-10,1.0,-10,-4,0.01,-13,0,1,False,0,0.15,0.2250925735484551,-10.0,-12.909999999999998,-2.9099999999999984
5614,True,16,4,-10,1.0,-10,-4,0.01,-13,0,1,False,0,0.1,0.1460593486680443,-10.0,-12.909999999999998,-2.9099999999999984
5618,False,16,1,113,0.2,-17,13,0.5,10,1,2,False,1,0.8,0.3502380143083653,9.0,11.5,2.5
5618,True,16,3,113,0.2,-17,13,0.5,10,1,2,False,1,0.6749999999999999,0.3785938897200182,9.0,11.5,2.5
5619,True,18,4,41,0.25,9,31,0.4,13,1,6,False,0,0.5444444444444445,0.4161761818978652,17.0,20.2,3.1999999999999993
5620,True,16,4,8,0.5,-20,38,0.4,-36,0,1,False,0,0.4375,0.2753785273643051,-6.0,-6.399999999999997,-0.3999999999999968
5621,True,16,5,9,1.0,9,24,0.1,5,0,1,False,0,0.5125,0.4379878232706171,9.0,6.9,-2.0999999999999996
5622,True,17,3,-7,1.0,-7,14,0.6,-45,0,1,False,0,0.5882352941176471,0.2781239672816253,-7.0,-9.6,-2.5999999999999996
5623,False,16,1,26,0.1,17,45,0.01,21,0,1,False,0,0.8374999999999999,0.2848976424378879,17.900000000000002,21.24,3.3399999999999963
5623,True,15,2,26,0.1,17,45,0.01,21,0,1,False,0,0.8,0.2507132682112035,17.900000000000002,21.24,3.3399999999999963
5624,False,16,1,1,0.99,-37,1,1.0,1,2,3,False,0,0.675,0.3991657967979388,0.6199999999999997,1.0,0.38000000000000034
5624,True,15,5,1,0.99,-37,1,1.0,1,2,3,False,0,0.7200000000000001,0.2366431913239846,0.6199999999999997,1.0,0.38000000000000034
5626,True,17,3,4,1.0,4,36,0.05,2,0,1,True,0,0.5176470588235295,0.3745585637080786,4.0,3.7,-0.2999999999999998
5627,False,16,1,30,0.8,22,70,0.5,-7,3,5,False,0,0.2125,0.2247220505424423,28.4,31.5,3.1000000000000014
5627,True,15,3,30,0.8,22,70,0.5,-7,3,5,False,0,0.5599999999999999,0.386929303250976,28.4,31.5,3.1000000000000014
5628,True,16,3,-4,1.0,-4,50,0.2,-17,1,4,False,0,0.45,0.3687817782917156,-4.0,-3.6000000000000014,0.3999999999999986
5629,True,16,3,27,1.0,27,70,0.5,-18,0,1,True,0,0.2875,0.2729468812791236,27.0,26.0,-1.0
5631,True,16,5,0,0.25,-1,63,0.01,1,1,4,False,1,0.9,0.2190890230020664,-0.75,1.62,2.37
5632,True,16,5,6,1.0,6,11,0.9,-45,0,1,False,0,0.4375,0.3442382895611701,6.0,5.400000000000001,-0.5999999999999988
5633,True,16,2,11,1.0,11,8,0.99,6,0,1,True,0,0.0875,0.1454876856186346,11.0,7.98,-3.0199999999999996
5637,False,15,1,11,1.0,11,18,0.75,-7,0,1,False,0,0.2533333333333333,0.192230020944651,11.0,11.75,0.75
5641,False,16,1,4,1.0,4,7,0.01,3,0,1,False,0,0.5249999999999999,0.4123105625617661,4.0,3.0399999999999996,-0.9600000000000004
5643,True,16,4,13,1.0,13,73,0.01,9,1,6,False,0,0.3750000000000001,0.3714835124201341,13.0,9.64,-3.3599999999999994
5644,False,15,1,3,1.0,3,17,0.75,-41,0,1,False,0,0.6,0.3779644730092272,3.0,2.5,-0.5
5644,True,15,4,3,1.0,3,17,0.75,-41,0,1,False,0,0.5733333333333335,0.3283436063174123,3.0,2.5,-0.5
5646,False,15,1,9,1.0,9,15,0.25,6,1,8,False,0,0.4133333333333334,0.39617216074881,9.0,8.25,-0.75
5647,True,19,5,12,1.0,12,11,0.25,11,1,4,False,0,0.2526315789473685,0.3517707919348614,12.0,11.0,-1.0
5649,True,16,5,14,0.25,-10,66,0.01,-3,1,6,False,-1,0.7,0.3098386676965933,-4.0,-2.3099999999999996,1.6900000000000004
5650,True,16,4,30,1.0,30,84,0.4,-10,2,4,True,0,0.35,0.3386246693120078,30.0,27.6,-2.3999999999999986
5654,True,16,3,20,1.0,20,25,0.8,7,1,8,False,0,0.625,0.3714835124201342,20.0,21.4,1.3999999999999986
5655,True,16,2,-10,1.0,-10,68,0.05,-12,1,8,False,0,0.5375000000000001,0.3403429642777022,-10.0,-7.999999999999998,2.0000000000000018
5656,True,17,3,12,1.0,12,41,0.01,9,2,2,False,0,0.5411764705882354,0.3985266984930429,12.0,9.32,-2.6799999999999997
5657,True,18,4,11,0.9,-47,6,0.95,0,0,1,False,0,0.6555555555555554,0.3617314932413466,5.200000000000001,5.699999999999999,0.4999999999999982
5658,False,15,1,-9,1.0,-9,3,0.01,-8,0,1,True,0,0.8666666666666667,0.2581988897471611,-9.0,-7.89,1.1100000000000003
5658,True,15,5,-9,1.0,-9,3,0.01,-8,0,1,True,0,0.7999999999999999,0.3295017884191656,-9.0,-7.89,1.1100000000000003
5659,False,15,1,67,0.25,-2,50,0.2,6,0,1,False,0,0.7066666666666668,0.3453086955726647,15.25,14.8,-0.4499999999999993
5660,True,16,4,29,0.99,-4,39,0.2,28,2,4,True,1,0.7000000000000001,0.3651483716701108,28.67,30.200000000000003,1.5300000000000011
5662,False,15,1,17,1.0,17,58,0.5,-28,0,1,False,0,0.5066666666666667,0.4061433010064071,17.0,15.0,-2.0
5662,True,15,3,17,1.0,17,58,0.5,-28,0,1,False,0,0.4133333333333333,0.4103424818136094,17.0,15.0,-2.0
5663,True,18,3,29,1.0,29,34,0.2,29,3,5,True,0,0.7222222222222222,0.3828001406901757,29.0,30.000000000000004,1.0000000000000036
5664,True,16,3,11,0.05,-3,-2,1.0,-2,0,1,False,0,0.1875,0.3222318006239194,-2.3,-2.0,0.2999999999999998
5666,True,17,5,8,1.0,8,20,0.8,-34,2,6,False,0,0.5294117647058824,0.3670229997601529,8.0,9.200000000000001,1.200000000000001
5671,True,17,4,18,1.0,18,22,0.6,17,3,6,False,0,0.4470588235294118,0.3710081654405053,18.0,20.0,2.0
5673,True,16,3,12,1.0,12,43,0.4,-5,0,1,False,0,0.4,0.3265986323710904,12.0,14.2,2.1999999999999993
5676,True,16,2,-1,1.0,-1,11,0.2,-7,3,3,False,0,0.4875,0.3930648801406709,-1.0,-3.4000000000000004,-2.4000000000000004
5678,False,15,1,19,1.0,19,26,0.4,18,1,2,False,0,0.7333333333333335,0.3829708431025353,19.0,21.2,2.1999999999999993
5678,True,15,5,19,1.0,19,26,0.4,18,1,2,False,0,0.7599999999999999,0.3480558247506528,19.0,21.2,2.1999999999999993
5681,True,16,4,57,0.05,6,8,0.9,-18,0,1,False,0,0.275,0.3415650255319866,8.549999999999999,5.4,-3.1499999999999986
5683,True,18,5,8,0.95,-3,19,0.25,4,0,1,True,0,0.7333333333333333,0.3360672201667224,7.449999999999999,7.75,0.3000000000000007
5684,True,17,2,-2,1.0,-2,12,0.05,-1,0,1,False,0,0.9058823529411764,0.2561020017378186,-2.0,-0.34999999999999987,1.6500000000000001
5686,True,32,2,75,0.25,-21,9,0.9,-20,0,1,False,0,0.54375,0.4317537380528171,3.0,6.1,3.0999999999999996
5688,True,16,5,3,1.0,3,3,1.0,3,3,4,False,0,0.6125,0.389657969677682,3.0,3.0,0.0
5694,True,18,4,26,1.0,26,48,0.1,25,2,5,False,0,0.7666666666666666,0.3307744922237541,26.0,27.3,1.3000000000000007
5695,True,16,2,78,0.05,27,34,0.95,0,1,8,False,0,0.5875,0.3964425136973413,29.549999999999997,32.3,2.75
5696,False,16,1,-8,1.0,-8,42,0.01,-6,1,8,False,0,0.7125000000000001,0.3862210075418822,-8.0,-5.52,2.4800000000000004
5698,True,16,2,18,1.0,18,27,0.8,-19,2,5,False,0,0.5375,0.4303099657998484,18.0,17.800000000000004,-0.19999999999999574
5699,True,16,5,28,1.0,28,37,0.05,29,0,1,False,0,0.8250000000000001,0.2516611478423583,28.0,29.4,1.3999999999999986
5703,True,16,5,0,1.0,0,-1,0.95,-20,0,1,True,0,0.1875,0.2680174123696692,0.0,-1.9500000000000008,-1.9500000000000008
5705,True,16,5,11,0.75,-16,4,0.9,-8,0,1,True,0,0.325,0.4123105625617659,4.25,2.8000000000000003,-1.4499999999999997
5706,False,16,1,47,0.5,-27,16,0.75,2,0,1,False,-1,0.6749999999999999,0.3415650255319866,10.0,12.5,2.5
5707,True,18,5,-10,1.0,-10,11,0.6,-45,1,6,False,0,0.7,0.358099558946457,-10.0,-11.4,-1.4000000000000004
5709,True,17,5,0,1.0,0,44,0.5,-38,0,1,True,0,0.4,0.3391164991562634,0.0,3.0,3.0
5710,False,16,1,12,0.25,8,17,0.8,-15,1,2,False,0,0.3875000000000001,0.3757215280851853,9.0,10.600000000000001,1.6000000000000014
5710,True,16,3,12,0.25,8,17,0.8,-15,1,2,False,0,0.325,0.3255764119219941,9.0,10.600000000000001,1.6000000000000014
5713,True,18,2,15,1.0,15,46,0.1,13,0,1,False,0,0.7333333333333333,0.3143620991973502,15.0,16.3,1.3000000000000007
5714,True,16,4,-7,0.8,-8,28,0.4,-34,0,1,False,0,0.4625,0.3913651321549567,-7.2,-9.199999999999998,-1.9999999999999973
5715,True,18,3,-5,1.0,-5,60,0.01,-8,2,2,False,0,0.5555555555555555,0.4147603450076317,-5.0,-7.32,-2.3200000000000003
5721,True,17,3,-6,1.0,-6,1,0.75,-15,0,1,True,0,0.5647058823529412,0.3408466966074856,-6.0,-3.0,3.0
5723,False,15,1,6,0.5,-6,57,0.01,-2,1,8,False,0,0.56,0.4222389303293981,0.0,-1.41,-1.41
5723,True,16,5,6,0.5,-6,57,0.01,-2,1,8,False,0,0.4375,0.3518996068956789,0.0,-1.41,-1.41
5727,True,18,2,17,0.75,-10,45,0.1,8,0,1,False,1,0.6555555555555554,0.3052910322611605,10.25,11.7,1.4499999999999993
5728,True,17,5,4,1.0,4,49,0.4,-26,0,1,False,0,0.2823529411764706,0.3395498750508662,4.0,4.000000000000002,1.7763568394002505e-15
5731,True,20,2,37,0.4,15,24,1.0,24,0,1,False,0,0.5599999999999999,0.3816860103885336,23.8,24.0,0.1999999999999993
5732,True,20,4,24,1.0,24,71,0.01,21,1,2,False,0,0.41,0.4024922359499621,24.0,21.5,-2.5
5733,True,17,2,17,1.0,17,24,0.8,-26,0,1,False,0,0.2941176470588235,0.2925546706072519,17.0,14.000000000000004,-2.9999999999999964
5736,True,19,3,24,1.0,24,24,1.0,24,2,6,True,0,0.6526315789473685,0.3517707919348613,24.0,24.0,0.0
5738,True,18,4,-9,1.0,-9,-11,0.99,-40,2,2,False,0,0.0444444444444444,0.1096637761106632,-9.0,-11.290000000000001,-2.290000000000001
5739,False,15,1,-7,1.0,-7,91,0.1,-19,3,6,False,0,0.7333333333333333,0.3086066999241838,-7.0,-8.000000000000002,-1.0000000000000018
5739,True,16,5,-7,1.0,-7,91,0.1,-19,3,6,False,0,0.5625,0.3518996068956789,-7.0,-8.000000000000002,-1.0000000000000018
5744,False,16,1,20,1.0,20,22,0.8,21,3,3,False,0,0.6375,0.3593976442141304,20.0,21.8,1.8000000000000007
5747,True,17,2,-1,1.0,-1,1,0.95,-11,0,1,False,0,0.6588235294117648,0.3985266984930429,-1.0,0.39999999999999947,1.3999999999999995
5749,True,20,2,26,1.0,26,31,0.1,23,1,2,False,0,0.47,0.4600915240757167,26.0,23.8,-2.1999999999999993
5758,False,17,1,26,1.0,26,31,0.6,14,1,6,False,0,0.5411764705882353,0.4228753118967395,26.0,24.2,-1.8000000000000007
5758,True,15,2,26,1.0,26,31,0.6,14,1,6,False,0,0.6133333333333333,0.3961721607488101,26.0,24.2,-1.8000000000000007
5759,False,17,1,-8,1.0,-8,-7,0.8,-11,2,2,True,0,0.4352941176470589,0.4372373160976031,-8.0,-7.8,0.20000000000000018
5761,True,18,3,29,0.95,28,77,0.5,-21,0,1,False,0,0.3,0.3162277660168379,28.95,28.0,-0.9499999999999993
5762,True,20,4,21,0.25,9,51,0.25,-1,2,2,False,0,0.21,0.333876750029897,12.0,12.0,0.0
5764,True,20,4,5,1.0,5,5,0.99,-1,0,1,False,0,0.14,0.3185493434470181,5.0,4.94,-0.05999999999999961
5766,True,19,3,18,1.0,18,87,0.01,16,0,1,False,0,0.4736842105263158,0.4011678856970232,18.0,16.71,-1.2899999999999991
5767,False,18,1,77,0.05,17,35,0.75,-20,0,1,False,0,0.2333333333333333,0.2589571847418252,20.0,21.25,1.25
5767,True,16,2,77,0.05,17,35,0.75,-20,0,1,False,0,0.225,0.3415650255319866,20.0,21.25,1.25
5769,True,20,5,-1,0.75,-16,40,0.4,-39,0,1,True,0,0.42,0.3427443423464877,-4.75,-7.399999999999999,-2.6499999999999986
5773,True,17,4,29,0.2,24,26,0.01,22,0,1,False,0,0.3764705882352941,0.3800154795608758,25.000000000000004,22.040000000000003,-2.960000000000001
5783,False,16,1,8,1.0,8,64,0.05,8,0,1,False,0,0.8875000000000001,0.2187083293643233,8.0,10.8,2.8000000000000007
5785,False,16,1,94,0.05,27,83,0.4,-1,0,1,True,0,0.2875,0.35,30.349999999999998,32.6,2.2500000000000036
5785,True,16,5,94,0.05,27,83,0.4,-1,0,1,True,0,0.2375,0.2655183609470351,30.349999999999998,32.6,2.2500000000000036
5787,True,21,2,-10,1.0,-10,29,0.05,-13,1,2,False,0,0.6857142857142856,0.3439269025326665,-10.0,-10.899999999999999,-0.8999999999999986
5791,True,20,3,22,0.4,-28,10,0.01,-7,0,1,False,0,0.51,0.3809959248297049,-8.0,-6.83,1.17
5792,True,20,4,29,1.0,29,79,0.05,27,1,2,False,0,0.4900000000000001,0.3972272318009058,29.0,29.599999999999998,0.5999999999999979
5794,False,16,1,16,1.0,16,33,0.5,-1,1,6,True,0,0.7374999999999999,0.3480900266693469,16.0,16.0,0.0
5794,True,17,3,16,1.0,16,33,0.5,-1,1,6,True,0,0.6588235294117647,0.3222165877352758,16.0,16.0,0.0
5795,True,21,3,-6,1.0,-6,43,0.1,-10,3,2,False,0,0.6666666666666666,0.3915780041490243,-6.0,-4.7,1.2999999999999998
5799,True,16,2,116,0.2,-34,-4,1.0,-4,0,1,False,0,0.425,0.3924283374069717,-4.0,-4.0,0.0
5801,True,19,5,13,1.0,13,42,0.6,-31,0,1,True,0,0.4105263157894737,0.3619311426870913,13.0,12.799999999999999,-0.20000000000000107
5802,False,16,1,61,0.25,-11,34,0.4,-9,1,2,True,0,0.75,0.3386246693120078,7.0,8.200000000000003,1.2000000000000028
5802,True,16,2,61,0.25,-11,34,0.4,-9,1,2,True,0,0.8250000000000002,0.2294921930407801,7.0,8.200000000000003,1.2000000000000028
5803,True,19,2,25,1.0,25,80,0.2,13,0,1,False,0,0.6,0.298142396999972,25.0,26.4,1.3999999999999986
5808,False,16,1,20,0.75,19,21,0.4,14,0,1,True,0,0.25,0.4033195589934446,19.75,16.8,-2.9499999999999993
5808,True,15,2,20,0.75,19,21,0.4,14,0,1,True,0,0.1466666666666666,0.277402921672395,19.75,16.8,-2.9499999999999993
5809,True,20,3,89,0.25,-12,13,0.95,-47,0,1,True,-1,0.55,0.3236307187293306,13.25,9.999999999999996,-3.2500000000000036
5810,True,16,4,41,0.8,-14,30,1.0,30,1,8,False,0,0.6625000000000001,0.3913651321549567,30.000000000000004,30.0,-3.552713678800501e-15
5814,True,17,4,0,1.0,0,87,0.25,-28,0,1,False,0,0.5058823529411766,0.4249567452036945,0.0,0.75,0.75
5818,False,16,1,6,1.0,6,8,0.6,6,1,6,False,0,0.675,0.3415650255319866,6.0,7.2,1.2000000000000002
5818,True,15,2,6,1.0,6,8,0.6,6,1,6,False,0,0.8933333333333332,0.2374467358818654,6.0,7.2,1.2000000000000002
5819,True,17,5,29,0.9,11,32,0.95,-38,2,6,False,0,0.4823529411764706,0.3940737464575112,27.200000000000003,28.499999999999996,1.2999999999999936
5820,True,16,3,31,0.8,7,67,0.05,26,0,1,False,0,0.6125,0.389657969677682,26.2,28.05,1.8500000000000014
5821,True,19,2,10,1.0,10,32,0.2,5,0,1,False,0,0.4947368421052631,0.3487655758537312,10.0,10.4,0.40000000000000036
5822,False,16,1,1,1.0,1,3,0.75,-13,3,3,False,0,0.3625,0.3201562118716424,1.0,-1.0,-2.0
5822,True,15,4,1,1.0,1,3,0.75,-13,3,3,False,0,0.36,0.4154171741411621,1.0,-1.0,-2.0
5823,False,16,1,0,1.0,0,25,0.4,-21,3,2,False,0,0.6,0.3183289703016885,0.0,-2.5999999999999996,-2.5999999999999996
5823,True,17,2,0,1.0,0,25,0.4,-21,3,2,False,0,0.6470588235294117,0.3907007279536723,0.0,-2.5999999999999996,-2.5999999999999996
5824,False,32,1,10,0.9,7,12,0.99,1,1,4,False,0,0.4624999999999999,0.4109391289983657,9.7,11.889999999999999,2.1899999999999995
5824,True,16,3,10,0.9,7,12,0.99,1,1,4,False,0,0.6,0.4442221666388716,9.7,11.889999999999999,2.1899999999999995
5833,False,16,1,31,0.2,11,29,0.75,-28,0,1,False,0,0.275,0.3255764119219941,15.0,14.75,-0.25
5833,True,16,3,31,0.2,11,29,0.75,-28,0,1,False,0,0.1875,0.2777888886666756,15.0,14.75,-0.25
5840,True,17,3,30,1.0,30,59,0.6,-10,0,1,False,0,0.2823529411764706,0.2743977362280141,30.0,31.4,1.3999999999999986
5843,False,16,1,44,0.2,5,16,0.8,-1,1,6,False,0,0.58125,0.3833514488473121,12.8,12.600000000000001,-0.1999999999999993
5843,True,16,4,44,0.2,5,16,0.8,-1,1,6,False,0,0.4625,0.3844910055298216,12.8,12.600000000000001,-0.1999999999999993
5845,True,16,4,95,0.05,-9,-4,1.0,-4,0,1,False,0,0.6125,0.3537890143385838,-3.799999999999999,-4.0,-0.20000000000000107
5847,False,16,1,30,1.0,30,35,0.8,25,0,1,False,0,0.6875,0.3930648801406709,30.0,33.0,3.0
5847,True,15,5,30,1.0,30,35,0.8,25,0,1,False,0,0.76,0.33123146848433,30.0,33.0,3.0
5849,True,19,2,17,1.0,17,64,0.5,-29,1,2,True,0,0.4421052631578948,0.3805198045272109,17.0,17.5,0.5
5853,True,17,2,23,1.0,23,74,0.2,14,1,2,False,0,0.5764705882352942,0.4294319092776902,23.0,26.0,3.0
5854,False,16,1,29,1.0,29,37,0.1,29,1,8,False,0,0.9375,0.202895703913776,29.0,29.8,0.8000000000000007
5854,True,16,3,29,1.0,29,37,0.1,29,1,8,False,0,0.8625,0.2895398648430529,29.0,29.8,0.8000000000000007
5855,False,16,1,12,1.0,12,11,0.6,8,0,1,False,0,0.2,0.3011090610836324,12.0,9.8,-2.1999999999999993
5858,False,16,1,25,1.0,25,75,0.1,16,0,1,True,0,0.5874999999999999,0.3612478373637689,25.0,21.9,-3.1000000000000014
5859,True,15,5,45,0.5,3,35,0.1,25,0,1,False,1,0.6933333333333334,0.3195234546871921,24.0,26.0,2.0
5861,False,16,1,17,1.0,17,23,0.6,4,0,1,False,0,0.3625,0.3283798613394758,17.0,15.399999999999999,-1.6000000000000014
5861,True,15,2,17,1.0,17,23,0.6,4,0,1,False,0,0.44,0.3397478056273085,17.0,15.399999999999999,-1.6000000000000014
5865,True,15,5,18,1.0,18,56,0.4,-5,0,1,False,0,0.5733333333333331,0.3692979181920098,18.0,19.400000000000002,1.4000000000000021
5866,True,15,3,17,1.0,17,18,0.5,17,0,1,False,0,0.7066666666666667,0.3918211448145818,17.0,17.5,0.5
5869,False,16,1,80,0.4,-25,59,0.1,15,2,5,False,0,0.5750000000000001,0.3568379650952703,17.0,19.4,2.3999999999999986
5870,True,17,5,10,0.8,0,77,0.25,-18,0,1,True,0,0.2588235294117647,0.2717048571736705,8.0,5.75,-2.25
5872,True,16,4,18,0.1,7,17,0.4,7,0,1,False,0,0.8249999999999998,0.204939015319192,8.1,11.0,2.9000000000000004
5873,True,15,4,106,0.25,-37,73,0.2,-17,1,8,False,-1,0.6266666666666666,0.2914659173083209,-1.25,1.0,2.25
5874,False,16,1,47,0.2,21,86,0.05,23,0,1,True,0,0.55,0.3966526608171605,26.200000000000003,26.15,-0.05000000000000426
5876,True,17,4,99,0.1,-13,-4,0.99,-6,0,1,False,0,0.5647058823529412,0.3552132747916881,-1.8000000000000007,-4.02,-2.219999999999999
5877,True,17,3,42,0.6,-33,33,0.25,4,1,2,False,0,0.7882352941176469,0.1932690900699608,11.999999999999998,11.25,-0.7499999999999982
5882,True,15,3,-9,1.0,-9,35,0.05,-11,0,1,False,0,0.7466666666666666,0.2972893411828826,-9.0,-8.7,0.3000000000000007
5884,True,15,2,47,0.2,17,28,0.5,24,1,8,True,0,0.6,0.3625307868699863,23.0,26.0,3.0
5887,True,15,2,6,1.0,6,11,0.75,-21,0,1,False,0,0.3200000000000001,0.290811671999988,6.0,3.0,-3.0
5888,True,17,5,16,1.0,16,51,0.1,13,1,6,False,0,0.5411764705882353,0.3985266984930429,16.0,16.8,0.8000000000000007
5889,True,15,5,20,1.0,20,66,0.4,-15,3,2,False,0,0.4666666666666667,0.3754362541795624,20.0,17.400000000000002,-2.599999999999998
5890,True,18,5,98,0.1,19,28,0.95,-31,0,1,False,0,0.5111111111111112,0.344518229499567,26.900000000000002,25.049999999999997,-1.850000000000005
5892,True,19,4,1,0.6,-22,-8,1.0,-8,0,1,False,0,0.4526315789473684,0.3389008721877101,-8.200000000000001,-8.0,0.20000000000000107
5894,False,16,1,15,0.01,12,15,0.99,3,1,8,True,0,0.45,0.3141125063837266,12.03,14.879999999999999,2.8499999999999996
5894,True,15,4,15,0.01,12,15,0.99,3,1,8,True,0,0.7333333333333333,0.3518657752744984,12.03,14.879999999999999,2.8499999999999996
5895,True,15,5,28,1.0,28,37,0.5,15,1,2,True,0,0.5466666666666667,0.3335237551331167,28.0,26.0,-2.0
5897,True,19,3,21,0.1,-10,-5,0.9,-33,3,2,False,1,0.5263157894736842,0.3603117558497208,-6.9,-7.799999999999999,-0.8999999999999986
5902,True,18,3,11,0.99,-12,52,0.6,-43,0,1,False,0,0.3888888888888889,0.317876944168631,10.77,14.0,3.2300000000000004
5903,False,15,1,32,0.9,-6,40,0.8,-14,3,2,False,-1,0.3733333333333333,0.3011090610836324,28.2,29.2,1.0
5903,True,15,5,32,0.9,-6,40,0.8,-14,3,2,False,-1,0.5733333333333335,0.4131182235954578,28.2,29.2,1.0
5904,True,15,5,1,1.0,1,0,0.95,-22,0,1,False,0,0.1733333333333333,0.2914659173083208,1.0,-1.100000000000001,-2.100000000000001
5909,False,15,1,110,0.05,-7,25,0.05,-5,3,3,False,0,0.5333333333333333,0.4577377082170634,-1.1499999999999995,-3.5,-2.3500000000000005
5909,True,16,3,110,0.05,-7,25,0.05,-5,3,3,False,0,0.475,0.3642343567906063,-1.1499999999999995,-3.5,-2.3500000000000005
5910,True,16,2,54,0.25,5,62,0.5,-23,1,8,False,0,0.45,0.3614784456460256,17.25,19.5,2.25
5912,True,15,5,11,1.0,11,23,0.4,0,1,6,False,0,0.3733333333333333,0.3614784456460256,11.0,9.200000000000001,-1.799999999999999
5914,True,15,3,102,0.01,6,5,0.99,-28,1,4,True,0,0.1066666666666666,0.1830950832868254,6.959999999999999,4.67,-2.289999999999999
5916,True,16,5,12,1.0,12,16,0.1,13,1,8,False,0,0.9000000000000001,0.1788854381999831,12.0,13.3,1.3000000000000007
5917,True,18,4,43,0.1,10,13,1.0,13,1,6,True,0,0.7,0.344707889976085,13.3,13.0,-0.3000000000000007
5918,True,15,5,80,0.5,-36,115,0.2,3,1,8,False,0,0.76,0.2640346297633811,22.0,25.4,3.3999999999999986
5921,False,16,1,11,1.0,11,72,0.25,-8,1,4,False,0,0.4625000000000001,0.4112987559751022,11.0,12.0,1.0
5921,True,15,2,11,1.0,11,72,0.25,-8,1,4,False,0,0.36,0.386929303250976,11.0,12.0,1.0
5922,True,16,2,92,0.05,12,23,0.01,13,3,3,False,0,0.3999999999999999,0.3932768321000701,16.0,13.1,-2.9000000000000004
5923,True,15,2,28,1.0,28,30,0.4,23,0,1,True,0,0.28,0.360951124510943,28.0,25.799999999999997,-2.200000000000003
5927,False,16,1,5,1.0,5,13,0.6,-1,0,1,False,0,0.6874999999999999,0.3422961680572347,5.0,7.3999999999999995,2.3999999999999995
5927,True,15,4,5,1.0,5,13,0.6,-1,0,1,False,0,0.5066666666666666,0.3692979181920098,5.0,7.3999999999999995,2.3999999999999995
5928,True,16,5,20,0.8,-45,14,0.2,9,3,6,False,-1,0.5750000000000001,0.4250490167812022,7.000000000000002,10.0,2.9999999999999982
5929,False,16,1,9,1.0,9,90,0.2,-10,0,1,False,0,0.4625,0.4425306015783918,9.0,10.0,1.0
5930,False,16,1,-4,1.0,-4,-6,0.99,-15,0,1,False,0,0.1431818181818182,0.2000413180460973,-4.0,-6.09,-2.09
5931,True,16,3,9,0.01,-1,3,0.25,-2,0,1,False,0,0.65,0.4163331998932265,-0.9,-0.75,0.15000000000000002
5933,True,15,2,14,1.0,14,38,0.6,-23,3,5,False,0,0.5466666666666666,0.3335237551331168,14.0,13.6,-0.40000000000000036
5934,True,17,2,20,1.0,20,19,0.99,-16,2,3,False,0,0.3411764705882353,0.4108814055317722,20.0,18.65,-1.3500000000000014
5936,False,16,1,24,0.8,-26,14,1.0,14,0,1,False,0,0.4625,0.4047633053197057,14.000000000000004,14.0,-3.552713678800501e-15
5936,True,15,4,24,0.8,-26,14,1.0,14,0,1,False,0,0.5733333333333334,0.3614784456460255,14.000000000000004,14.0,-3.552713678800501e-15
5938,True,15,2,28,1.0,28,56,0.5,1,2,2,False,0,0.4400000000000001,0.3561701038227982,28.0,28.5,0.5
5939,True,19,4,107,0.05,-13,49,0.4,-44,0,1,False,0,0.4105263157894737,0.4026229789243216,-6.999999999999999,-6.799999999999997,0.20000000000000195
5940,False,16,1,27,1.0,27,96,0.05,22,0,1,False,0,0.6375000000000001,0.3739429546512855,27.0,25.7,-1.3000000000000007
5943,True,18,3,12,0.9,-10,61,0.1,7,0,1,False,1,0.7222222222222223,0.3439486205740201,9.8,12.4,2.5999999999999996
5946,False,16,1,9,0.2,-14,-8,0.75,-18,1,8,False,0,0.375,0.3855731664245668,-9.4,-10.5,-1.0999999999999996
5947,False,16,1,39,0.75,-45,18,1.0,18,3,4,False,0,0.7125,0.3649200825751669,18.0,18.0,0.0
5947,True,30,3,39,0.75,-45,18,1.0,18,3,4,False,0,0.4799999999999999,0.3546732347503485,18.0,18.0,0.0
5949,False,16,1,54,0.05,29,72,0.4,-2,1,2,False,0,0.25,0.2250925735484551,30.249999999999996,27.6,-2.649999999999995
5949,True,15,2,54,0.05,29,72,0.4,-2,1,2,False,0,0.3333333333333333,0.3754362541795624,30.249999999999996,27.6,-2.649999999999995
5950,True,15,4,14,1.0,14,24,0.5,4,1,2,False,0,0.5866666666666667,0.358302877997027,14.0,14.0,0.0
5951,True,15,3,-2,1.0,-2,34,0.05,-6,0,1,False,0,0.4666666666666667,0.4386125310350269,-2.0,-3.999999999999999,-1.9999999999999991
5952,False,16,1,10,1.0,10,16,0.4,11,0,1,False,0,0.65,0.4226897995772629,10.0,13.0,3.0
5953,True,15,2,-6,1.0,-6,-6,0.99,-7,0,1,False,0,0.1866666666666666,0.2774029216723951,-6.0,-6.01,-0.009999999999999787
5955,False,15,1,25,1.0,25,35,0.75,-1,0,1,False,0,0.4,0.4140393356054125,25.0,26.0,1.0
5955,True,16,5,25,1.0,25,35,0.75,-1,0,1,False,0,0.4375,0.4272001872658765,25.0,26.0,1.0
5958,False,16,1,33,0.9,-25,28,0.9,7,1,8,True,0,0.475,0.4669047011971501,27.2,25.9,-1.3000000000000007
5961,True,18,2,11,1.0,11,11,1.0,11,1,6,True,0,0.7000000000000001,0.4242640687119285,11.0,11.0,0.0
5965,False,15,1,2,1.0,2,0,0.99,-4,1,6,False,0,0.08,0.211119465164699,2.0,-0.040000000000000036,-2.04
5966,False,15,1,-7,0.9,-21,-7,0.6,-9,0,1,True,-1,0.6666666666666666,0.4253849796976628,-8.399999999999999,-7.800000000000001,0.5999999999999979
5967,False,15,1,27,0.1,-10,-6,1.0,-6,3,4,False,0,0.3733333333333333,0.439913411393435,-6.3,-6.0,0.2999999999999998
5970,False,15,1,49,0.1,-3,25,0.25,-4,0,1,False,0,0.6666666666666666,0.3518657752744984,2.2,3.25,1.0499999999999998
5970,True,15,3,49,0.1,-3,25,0.25,-4,0,1,False,0,0.6133333333333333,0.358302877997027,2.2,3.25,1.0499999999999998
5973,True,16,2,-8,1.0,-8,78,0.25,-39,0,1,False,0,0.6250000000000001,0.3255764119219941,-8.0,-9.75,-1.75
5976,True,16,4,-1,1.0,-1,12,0.6,-17,0,1,True,0,0.5875,0.3052321520853704,-1.0,0.3999999999999986,1.3999999999999986
5978,True,16,5,18,0.75,-5,33,0.5,-6,1,2,False,0,0.6875000000000001,0.3575378767813745,12.25,13.5,1.25
5981,True,15,3,3,1.0,3,1,0.99,-41,1,8,False,0,0.2133333333333332,0.2875181153713043,3.0,0.5799999999999996,-2.4200000000000004
5985,True,15,5,16,1.0,16,64,0.4,-16,0,1,False,0,0.3866666666666667,0.3661901665736508,16.0,16.0,0.0
5988,True,16,2,12,1.0,12,25,0.8,-41,0,1,False,0,0.5875,0.3827531841800928,12.0,11.800000000000002,-0.1999999999999975
5989,False,15,1,24,1.0,24,54,0.1,17,1,4,False,0,0.3866666666666666,0.3661901665736508,24.0,20.700000000000003,-3.299999999999997
5989,True,16,5,24,1.0,24,54,0.1,17,1,4,False,0,0.3875000000000001,0.4161329915623929,24.0,20.700000000000003,-3.299999999999997
5992,False,15,1,-5,1.0,-5,-4,0.99,-23,0,1,False,0,0.4933333333333333,0.3990464825532173,-5.0,-4.19,0.8099999999999996
5992,True,17,2,-5,1.0,-5,-4,0.99,-23,0,1,False,0,0.6235294117647061,0.3800154795608757,-5.0,-4.19,0.8099999999999996
5994,False,15,1,24,1.0,24,48,0.05,24,0,1,False,0,0.8933333333333333,0.225092573548455,24.0,25.199999999999996,1.1999999999999957
5994,True,17,4,24,1.0,24,48,0.05,24,0,1,False,0,0.7882352941176469,0.3351909025860795,24.0,25.199999999999996,1.1999999999999957
5995,False,15,1,6,0.95,-33,4,1.0,4,0,1,False,0,0.5599999999999999,0.4154171741411621,4.049999999999998,4.0,-0.049999999999998046
5995,True,17,3,6,0.95,-33,4,1.0,4,0,1,False,0,0.5176470588235295,0.3940737464575113,4.049999999999998,4.0,-0.049999999999998046
5996,True,16,2,25,1.0,25,95,0.01,23,3,4,False,0,0.4125,0.4410215414239989,25.0,23.72,-1.2800000000000011
5997,True,16,5,19,1.0,19,43,0.75,-46,0,1,False,0,0.4625,0.3159641329855864,19.0,20.75,1.75
6003,True,19,3,3,1.0,3,27,0.2,-7,2,7,False,0,0.3684210526315789,0.3283843134346425,3.0,-0.20000000000000018,-3.2
6004,True,17,2,1,1.0,1,8,0.8,-16,1,6,False,0,0.7647058823529411,0.2849148479602902,1.0,3.200000000000001,2.200000000000001
6005,True,15,3,12,1.0,12,15,0.99,4,1,8,True,0,0.6533333333333334,0.3739111175259754,12.0,14.89,2.8900000000000006
6006,False,16,1,26,1.0,26,26,0.9,11,0,1,False,0,0.175,0.2720294101747089,26.0,24.5,-1.5
6006,True,16,5,26,1.0,26,26,0.9,11,0,1,False,0,0.325,0.4374166587286467,26.0,24.5,-1.5
6007,True,18,4,20,1.0,20,77,0.05,18,2,7,False,0,0.6999999999999998,0.3710081654405053,20.0,20.95,0.9499999999999993
6008,True,18,3,31,0.8,23,39,0.75,-5,2,3,False,0,0.3518518518518518,0.3533633398694454,29.4,28.0,-1.3999999999999986
6009,False,16,1,47,0.25,-16,0,1.0,0,0,1,False,0,0.6,0.3346640106136301,-0.25,0.0,0.25
6009,True,16,5,47,0.25,-16,0,1.0,0,0,1,False,0,0.4625,0.3981205847478877,-0.25,0.0,0.25
6010,False,15,1,59,0.4,-11,19,0.25,18,1,8,False,1,0.68,0.3277629805645711,17.0,18.25,1.25
6010,True,18,4,59,0.4,-11,19,0.25,18,1,8,False,1,0.6666666666666665,0.3819454842528924,17.0,18.25,1.25
6011,False,31,1,27,1.0,27,61,0.01,26,0,1,False,0,0.5096774193548387,0.3419111372951334,27.0,26.349999999999998,-0.6500000000000021
6011,True,16,2,27,1.0,27,61,0.01,26,0,1,False,0,0.5375,0.4425306015783918,27.0,26.349999999999998,-0.6500000000000021
6012,True,21,4,12,1.0,12,14,0.4,14,2,5,False,0,0.7428571428571429,0.3585685828003181,12.0,14.0,2.0
6013,True,16,3,22,0.6,-23,9,0.9,-8,2,3,False,0,0.6000000000000001,0.3183289703016885,3.9999999999999982,7.3,3.3000000000000016
6014,False,16,1,23,1.0,23,26,0.05,21,0,1,False,0,0.5874999999999999,0.4031128874149274,23.0,21.25,-1.75
6014,True,17,2,23,1.0,23,26,0.05,21,0,1,False,0,0.411764705882353,0.4029304421069108,23.0,21.25,-1.75
6015,True,16,4,19,1.0,19,36,0.1,17,0,1,False,0,0.5875,0.3757215280851853,19.0,18.900000000000002,-0.09999999999999787
6016,True,16,2,82,0.01,-1,4,0.75,-2,0,1,False,0,0.7875,0.2963668897386031,-0.16999999999999993,2.5,2.67
6017,False,16,1,14,0.6,12,41,0.4,-2,0,1,False,0,0.475,0.3087609647175843,13.200000000000001,15.200000000000003,2.0000000000000018
6017,True,19,2,14,0.6,12,41,0.4,-2,0,1,False,0,0.4947368421052632,0.4075314360206207,13.200000000000001,15.200000000000003,2.0000000000000018
6023,True,18,2,11,1.0,11,11,1.0,11,3,4,False,0,0.588888888888889,0.4309891344186395,11.0,11.0,0.0
6025,True,18,2,21,1.0,21,40,0.25,19,0,1,False,0,0.7666666666666666,0.3235828832817662,21.0,24.25,3.25
6026,True,16,2,-9,1.0,-9,-4,0.75,-27,0,1,True,0,0.4,0.3098386676965933,-9.0,-9.75,-0.75
6027,True,32,4,4,0.8,-17,61,0.25,-18,1,4,False,0,0.53125,0.3541801072718465,-0.1999999999999993,1.75,1.9499999999999993
6028,True,18,5,92,0.4,-21,31,0.01,25,0,1,False,0,0.5888888888888888,0.4142873241219246,24.200000000000003,25.06,0.8599999999999959
6029,True,22,4,12,1.0,12,43,0.25,1,1,4,True,0,0.5999999999999999,0.3651483716701107,12.0,11.5,-0.5
6030,True,16,2,31,0.05,13,14,0.8,3,1,2,False,0,0.15,0.2366431913239846,13.9,11.8,-2.0999999999999996
6033,True,16,2,-9,1.0,-9,27,0.5,-47,0,1,False,0,0.5750000000000001,0.3855731664245668,-9.0,-10.0,-1.0
6034,False,15,1,19,0.01,1,35,0.1,0,0,1,True,0,0.5866666666666666,0.3067494712224262,1.18,3.5,2.3200000000000003
6034,True,16,3,19,0.01,1,35,0.1,0,0,1,True,0,0.575,0.3568379650952703,1.18,3.5,2.3200000000000003
6036,True,16,5,12,0.95,-20,11,0.05,10,0,1,False,0,0.5750000000000001,0.4187282332651254,10.399999999999999,10.05,-0.34999999999999787
6037,True,16,2,16,1.0,16,14,0.99,-14,0,1,False,0,0.0625,0.1408308678285174,16.0,13.719999999999999,-2.280000000000001
6038,True,16,4,76,0.1,25,92,0.1,23,0,1,False,0,0.4125,0.4161329915623929,30.1,29.9,-0.20000000000000284
6040,False,15,1,21,1.0,21,51,0.4,-4,0,1,False,0,0.4,0.2828427124746189,21.0,18.000000000000004,-2.9999999999999964
6040,True,17,3,21,1.0,21,51,0.4,-4,0,1,False,0,0.3294117647058824,0.2995094027788463,21.0,18.000000000000004,-2.9999999999999964
6041,True,17,4,8,1.0,8,12,0.95,-4,0,1,False,0,0.6588235294117648,0.3298841151249401,8.0,11.2,3.1999999999999993
6043,False,16,1,25,1.0,25,41,0.8,-36,0,1,False,0,0.25,0.3141125063837266,25.0,25.600000000000005,0.600000000000005
6045,True,18,3,2,1.0,2,0,0.9,-10,1,8,False,0,0.1333333333333333,0.2990180006385608,2.0,-0.9999999999999998,-3.0
6046,True,16,5,20,1.0,20,19,0.5,16,0,1,True,0,0.125,0.2175622516277429,20.0,17.5,-2.5
6047,False,16,1,-1,1.0,-1,81,0.01,-1,0,1,False,0,0.875,0.2294921930407801,-1.0,-0.17999999999999994,0.8200000000000001
6048,False,32,1,1,1.0,1,4,0.9,-7,0,1,False,0,0.5562499999999999,0.324223638468782,1.0,2.9000000000000004,1.9000000000000004
6048,True,15,3,1,1.0,1,4,0.9,-7,0,1,False,0,0.7066666666666668,0.376955220278534,1.0,2.9000000000000004,1.9000000000000004
6051,True,16,4,-7,1.0,-7,-8,0.25,-11,1,4,False,0,0.1375,0.307408522978788,-7.0,-10.25,-3.25
6052,True,17,2,27,1.0,27,32,0.5,16,0,1,False,0,0.3529411764705883,0.3356293473811988,27.0,24.0,-3.0
6053,False,16,1,57,0.4,-8,18,1.0,18,2,6,False,0,0.8089285714285713,0.2569774600348957,18.0,18.0,0.0
6053,True,16,3,57,0.4,-8,18,1.0,18,2,6,False,0,0.65,0.4033195589934447,18.0,18.0,0.0
6054,False,15,1,-5,1.0,-5,-2,0.99,-3,1,6,False,0,0.8133333333333332,0.3335237551331168,-5.0,-2.01,2.99
6055,False,16,1,-5,1.0,-5,33,0.5,-39,1,8,False,0,0.675,0.405791407827552,-5.0,-3.0,2.0
6055,True,15,5,-5,1.0,-5,33,0.5,-39,1,8,False,0,0.5466666666666666,0.3159264531651691,-5.0,-3.0,2.0
6059,True,16,5,80,0.25,-9,65,0.05,11,0,1,True,0,0.7875000000000001,0.3052321520853704,13.25,13.7,0.4499999999999993
6063,False,16,1,0,1.0,0,6,0.1,1,0,1,False,0,0.95,0.1549193338482966,0.0,1.5,1.5
6063,True,16,2,0,1.0,0,6,0.1,1,0,1,False,0,0.9875,0.05,0.0,1.5,1.5
6065,True,16,4,13,1.0,13,15,0.01,14,0,1,True,0,0.8750000000000001,0.2175622516277429,13.0,14.01,1.0099999999999998
6067,False,16,1,28,1.0,28,31,0.6,30,2,5,False,0,0.5750000000000001,0.4781910357447812,28.0,30.599999999999998,2.599999999999998
6067,True,15,3,28,1.0,28,31,0.6,30,2,5,False,0,0.9333333333333332,0.2581988897471611,28.0,30.599999999999998,2.599999999999998
6068,True,16,4,21,1.0,21,65,0.25,7,1,8,False,0,0.2500000000000001,0.2780887148615229,21.0,21.5,0.5
6069,True,18,5,13,1.0,13,70,0.01,10,1,8,False,0,0.5555555555555556,0.385352737146298,13.0,10.6,-2.4000000000000004
6070,True,16,4,24,0.6,-8,36,0.2,6,0,1,False,0,0.5874999999999999,0.3138470965295043,11.2,12.0,0.8000000000000007
6072,True,18,2,52,0.5,-24,16,0.8,10,2,2,False,0,0.6777777777777777,0.3153999432197262,14.0,14.8,0.8000000000000007
6073,True,16,3,6,1.0,6,21,0.6,-9,2,6,False,0,0.7375,0.3913651321549567,6.0,9.0,3.0
6074,False,15,1,11,1.0,11,24,0.8,-41,0,1,False,0,0.3200000000000001,0.360951124510943,11.0,11.000000000000005,5.329070518200751e-15
6074,True,16,4,11,1.0,11,24,0.8,-41,0,1,False,0,0.4125,0.2963668897386031,11.0,11.000000000000005,5.329070518200751e-15
6075,True,19,3,18,1.0,18,59,0.6,-36,0,1,False,0,0.4210526315789473,0.3645071975640857,18.0,21.0,3.0
6076,False,15,1,46,0.05,29,46,0.75,-11,3,6,True,1,0.32,0.360951124510943,29.849999999999998,31.75,1.9000000000000021
6076,True,16,4,46,0.05,29,46,0.75,-11,3,6,True,1,0.3375,0.4177319714841085,29.849999999999998,31.75,1.9000000000000021
6079,True,17,3,16,0.9,0,14,1.0,14,1,6,True,0,0.3294117647058823,0.4297742225319489,14.4,14.0,-0.40000000000000036
6081,True,16,2,24,1.0,24,59,0.2,15,0,1,False,0,0.5875,0.3461695153148719,24.0,23.8,-0.1999999999999993
6085,True,18,2,32,0.25,-24,-10,1.0,-10,0,1,False,0,0.4,0.3757345746510897,-10.0,-10.0,0.0
6087,True,17,3,-3,1.0,-3,8,0.2,-2,3,5,False,0,0.8470588235294118,0.3043797937175354,-3.0,0.0,3.0
6088,True,16,5,24,0.6,2,68,0.2,1,0,1,False,0,0.5625,0.3518996068956789,15.2,14.400000000000002,-0.7999999999999972
6091,True,16,5,29,0.2,-6,1,1.0,1,0,1,False,0,0.625,0.3785938897200182,1.0,1.0,0.0
6094,True,19,2,51,0.05,0,3,1.0,3,0,1,False,0,0.5473684210526316,0.4312364922878185,2.5500000000000003,3.0,0.44999999999999973
6096,False,15,1,68,0.4,-10,21,1.0,21,1,2,True,0,0.8266666666666665,0.2374467358818655,21.200000000000003,21.0,-0.20000000000000284
6096,True,16,2,68,0.4,-10,21,1.0,21,1,2,True,0,0.775,0.3087609647175842,21.200000000000003,21.0,-0.20000000000000284
6099,False,15,1,11,1.0,11,88,0.25,-17,0,1,True,0,0.4533333333333333,0.3888934240098375,11.0,9.25,-1.75
6100,False,15,1,19,1.0,19,22,0.05,19,1,6,False,0,0.8533333333333334,0.277402921672395,19.0,19.150000000000002,0.15000000000000213
6101,True,17,4,18,0.25,11,13,1.0,13,2,6,False,0,0.388235294117647,0.4270280332442714,12.75,13.0,0.25
6103,True,19,2,8,1.0,8,28,0.4,-5,2,6,True,0,0.5684210526315789,0.3544207035257947,8.0,8.200000000000001,0.20000000000000107
6107,True,16,2,30,0.8,-6,29,0.8,1,0,1,False,0,0.675,0.3714835124201341,22.8,23.400000000000002,0.6000000000000014
6108,True,17,3,20,0.8,-40,8,1.0,8,1,6,False,0,0.4823529411764706,0.4065637928382935,8.000000000000002,8.0,-1.7763568394002505e-15
6109,True,32,2,25,0.4,-33,4,0.6,-27,0,1,False,0,0.31875,0.3286703417535374,-9.8,-8.4,1.4000000000000004
6110,True,17,3,9,1.0,9,51,0.01,9,2,5,False,0,0.9058823529411764,0.2135140166221357,9.0,9.42,0.41999999999999993
6111,True,15,4,18,1.0,18,23,0.9,-19,0,1,True,0,0.4533333333333333,0.341983012666391,18.0,18.8,0.8000000000000007
6113,True,15,4,54,0.25,-25,18,0.1,-6,2,7,True,0,0.8800000000000001,0.2242447642325552,-5.25,-3.6000000000000005,1.6499999999999995
6115,True,16,5,13,0.5,-5,24,0.1,-2,1,8,True,0,0.6624999999999999,0.3480900266693469,4.0,0.6000000000000003,-3.3999999999999995
6116,True,15,2,18,1.0,18,75,0.4,-24,0,1,True,0,0.5333333333333333,0.3265986323710904,18.0,15.600000000000001,-2.3999999999999986
6121,True,16,5,9,1.0,9,16,0.8,-33,1,6,False,0,0.6124999999999999,0.3304037933599835,9.0,6.200000000000002,-2.799999999999998
6122,True,16,4,21,1.0,21,29,0.8,-19,0,1,False,0,0.4125,0.3383784863137726,21.0,19.400000000000006,-1.5999999999999943
6124,True,20,5,7,1.0,7,11,0.25,3,1,2,False,0,0.4199999999999999,0.3607010717448657,7.0,5.0,-2.0
6126,True,16,3,13,0.4,-25,0,0.8,-35,0,1,True,0,0.2625,0.3159641329855864,-9.8,-6.999999999999998,2.8000000000000025
6128,True,19,3,9,1.0,9,15,0.8,-5,2,7,False,0,0.7052631578947369,0.3908305745610185,9.0,11.0,2.0
6129,False,16,1,-10,1.0,-10,-4,0.75,-34,0,1,True,0,0.4875,0.3180670788790734,-10.0,-11.5,-1.5
6129,True,15,3,-10,1.0,-10,-4,0.75,-34,0,1,True,0,0.5466666666666667,0.358302877997027,-10.0,-11.5,-1.5
6131,True,18,3,14,1.0,14,28,0.6,-3,0,1,True,0,0.4888888888888889,0.3376195019612688,14.0,15.600000000000001,1.6000000000000014
6132,True,16,5,7,1.0,7,17,0.1,4,1,8,False,0,0.6625,0.3913651321549567,7.0,5.300000000000001,-1.6999999999999993
6133,True,32,4,57,0.5,-1,28,1.0,28,1,6,False,0,0.50625,0.3518957873593975,28.0,28.0,0.0
6135,True,19,2,21,0.6,-21,74,0.1,-6,0,1,False,0,0.4105263157894736,0.3680198316548009,4.199999999999999,2.0,-2.1999999999999993
6138,True,18,3,4,1.0,4,9,0.75,-12,3,3,False,0,0.5666666666666667,0.3514675116774037,4.0,3.75,-0.25
6140,True,16,4,5,0.6,-25,-6,0.99,-13,0,1,False,0,0.3,0.2921186973360886,-7.0,-6.069999999999999,0.9300000000000006
6144,True,19,5,-9,1.0,-9,69,0.25,-31,1,2,False,0,0.6421052631578947,0.3563952074027499,-9.0,-6.0,3.0
6146,True,17,5,19,1.0,19,30,0.75,-2,0,1,False,0,0.6470588235294117,0.3502100210210002,19.0,22.0,3.0
6149,True,18,3,24,1.0,24,24,0.1,23,0,1,False,0,0.2777777777777778,0.3638932544766319,24.0,23.1,-0.8999999999999986
6151,True,19,2,8,1.0,8,21,0.25,8,0,1,True,0,0.7473684210526316,0.3580323093003255,8.0,11.25,3.25
6154,True,18,3,74,0.25,6,23,0.9,15,1,8,False,0,0.4444444444444444,0.2791209356748901,23.0,22.2,-0.8000000000000007
6156,True,20,5,18,1.0,18,78,0.4,-27,0,1,False,0,0.22,0.2238420495749061,18.0,15.000000000000004,-2.9999999999999964
6159,True,17,3,26,1.0,26,71,0.4,-8,2,6,False,0,0.3411764705882353,0.3373774287230322,26.0,23.6,-2.3999999999999986
6161,True,18,3,57,0.6,-20,44,0.01,23,1,4,False,0,0.6888888888888888,0.3160210136142083,26.199999999999996,23.21,-2.989999999999995
6165,True,16,2,28,1.0,28,35,0.75,-4,0,1,False,0,0.5375000000000001,0.3703601850451351,28.0,25.25,-2.75
6167,True,33,3,34,0.9,-18,70,0.4,-3,0,1,False,1,0.5999999999999999,0.3774917217635375,28.8,26.2,-2.6000000000000014
6168,True,16,4,-6,1.0,-6,104,0.2,-30,0,1,False,0,0.55,0.3966526608171605,-6.0,-3.1999999999999993,2.8000000000000007
6171,True,20,4,45,0.25,16,81,0.5,-33,0,1,False,0,0.3,0.3145590062628197,23.25,24.0,0.75
6178,True,18,3,2,1.0,2,15,0.01,3,0,1,False,0,0.9222222222222224,0.1957055277573202,2.0,3.1199999999999997,1.1199999999999997
6179,True,17,2,-4,1.0,-4,-5,0.6,-7,0,1,False,0,0.0941176470588235,0.1599632310692605,-4.0,-5.800000000000001,-1.8000000000000007
6183,True,20,3,2,1.0,2,57,0.05,-1,0,1,True,0,0.62,0.3887902966083929,2.0,1.9000000000000001,-0.09999999999999987
6188,True,17,2,57,0.25,-15,1,0.95,-4,0,1,False,-1,0.4470588235294117,0.4389157764577726,3.0,0.7499999999999998,-2.25
6190,True,17,2,16,0.05,1,23,0.5,-17,0,1,True,0,0.3764705882352941,0.3597384670922507,1.75,3.0,1.25
6191,False,16,1,31,0.5,-5,52,0.4,-9,2,5,False,-1,0.475,0.4187282332651254,13.0,15.400000000000002,2.400000000000002
6191,True,32,2,31,0.5,-5,52,0.4,-9,2,5,False,-1,0.5249999999999999,0.3436051747704511,13.0,15.400000000000002,2.400000000000002
6195,False,32,1,20,1.0,20,59,0.25,6,3,6,False,0,0.4312499999999999,0.348672598070398,20.0,19.25,-0.75
6195,True,15,2,20,1.0,20,59,0.25,6,3,6,False,0,0.2933333333333333,0.2604026186687142,20.0,19.25,-0.75
6196,True,16,2,-10,1.0,-10,28,0.05,-9,0,1,False,0,0.8500000000000001,0.2780887148615228,-10.0,-7.149999999999999,2.8500000000000014
6200,False,15,1,22,1.0,22,77,0.05,18,3,5,False,0,0.6,0.4208834246473209,22.0,20.95,-1.0500000000000007
6200,True,16,3,22,1.0,22,77,0.05,18,3,5,False,0,0.5875000000000001,0.3685557397915997,22.0,20.95,-1.0500000000000007
6201,True,17,5,116,0.05,-12,21,0.5,-27,1,2,False,-1,0.4941176470588236,0.3325480947082957,-5.599999999999998,-3.0,2.599999999999998
6203,False,16,1,25,1.0,25,44,0.4,11,0,1,False,0,0.4375,0.3739429546512855,25.0,24.200000000000003,-0.7999999999999972
6203,True,16,4,25,1.0,25,44,0.4,11,0,1,False,0,0.4375,0.3518996068956789,25.0,24.200000000000003,-0.7999999999999972
6205,False,16,1,30,1.0,30,44,0.6,4,3,5,False,0,0.2250000000000001,0.1914854215512677,30.0,28.0,-2.0
6205,True,16,2,30,1.0,30,44,0.6,4,3,5,False,0,0.45,0.3386246693120078,30.0,28.0,-2.0
6207,True,31,4,47,0.01,9,59,0.4,-22,1,4,False,0,0.4580645161290323,0.3191386256246514,9.38,10.400000000000002,1.0200000000000014
6209,True,16,4,88,0.05,-10,-7,0.2,-7,0,1,False,0,0.375,0.3785938897200183,-5.1,-7.000000000000001,-1.9000000000000012
6210,True,16,2,-5,1.0,-5,58,0.4,-46,0,1,False,0,0.6125,0.2777888886666756,-5.0,-4.399999999999995,0.600000000000005
6211,False,32,1,4,1.0,4,83,0.4,-50,3,2,False,0,0.4875,0.3517238652968474,4.0,3.200000000000003,-0.7999999999999972
6216,True,20,3,-9,1.0,-9,81,0.05,-16,1,8,False,0,0.4800000000000001,0.4274773001052374,-9.0,-11.149999999999999,-2.1499999999999986
6221,True,16,3,-5,1.0,-5,18,0.5,-27,1,4,False,0,0.6874999999999999,0.2825479310370779,-5.0,-4.5,0.5
6226,False,15,1,55,0.01,10,43,0.01,10,1,6,False,0,0.5466666666666666,0.3248442850410171,10.450000000000001,10.33,-0.120000000000001
6226,True,16,2,55,0.01,10,43,0.01,10,1,6,False,0,0.2999999999999999,0.3723797345005051,10.450000000000001,10.33,-0.120000000000001
6227,False,15,1,13,1.0,13,24,0.6,-3,1,4,False,0,0.48,0.4262795863213317,13.0,13.2,0.1999999999999993
6227,True,15,4,13,1.0,13,24,0.6,-3,1,4,False,0,0.4933333333333333,0.4131182235954578,13.0,13.2,0.1999999999999993
6228,False,15,1,10,1.0,10,10,1.0,10,3,3,True,0,0.6,0.4070801956792859,10.0,10.0,0.0
6228,True,17,2,10,1.0,10,10,1.0,10,3,3,True,0,0.5764705882352941,0.4115966043420212,10.0,10.0,0.0
6229,False,16,1,0,0.6,-20,8,0.25,-12,2,3,False,1,0.8375,0.2753785273643051,-8.0,-7.0,1.0
6229,True,17,3,0,0.6,-20,8,0.25,-12,2,3,False,1,0.8352941176470587,0.2370157602106562,-8.0,-7.0,1.0
6230,False,16,1,33,0.4,-2,50,0.25,3,1,8,False,0,0.8125000000000001,0.3222318006239194,12.000000000000002,14.75,2.7499999999999982
6230,True,17,5,33,0.4,-2,50,0.25,3,1,8,False,0,0.8352941176470587,0.2572478777137632,12.000000000000002,14.75,2.7499999999999982
6235,True,16,2,-7,1.0,-7,-4,0.75,-12,0,1,False,0,0.7125,0.3095695936834452,-7.0,-6.0,1.0
6237,True,16,4,25,1.0,25,70,0.6,-39,0,1,True,0,0.3625,0.311715682420161,25.0,26.4,1.3999999999999986
6238,False,15,1,39,0.4,-4,13,0.75,5,1,6,True,0,0.6799999999999999,0.3098386676965933,13.200000000000001,11.0,-2.200000000000001
6238,True,17,3,39,0.4,-4,13,0.75,5,1,6,True,0,0.6941176470588236,0.3682230781660998,13.200000000000001,11.0,-2.200000000000001
6240,True,16,5,11,1.0,11,12,0.6,4,1,4,False,0,0.475,0.3785938897200182,11.0,8.799999999999999,-2.200000000000001
6242,True,15,3,12,0.9,-1,13,0.99,-4,3,4,True,0,0.5066666666666666,0.4199773236508757,10.700000000000001,12.829999999999998,2.1299999999999972
6244,True,18,4,69,0.4,-46,38,0.05,-3,1,4,False,0,0.4666666666666667,0.3694192580731196,3.552713678800501e-15,-0.9499999999999995,-0.9500000000000031
6245,False,16,1,13,0.9,-21,30,0.2,4,3,4,False,0,0.7625000000000001,0.2848976424378879,9.600000000000001,9.2,-0.40000000000000213
6246,False,17,1,5,0.01,-3,11,0.2,-4,1,6,False,0,0.7882352941176469,0.2869720215917757,-2.92,-1.0,1.92
6246,True,16,4,5,0.01,-3,11,0.2,-4,1,6,False,0,0.8125000000000001,0.2473189573539939,-2.92,-1.0,1.92
6247,True,19,4,78,0.01,8,79,0.2,-10,1,4,False,0,0.3684210526315789,0.3480942266732886,8.7,7.800000000000001,-0.8999999999999986
6248,True,31,3,16,1.0,16,19,0.9,-3,0,1,False,0,0.5161290322580645,0.3890987656911361,16.0,16.8,0.8000000000000007
6249,False,17,1,-7,1.0,-7,1,0.25,-13,2,2,False,0,0.576470588235294,0.2990180006385608,-7.0,-9.5,-2.5
6249,True,15,3,-7,1.0,-7,1,0.25,-13,2,2,False,0,0.5066666666666667,0.3369329451445933,-7.0,-9.5,-2.5
6252,True,16,3,26,1.0,26,90,0.1,20,1,2,False,0,0.525,0.3714835124201342,26.0,27.0,1.0
6253,True,16,4,0,0.4,-12,21,0.1,-10,1,2,False,-1,0.75,0.3614784456460255,-7.199999999999999,-6.9,0.29999999999999893
6255,True,15,4,33,0.75,1,30,0.95,-12,0,1,True,0,0.0933333333333333,0.1830950832868254,25.0,27.9,2.8999999999999986
6256,True,19,3,1,0.99,-23,34,0.01,0,0,1,False,0,0.4736842105263158,0.3955897218965319,0.7599999999999998,0.34,-0.41999999999999976
6258,True,16,2,16,1.0,16,19,0.95,-1,0,1,False,0,0.5875,0.4287578959428425,16.0,18.0,2.0
6259,False,15,1,21,1.0,21,35,0.25,15,0,1,False,0,0.5733333333333335,0.3692979181920098,21.0,20.0,-1.0
6259,True,16,5,21,1.0,21,35,0.25,15,0,1,False,0,0.5375,0.42406760467328,21.0,20.0,-1.0
6261,False,16,1,-3,1.0,-3,51,0.1,-10,0,1,True,0,0.7322916666666666,0.312010728091911,-3.0,-3.8999999999999995,-0.8999999999999995
6263,False,15,1,17,1.0,17,55,0.05,16,0,1,False,0,0.6133333333333333,0.3961721607488101,17.0,17.95,0.9499999999999993
6265,False,15,1,-3,1.0,-3,11,0.1,-1,0,1,True,0,0.8266666666666667,0.3011090610836324,-3.0,0.20000000000000007,3.2
6268,False,15,1,10,1.0,10,10,1.0,10,3,5,False,0,0.3733333333333333,0.376955220278534,10.0,10.0,0.0
6269,True,16,2,6,0.25,-6,-1,0.9,-3,0,1,False,0,0.55,0.3540244812627134,-3.0,-1.2,1.8
6270,True,16,3,30,1.0,30,46,0.2,23,0,1,False,0,0.525,0.4374166587286466,30.0,27.6,-2.3999999999999986
6272,True,16,5,7,0.8,6,7,1.0,7,0,1,False,0,0.7875000000000001,0.3383784863137726,6.800000000000001,7.0,0.1999999999999993
6276,True,18,3,8,1.0,8,46,0.4,-14,1,4,False,0,0.5333333333333333,0.4172740670816047,8.0,10.000000000000002,2.0000000000000018
6277,True,16,4,39,0.05,19,91,0.01,22,0,1,False,-1,0.75,0.2581988897471611,20.0,22.69,2.6900000000000013
6278,True,18,5,31,0.1,27,49,0.1,27,0,1,True,0,0.7999999999999999,0.2828427124746189,27.400000000000002,29.200000000000003,1.8000000000000007
6280,True,17,5,1,1.0,1,25,0.05,-3,1,8,False,0,0.3411764705882353,0.3922034286078651,1.0,-1.5999999999999996,-2.5999999999999996
6281,True,17,4,15,1.0,15,28,0.6,-3,0,1,False,0,0.4470588235294118,0.3842486939776497,15.0,15.600000000000001,0.6000000000000014
6283,True,18,4,15,1.0,15,76,0.25,-8,0,1,True,0,0.5,0.4130232866245167,15.0,13.0,-2.0
6284,True,16,5,3,1.0,3,6,0.99,-38,0,1,False,0,0.6,0.3864367132317184,3.0,5.559999999999999,2.5599999999999987
6288,True,17,4,27,1.0,27,26,0.99,10,3,4,False,0,0.3647058823529412,0.3888141851684879,27.0,25.84,-1.1600000000000001
6292,True,16,4,31,0.1,-10,-9,0.99,-27,1,8,False,0,0.2375,0.3283798613394758,-5.9,-9.18,-3.2799999999999994
6294,True,16,3,38,0.5,-40,3,0.95,-17,1,4,False,1,0.6000000000000001,0.3723797345005049,-1.0,1.999999999999999,2.999999999999999
6295,True,18,3,13,1.0,13,44,0.5,-20,1,2,False,0,0.4555555555555555,0.3617314932413465,13.0,12.0,-1.0
6297,True,16,2,8,1.0,8,41,0.4,-13,0,1,False,0,0.4,0.3183289703016886,8.0,8.600000000000001,0.6000000000000014
6301,True,16,4,67,0.4,-11,23,0.9,21,0,1,False,-1,0.725,0.3568379650952703,20.200000000000003,22.799999999999997,2.5999999999999943
6305,False,15,1,73,0.4,0,29,1.0,29,0,1,False,0,0.4000000000000001,0.3295017884191655,29.200000000000003,29.0,-0.20000000000000284
6309,False,15,1,-1,1.0,-1,89,0.01,-1,0,1,True,0,0.8,0.2507132682112035,-1.0,-0.09999999999999998,0.9
6310,True,16,2,78,0.05,17,33,0.8,-16,0,1,True,1,0.275,0.262043253427114,20.049999999999997,23.200000000000003,3.1500000000000057
6311,True,18,2,30,1.0,30,45,0.75,-21,1,4,True,0,0.5555555555555556,0.3973770208907734,30.0,28.5,-1.5
6312,True,18,4,23,0.1,-1,7,0.5,-6,1,4,True,1,0.6444444444444444,0.3257971621264882,1.4000000000000004,0.5,-0.9000000000000004
6316,True,16,5,69,0.4,-11,80,0.1,12,3,2,False,-1,0.725,0.3492849839314596,21.0,18.8,-2.1999999999999993
6324,True,18,3,25,1.0,25,38,0.01,25,2,2,False,0,0.7555555555555554,0.3665775292722131,25.0,25.13,0.129999999999999
6325,True,16,5,65,0.1,25,31,0.8,30,2,2,False,0,0.6749999999999999,0.2909753712372692,29.0,30.799999999999997,1.7999999999999972
6331,True,16,2,9,1.0,9,15,0.75,-13,0,1,False,0,0.4,0.3864367132317184,9.0,8.0,-1.0
6333,False,16,1,107,0.05,-5,30,0.1,-6,1,8,False,0,0.2999999999999999,0.3183289703016886,0.6000000000000005,-2.4000000000000004,-3.000000000000001
6333,True,15,2,107,0.05,-5,30,0.1,-6,1,8,False,0,0.2933333333333333,0.3692979181920098,0.6000000000000005,-2.4000000000000004,-3.000000000000001
6337,False,16,1,68,0.2,13,28,0.8,24,0,1,False,-1,0.5875,0.3612478373637689,24.0,27.200000000000003,3.200000000000003
6337,True,15,5,68,0.2,13,28,0.8,24,0,1,False,-1,0.5866666666666667,0.2875181153713043,24.0,27.200000000000003,3.200000000000003
6339,False,16,1,8,1.0,8,61,0.5,-46,1,8,False,0,0.35,0.322490309931942,8.0,7.5,-0.5
6340,True,15,3,3,0.75,-5,5,0.95,-33,0,1,False,0,0.6133333333333333,0.3739111175259753,1.0,3.0999999999999988,2.0999999999999988
6342,True,16,4,73,0.25,9,29,0.2,22,1,2,True,0,0.6625000000000001,0.2895398648430529,25.0,23.400000000000002,-1.5999999999999979
6344,True,16,3,47,0.25,2,36,0.5,-4,3,6,False,0,0.2500000000000001,0.2476556749467561,13.25,16.0,2.75
6345,True,16,5,13,1.0,13,23,0.4,8,1,2,False,0,0.5249999999999999,0.4187282332651256,13.0,14.0,1.0
6347,True,16,3,3,1.0,3,10,0.4,1,1,2,False,0,0.6,0.3651483716701107,3.0,4.6,1.5999999999999996
6349,True,16,5,101,0.25,-6,30,0.8,-7,0,1,False,0,0.575,0.3172801075810878,20.75,22.6,1.8500000000000014
6351,True,17,2,3,1.0,3,28,0.25,-8,0,1,False,0,0.4117647058823529,0.2955553098431334,3.0,1.0,-2.0
6356,True,16,2,-9,1.0,-9,9,0.25,-19,0,1,False,0,0.5625,0.3442382895611701,-9.0,-12.0,-3.0
6357,True,16,2,15,0.25,-9,31,0.01,-4,0,1,False,0,0.4,0.3864367132317184,-3.0,-3.65,-0.6499999999999999
6358,True,17,3,28,1.0,28,33,0.8,23,3,5,False,0,0.7058823529411765,0.4130232866245168,28.0,31.0,3.0
6359,True,20,3,-4,0.9,-6,-4,1.0,-4,0,1,False,0,0.8699999999999999,0.2773938867766423,-4.2,-4.0,0.20000000000000018
6360,True,17,3,66,0.25,-19,51,0.1,-3,0,1,False,0,0.5529411764705883,0.4032952501871668,2.25,2.4000000000000004,0.15000000000000036
6365,True,16,5,-7,0.99,-16,-7,1.0,-7,0,1,False,0,0.8250000000000001,0.2408318915758459,-7.09,-7.0,0.08999999999999986
6369,True,16,4,98,0.4,-37,67,0.25,-1,1,2,True,0,0.7625,0.2552776266472772,17.000000000000004,16.0,-1.0000000000000036
6370,True,16,5,-1,1.0,-1,0,0.75,-16,1,2,False,0,0.375,0.4374166587286466,-1.0,-4.0,-3.0
6371,True,15,2,-10,1.0,-10,-3,0.05,-10,0,1,False,0,0.8266666666666667,0.2914659173083209,-10.0,-9.65,0.34999999999999964
6372,True,16,4,10,1.0,10,38,0.5,-16,2,2,False,0,0.4875,0.4256367778595579,10.0,11.0,1.0
6373,True,16,4,19,1.0,19,55,0.05,15,0,1,False,0,0.4375,0.4688638750568584,19.0,17.0,-2.0
6374,True,17,4,24,0.05,23,21,0.9,20,0,1,False,-1,0.0705882352941176,0.2443478715948661,23.049999999999997,20.900000000000002,-2.149999999999995
6375,True,17,5,27,1.0,27,41,0.1,29,1,4,False,0,0.9647058823529412,0.0785905247993375,27.0,30.200000000000003,3.200000000000003
6380,True,16,2,-2,1.0,-2,20,0.2,-5,0,1,False,0,0.6375000000000001,0.4272001872658765,-2.0,0.0,2.0
6381,True,16,2,66,0.5,-10,33,0.5,27,0,1,True,0,0.6,0.3864367132317184,28.0,30.0,2.0
6383,True,17,4,27,1.0,27,74,0.1,20,0,1,False,0,0.5372549019607843,0.4065236006783576,27.0,25.4,-1.6000000000000014
6385,True,22,4,16,0.01,-1,26,0.5,-23,3,4,True,0,0.7272727272727274,0.2657994556979954,-0.83,1.5,2.33
6389,True,16,4,32,0.25,-23,17,0.2,-16,3,5,False,0,0.6250000000000001,0.3336665001664586,-9.25,-9.4,-0.15000000000000036
6390,True,16,4,19,1.0,19,22,0.99,-9,0,1,False,0,0.7124999999999999,0.3263433774416144,19.0,21.69,2.6900000000000013
6391,True,17,4,33,0.1,-14,98,0.01,-12,2,5,False,0,0.7529411764705882,0.2400980191995124,-9.299999999999999,-10.899999999999999,-1.5999999999999996
6394,True,19,2,28,1.0,28,92,0.4,-13,0,1,False,0,0.4210526315789473,0.3258816202386331,28.0,29.000000000000004,1.0000000000000036
6395,True,16,2,4,1.0,4,95,0.1,-9,1,8,True,0,0.525,0.3172801075810878,4.0,1.4000000000000004,-2.5999999999999996
6397,True,16,5,49,0.25,-7,11,0.9,-42,2,4,False,0,0.6375,0.3518996068956789,7.0,5.700000000000001,-1.299999999999999
6398,True,30,4,23,0.01,-1,49,0.1,-9,1,6,False,0,0.5333333333333333,0.2643578209005067,-0.76,-3.1999999999999993,-2.4399999999999995
6403,True,16,5,52,0.6,-45,25,0.01,11,0,1,False,0,0.7624999999999998,0.3283798613394758,13.2,11.14,-2.0599999999999987
6406,True,17,5,18,1.0,18,56,0.2,9,3,6,False,0,0.611764705882353,0.3772968873135194,18.0,18.400000000000002,0.40000000000000213
6407,True,18,5,16,1.0,16,41,0.25,5,0,1,False,0,0.6333333333333334,0.3646109933485114,16.0,14.0,-2.0
6408,True,16,3,21,1.0,21,42,0.75,-31,0,1,False,0,0.5625,0.3518996068956789,21.0,23.75,2.75
6409,True,19,4,30,1.0,30,91,0.5,-30,1,4,False,0,0.5052631578947369,0.3908305745610186,30.0,30.5,0.5
6412,False,16,1,12,1.0,12,42,0.1,10,0,1,False,0,0.675,0.3714835124201341,12.0,13.2,1.1999999999999993
6413,True,17,5,20,1.0,20,21,0.05,21,0,1,False,0,0.8117647058823529,0.3706115772294095,20.0,21.0,1.0
6416,False,16,1,-7,1.0,-7,28,0.25,-20,0,1,False,0,0.5375,0.3480900266693469,-7.0,-8.0,-1.0
6417,False,16,1,-1,0.9,-29,14,0.1,-2,2,4,False,0,0.8875,0.2629955639676583,-3.7999999999999994,-0.3999999999999999,3.3999999999999995
6423,False,17,1,25,0.2,-14,20,0.05,-8,2,5,False,0,0.4941176470588234,0.40073461953532,-6.200000000000001,-6.6,-0.3999999999999986
6423,True,16,5,25,0.2,-14,20,0.05,-8,2,5,False,0,0.6749999999999999,0.3255764119219941,-6.200000000000001,-6.6,-0.3999999999999986
6426,True,16,4,11,0.4,8,9,1.0,9,0,1,False,0,0.4125,0.4031128874149275,9.2,9.0,-0.1999999999999993
6427,True,18,4,-4,1.0,-4,2,0.25,-6,3,4,False,0,0.6000000000000001,0.3067859955389482,-4.0,-4.0,0.0
6429,True,19,4,-4,1.0,-4,-4,0.8,-6,0,1,False,0,0.3157894736842105,0.360960382397873,-4.0,-4.4,-0.40000000000000036
6430,True,32,3,51,0.2,7,17,0.99,10,1,2,False,0,0.5249999999999999,0.3893750161808105,15.8,16.93,1.129999999999999
6431,True,19,2,-5,0.99,-21,44,0.1,-12,1,2,False,0,0.6526315789473683,0.3820535463527354,-5.16,-6.4,-1.2400000000000002
6432,True,17,3,0,1.0,0,-2,0.9,-9,2,6,False,0,0.5529411764705882,0.4273722719404353,0.0,-2.6999999999999997,-2.6999999999999997
6434,True,16,3,38,0.4,0,16,0.25,14,0,1,False,0,0.6250000000000001,0.3642343567906062,15.200000000000001,14.5,-0.7000000000000011
6435,False,15,1,59,0.1,23,60,0.25,15,0,1,False,-1,0.4666666666666667,0.4117326918327103,26.6,26.25,-0.3500000000000014
6438,True,18,3,14,1.0,14,14,1.0,14,1,6,False,0,0.4296296296296297,0.3962056785610698,14.0,14.0,0.0
6440,True,16,5,15,1.0,15,18,0.8,11,0,1,False,0,0.6125,0.3757215280851853,15.0,16.6,1.6000000000000014
6441,True,31,4,45,0.4,-33,21,0.5,-30,1,2,False,0,0.5161290322580645,0.3715703380640498,-1.8000000000000007,-4.5,-2.6999999999999993
6442,True,15,4,49,0.2,20,26,1.0,26,0,1,False,0,0.4,0.4276179870598789,25.8,26.0,0.1999999999999993
6444,False,16,1,30,0.4,0,54,0.4,-16,0,1,False,-1,0.25,0.3386246693120078,12.0,12.000000000000002,1.7763568394002505e-15
6445,True,18,2,-5,1.0,-5,-6,0.99,-11,1,8,False,0,0.4444444444444444,0.3665775292722131,-5.0,-6.05,-1.0499999999999998
6446,True,18,2,-4,1.0,-4,44,0.1,-13,3,2,False,0,0.5333333333333334,0.3757345746510897,-4.0,-7.300000000000001,-3.3000000000000007
6447,True,19,3,27,1.0,27,37,0.75,-1,3,4,False,0,0.6421052631578948,0.3805198045272111,27.0,27.5,0.5
6448,False,30,1,9,0.01,-10,-4,0.05,-11,0,1,True,0,0.4441666666666667,0.3246804352859458,-9.81,-10.649999999999999,-0.8399999999999981
6448,True,15,5,9,0.01,-10,-4,0.05,-11,0,1,True,0,0.48,0.3985688683993556,-9.81,-10.649999999999999,-0.8399999999999981
6449,False,16,1,11,1.0,11,12,0.99,-1,0,1,False,0,0.6625000000000001,0.3324154027718932,11.0,11.87,0.8699999999999992
6449,True,15,5,11,1.0,11,12,0.99,-1,0,1,False,0,0.5999999999999999,0.3703280399090206,11.0,11.87,0.8699999999999992
6450,True,16,4,10,1.0,10,34,0.25,3,0,1,False,0,0.625,0.3255764119219941,10.0,10.75,0.75
6452,True,16,2,21,1.0,21,38,0.05,21,3,5,False,0,0.8125,0.4031128874149275,21.0,21.849999999999998,0.8499999999999979
6454,True,16,2,106,0.25,-2,101,0.2,8,1,8,False,0,0.7000000000000001,0.3425395354310701,25.0,26.6,1.6000000000000014
6455,True,16,4,8,1.0,8,6,0.95,2,0,1,False,0,0.125,0.2408318915758459,8.0,5.799999999999999,-2.200000000000001
6460,True,16,2,12,1.0,12,17,0.1,12,0,1,False,0,0.7875000000000001,0.3537890143385838,12.0,12.5,0.5
6462,True,16,2,70,0.01,5,28,0.2,-2,0,1,False,0,0.2375,0.3030401513551189,5.65,4.0,-1.6500000000000004
6463,True,16,3,9,1.0,9,30,0.2,4,0,1,False,0,0.5249999999999999,0.405791407827552,9.0,9.2,0.1999999999999993
6468,True,15,5,26,1.0,26,28,0.95,24,0,1,True,0,0.4933333333333334,0.3104528182847634,26.0,27.799999999999997,1.7999999999999972
6470,True,18,3,4,1.0,4,9,0.75,-23,0,1,False,0,0.2666666666666667,0.3143620991973503,4.0,1.0,-3.0
6472,True,17,5,10,1.0,10,16,0.6,8,0,1,True,0,0.6000000000000001,0.291547594742265,10.0,12.8,2.8000000000000007
6473,True,17,3,17,1.0,17,36,0.2,15,3,3,False,0,0.6470588235294118,0.3572772856249462,17.0,19.2,2.1999999999999993
6474,True,16,4,-3,1.0,-3,36,0.1,-9,0,1,False,0,0.6124999999999999,0.4096746676734276,-3.0,-4.5,-1.5
6475,True,15,5,28,0.5,16,27,0.8,14,0,1,False,1,0.4400000000000001,0.3794733192202055,22.0,24.400000000000002,2.400000000000002
6476,True,16,3,24,1.0,24,54,0.4,5,3,3,False,0,0.5625,0.4333974311568233,24.0,24.6,0.6000000000000014
6477,True,17,5,6,1.0,6,39,0.25,-8,0,1,False,0,0.188235294117647,0.2595244519818327,6.0,3.75,-2.25
6481,False,15,1,-9,1.0,-9,5,0.5,-24,2,4,False,0,0.5866666666666666,0.324844285041017,-9.0,-9.5,-0.5
6483,True,17,3,-1,1.0,-1,34,0.1,-8,0,1,False,0,0.3176470588235294,0.3086974532565159,-1.0,-3.8,-2.8
6484,True,19,4,19,1.0,19,28,0.9,-29,1,6,True,0,0.5473684210526316,0.4260521890992433,19.0,22.3,3.3000000000000007
6486,True,16,4,22,1.0,22,40,0.75,-27,1,2,False,0,0.3875,0.3461695153148719,22.0,23.25,1.25
6487,True,16,4,6,0.95,-34,6,0.99,-14,0,1,False,-1,0.6875000000000001,0.3721558813185679,3.999999999999998,5.799999999999999,1.8000000000000012
6501,True,17,4,19,1.0,19,43,0.4,7,1,6,False,0,0.5647058823529412,0.3408466966074856,19.0,21.4,2.3999999999999986
6502,False,15,1,-2,0.95,-45,-4,1.0,-4,0,1,False,0,0.52,0.405674042269688,-4.150000000000002,-4.0,0.15000000000000213
6502,True,18,3,-2,0.95,-45,-4,1.0,-4,0,1,False,0,0.4555555555555556,0.4328051079156859,-4.150000000000002,-4.0,0.15000000000000213
6504,True,20,5,0,1.0,0,3,0.8,1,1,4,False,0,0.92,0.1765159900316175,0.0,2.6000000000000005,2.6000000000000005
6507,True,18,2,19,1.0,19,31,0.05,20,0,1,False,0,0.8222222222222222,0.3281957012220811,19.0,20.55,1.5500000000000007
6508,True,19,4,24,1.0,24,98,0.25,2,1,4,True,0,0.4736842105263158,0.4011678856970232,24.0,26.0,2.0
6509,True,19,3,16,1.0,16,20,0.9,-33,0,1,False,0,0.3894736842105264,0.3619311426870913,16.0,14.700000000000001,-1.299999999999999
6511,True,19,4,13,1.0,13,12,0.75,7,0,1,False,0,0.1368421052631579,0.1891810605853834,13.0,10.75,-2.25
6512,True,16,5,41,0.2,-17,53,0.25,-26,3,4,True,1,0.5875,0.3052321520853704,-5.4,-6.25,-0.8499999999999996
6514,True,17,2,9,1.0,9,8,0.95,7,3,4,False,0,0.4235294117647059,0.4176263457995464,9.0,7.95,-1.0499999999999998
6515,True,19,5,44,0.25,0,35,0.4,-10,2,3,False,1,0.4105263157894737,0.2941933167193626,11.0,8.0,-3.0
6516,True,17,2,-9,1.0,-9,-6,0.6,-11,0,1,False,0,0.8470588235294119,0.2600904819933429,-9.0,-8.0,1.0
6517,True,19,2,-9,1.0,-9,10,0.5,-27,1,4,False,0,0.6842105263157896,0.3287402856946445,-9.0,-8.5,0.5
6519,True,17,5,47,0.05,27,64,0.25,14,0,1,False,0,0.3058823529411765,0.2357715743980127,28.0,26.5,-1.5
6520,True,15,5,90,0.05,19,28,0.05,23,0,1,False,0,0.6666666666666666,0.3754362541795624,22.55,23.249999999999996,0.6999999999999957
6521,True,18,4,4,1.0,4,43,0.1,-1,3,3,False,0,0.3888888888888888,0.3660422490704798,4.0,3.4,-0.6000000000000001
6522,True,17,4,17,1.0,17,42,0.2,15,0,1,False,0,0.6941176470588235,0.3171564839225546,17.0,20.4,3.3999999999999986
6523,True,20,2,10,1.0,10,52,0.1,4,1,8,False,0,0.4699999999999999,0.4117996446919559,10.0,8.8,-1.1999999999999993
6524,True,17,4,16,0.99,6,19,0.75,18,0,1,False,0,0.7294117647058824,0.3157623827388898,15.9,18.75,2.8499999999999996
6528,True,18,2,30,1.0,30,56,0.5,5,0,1,False,0,0.5,0.3378130356555584,30.0,30.5,0.5
6530,True,16,2,-8,0.75,-15,-4,0.5,-18,0,1,True,0,0.3875,0.2963668897386031,-9.75,-11.0,-1.25
6531,True,18,2,21,1.0,21,44,0.1,17,0,1,True,0,0.7333333333333334,0.3429971702850177,21.0,19.700000000000003,-1.2999999999999972
6534,True,16,2,38,0.75,7,30,1.0,30,2,3,False,0,0.275,0.3492849839314596,30.25,30.0,-0.25
6538,True,20,3,29,1.0,29,107,0.4,-22,0,1,False,0,0.45,0.3663475485325233,29.0,29.600000000000005,0.600000000000005
6541,True,17,5,12,0.75,4,17,0.6,8,0,1,False,0,0.6470588235294117,0.28748401490088,10.0,13.399999999999999,3.3999999999999986
6542,True,19,3,96,0.25,-3,29,0.9,-44,2,4,False,0,0.6315789473684209,0.321545973175683,21.75,21.700000000000003,-0.04999999999999716
6543,True,18,2,15,1.0,15,48,0.25,3,2,6,False,0,0.5222222222222223,0.4291654768687105,15.0,14.25,-0.75
6554,True,17,2,7,1.0,7,20,0.01,7,0,1,False,0,0.776470588235294,0.3527205192583533,7.0,7.13,0.1299999999999999
6557,True,16,4,-9,1.0,-9,-5,0.2,-13,0,1,False,0,0.2875,0.2825479310370779,-9.0,-11.4,-2.4000000000000004
6558,True,16,4,22,1.0,22,71,0.5,-21,3,7,False,0,0.3125,0.3095695936834452,22.0,25.0,3.0
6560,True,16,5,19,0.75,-6,21,0.1,9,0,1,False,0,0.3125,0.3649200825751669,12.75,10.2,-2.5500000000000007
6565,True,16,5,-6,1.0,-6,34,0.01,-5,0,1,False,0,0.925,0.161245154965971,-6.0,-4.61,1.3899999999999997
6567,False,16,1,63,0.01,-3,26,0.6,-49,0,1,False,-1,0.525,0.3714835124201342,-2.34,-4.000000000000002,-1.660000000000002
6570,True,16,3,16,1.0,16,55,0.1,14,0,1,False,0,0.5499999999999999,0.4472135954999579,16.0,18.1,2.1000000000000014
6571,True,16,4,0,1.0,0,51,0.01,-2,1,2,False,0,0.375,0.4374166587286466,0.0,-1.47,-1.47
6572,True,16,4,30,0.05,-4,1,0.6,-2,0,1,False,0,0.7125,0.3721558813185679,-2.3,-0.20000000000000007,2.0999999999999996
6573,True,17,4,10,1.0,10,30,0.4,-7,0,1,True,0,0.2823529411764706,0.3539690913724796,10.0,7.8,-2.2
6575,False,18,1,14,1.0,14,16,0.95,6,0,1,False,0,0.6444444444444444,0.3791976393296808,14.0,15.5,1.5
6575,True,15,4,14,1.0,14,16,0.95,6,0,1,False,0,0.5733333333333335,0.3990464825532174,14.0,15.5,1.5
6576,True,16,5,18,1.0,18,58,0.1,12,0,1,True,0,0.625,0.3924283374069717,18.0,16.6,-1.3999999999999986
6581,False,16,1,-4,1.0,-4,13,0.6,-30,2,5,True,0,0.8500000000000001,0.2476556749467561,-4.0,-4.2,-0.20000000000000018
6581,True,15,3,-4,1.0,-4,13,0.6,-30,2,5,True,0,0.8266666666666667,0.198086080374405,-4.0,-4.2,-0.20000000000000018
6582,False,16,1,-2,0.99,-24,4,0.05,0,0,1,False,0,0.8500000000000001,0.3306559138036599,-2.22,0.2,2.4200000000000004
6584,False,16,1,74,0.2,-31,-11,0.5,-14,2,4,False,0,0.1875,0.3138470965295043,-10.0,-12.5,-2.5
6584,True,15,5,74,0.2,-31,-11,0.5,-14,2,4,False,0,0.3333333333333333,0.3518657752744984,-10.0,-12.5,-2.5
6586,False,15,1,19,1.0,19,36,0.8,-48,0,1,False,0,0.2933333333333333,0.384460041889302,19.0,19.200000000000003,0.20000000000000284
6588,True,16,4,23,0.1,-13,91,0.1,-22,0,1,False,1,0.5499999999999999,0.3759432581299116,-9.4,-10.700000000000001,-1.3000000000000007
6589,True,16,3,-7,1.0,-7,-7,1.0,-7,3,5,False,0,0.6375,0.3739429546512854,-7.0,-7.0,0.0
6590,True,16,2,9,0.95,-4,26,0.2,2,1,6,False,0,0.4125,0.3964425136973414,8.349999999999998,6.800000000000001,-1.5499999999999972
6591,False,15,1,20,0.01,19,72,0.5,-28,0,1,False,0,0.4933333333333334,0.3614784456460256,19.009999999999998,22.0,2.990000000000002
6592,False,15,1,7,0.8,2,10,0.8,-7,0,1,False,0,0.4266666666666667,0.3990464825532174,6.0,6.6000000000000005,0.6000000000000005
6593,True,16,4,64,0.5,-4,30,0.75,26,1,6,False,0,0.6625000000000001,0.3324154027718932,30.0,29.0,-1.0
6594,False,18,1,68,0.4,-30,9,1.0,9,0,1,False,0,0.6222222222222222,0.3281957012220812,9.200000000000003,9.0,-0.20000000000000284
6595,False,18,1,29,1.0,29,36,0.6,13,0,1,False,0,0.3555555555555555,0.3973770208907733,29.0,26.799999999999997,-2.200000000000003
6596,False,18,1,20,0.4,-5,29,0.05,3,2,4,False,0,0.7444444444444446,0.3203347921861865,5.0,4.3,-0.7000000000000002
6596,True,15,4,20,0.4,-5,29,0.05,3,2,4,False,0,0.7733333333333333,0.3011090610836324,5.0,4.3,-0.7000000000000002
6597,True,17,3,26,1.0,26,25,0.4,21,2,3,False,0,0.3058823529411765,0.3815602643018762,26.0,22.6,-3.3999999999999986
6601,False,16,1,13,1.0,13,61,0.2,2,2,5,False,0,0.575,0.3642343567906063,13.0,13.8,0.8000000000000007
6601,True,15,3,13,1.0,13,61,0.2,2,2,5,False,0,0.7466666666666666,0.3067494712224262,13.0,13.8,0.8000000000000007
6604,False,15,1,38,0.75,-2,42,0.4,15,0,1,False,0,0.56,0.4289522117905442,28.0,25.8,-2.1999999999999993
6604,True,16,2,38,0.75,-2,42,0.4,15,0,1,False,0,0.5125000000000001,0.4256367778595579,28.0,25.8,-2.1999999999999993
6605,True,17,2,59,0.01,3,31,0.5,-29,0,1,True,0,0.1294117647058823,0.2114376559483696,3.5599999999999996,1.0,-2.5599999999999996
6606,False,15,1,14,0.95,12,25,0.75,-17,2,4,False,1,0.2266666666666667,0.3283436063174123,13.899999999999999,14.5,0.6000000000000014
6606,True,15,2,14,0.95,12,25,0.75,-17,2,4,False,1,0.5333333333333333,0.3352326839390103,13.899999999999999,14.5,0.6000000000000014
6608,False,15,1,4,1.0,4,52,0.25,-14,3,6,False,0,0.4800000000000001,0.4126568965687043,4.0,2.5,-1.5
6612,False,16,1,96,0.2,-24,34,0.5,-37,0,1,False,0,0.575,0.3785938897200182,0.0,-1.5,-1.5
6612,True,15,4,96,0.2,-24,34,0.5,-37,0,1,False,0,0.5066666666666667,0.4333699618219101,0.0,-1.5,-1.5
6613,True,16,4,11,1.0,11,23,0.75,-27,0,1,False,0,0.475,0.3568379650952703,11.0,10.5,-0.5
6614,False,15,1,20,1.0,20,80,0.2,3,0,1,False,0,0.4400000000000001,0.415417174141162,20.0,18.4,-1.6000000000000014
6616,True,15,5,5,1.0,5,93,0.25,-24,0,1,False,0,0.3466666666666667,0.3159264531651691,5.0,5.25,0.25
6618,True,16,2,9,1.0,9,9,0.99,-2,2,7,True,0,0.6625,0.3981205847478877,9.0,8.89,-0.10999999999999943
6619,True,18,5,23,1.0,23,47,0.6,-19,0,1,True,0,0.288888888888889,0.3376195019612688,23.0,20.599999999999998,-2.400000000000002
6621,True,15,3,7,1.0,7,112,0.2,-19,1,6,True,0,0.4933333333333334,0.3104528182847634,7.0,7.200000000000001,0.20000000000000107
6622,True,17,3,2,0.9,-4,39,0.5,-35,0,1,False,0,0.4352941176470589,0.3690209622612721,1.4000000000000001,2.0,0.5999999999999999
6626,False,16,1,17,1.0,17,16,0.99,3,0,1,False,0,0.2,0.2732520204255893,17.0,15.87,-1.1300000000000008
6626,True,17,4,17,1.0,17,16,0.99,3,0,1,False,0,0.1529411764705882,0.1940285000290664,17.0,15.87,-1.1300000000000008
6627,True,16,5,12,1.0,12,28,0.05,9,1,6,False,0,0.45,0.4226897995772628,12.0,9.95,-2.0500000000000007
6628,True,16,2,-7,0.8,-16,13,0.1,-11,0,1,False,-1,0.7,0.3577708763999664,-8.8,-8.6,0.20000000000000107
6631,True,16,2,5,0.4,-15,81,0.05,-13,0,1,True,0,0.6124999999999999,0.3757215280851852,-7.0,-8.3,-1.3000000000000007
6633,True,16,3,51,0.2,-22,29,0.01,-10,1,6,False,0,0.4375,0.3739429546512855,-7.4,-9.610000000000001,-2.210000000000001
6637,False,16,1,16,1.0,16,21,0.2,13,0,1,True,0,0.4375,0.4272001872658766,16.0,14.600000000000001,-1.3999999999999986
6637,True,16,3,16,1.0,16,21,0.2,13,0,1,True,0,0.65,0.322490309931942,16.0,14.600000000000001,-1.3999999999999986
6640,False,16,1,-2,1.0,-2,58,0.25,-23,1,6,False,0,0.5499999999999999,0.3306559138036599,-2.0,-2.75,-0.75
6640,True,31,3,-2,1.0,-2,58,0.25,-23,1,6,False,0,0.5290322580645159,0.280705715874706,-2.0,-2.75,-0.75
6642,True,18,3,26,1.0,26,111,0.4,-29,1,2,False,0,0.4888888888888889,0.3708319563755004,26.0,27.000000000000007,1.000000000000007
6646,True,15,3,-7,1.0,-7,4,0.01,-4,0,1,False,0,0.8933333333333333,0.225092573548455,-7.0,-3.92,3.08
6647,True,16,3,17,1.0,17,17,1.0,17,2,5,False,0,0.5249999999999999,0.3855731664245668,17.0,17.0,0.0
6650,True,15,4,11,1.0,11,48,0.01,11,0,1,True,0,0.8800000000000001,0.2242447642325552,11.0,11.370000000000001,0.370000000000001
6652,True,16,2,14,0.25,1,61,0.1,-2,0,1,False,0,0.1875,0.2963668897386031,4.25,4.300000000000001,0.05000000000000071
6653,True,18,4,2,1.0,2,41,0.05,-1,2,4,True,0,0.5444444444444445,0.3929110395080803,2.0,1.1000000000000003,-0.8999999999999997
6654,False,16,1,65,0.01,25,46,0.4,9,1,2,False,0,0.2500000000000001,0.2129162589689509,25.4,23.8,-1.5999999999999979
6654,True,16,4,65,0.01,25,46,0.4,9,1,2,False,0,0.4375000000000001,0.3593976442141304,25.4,23.8,-1.5999999999999979
6655,True,16,4,-2,1.0,-2,0,0.95,-30,0,1,False,0,0.6625,0.3630886025935451,-2.0,-1.5000000000000013,0.49999999999999867
6659,True,32,5,6,1.0,6,25,0.4,-8,0,1,False,0,0.475,0.3860469635478515,6.0,5.2,-0.7999999999999998
6660,False,16,1,28,0.25,27,30,0.4,30,0,1,False,0,0.7124999999999999,0.3649200825751669,27.25,30.0,2.75
6660,True,16,4,28,0.25,27,30,0.4,30,0,1,False,0,0.8375,0.2941088233970548,27.25,30.0,2.75
6661,True,17,2,2,0.8,-38,59,0.1,-11,1,4,False,0,0.5529411764705884,0.4032952501871667,-5.999999999999998,-4.0,1.9999999999999982
6663,True,18,3,91,0.05,2,51,0.01,9,0,1,False,0,0.5888888888888889,0.4254947139906522,6.449999999999999,9.42,2.9700000000000006
6665,True,16,4,1,0.99,-1,41,0.2,-8,3,5,False,0,0.3875000000000001,0.3612478373637689,0.98,1.8000000000000007,0.8200000000000007
6668,True,17,2,14,1.0,14,23,0.01,15,2,3,False,0,0.8705882352941177,0.3312187832127597,14.0,15.08,1.08
6670,False,16,1,-5,1.0,-5,-1,0.01,-8,0,1,False,0,0.2250000000000001,0.3087609647175843,-5.0,-7.93,-2.9299999999999997
6670,True,16,2,-5,1.0,-5,-1,0.01,-8,0,1,False,0,0.2125,0.2473189573539939,-5.0,-7.93,-2.9299999999999997
6671,True,18,4,0,1.0,0,65,0.05,0,2,5,False,0,0.8999999999999999,0.1970368732287556,0.0,3.25,3.25
6672,True,19,5,45,0.1,-4,20,0.6,-34,3,6,False,0,0.5578947368421053,0.3686548965476222,0.8999999999999999,-1.6000000000000014,-2.5000000000000013
6674,True,18,4,-3,1.0,-3,10,0.5,-13,1,4,False,0,0.7111111111111111,0.3233808333817773,-3.0,-1.5,1.5
6676,False,15,1,12,0.95,-28,14,0.9,7,0,1,False,0,0.72,0.3277629805645711,9.999999999999996,13.299999999999999,3.3000000000000025
6677,True,16,3,-5,1.0,-5,65,0.1,-15,1,6,False,0,0.4000000000000001,0.3864367132317184,-5.0,-7.0,-2.0
6679,True,18,4,14,1.0,14,17,0.05,16,0,1,False,0,0.8888888888888888,0.2083235291810733,14.0,16.05,2.0500000000000007
6681,True,16,4,20,0.9,7,28,0.9,-35,0,1,False,0,0.4875,0.3862210075418823,18.7,21.7,3.0
6682,False,15,1,68,0.2,13,55,0.05,21,1,6,True,-1,0.5466666666666666,0.2875181153713043,24.0,22.7,-1.3000000000000007
6682,True,16,4,68,0.2,13,55,0.05,21,1,6,True,-1,0.8625,0.1892969448600091,24.0,22.7,-1.3000000000000007
6683,True,31,4,16,0.99,-6,33,0.75,-23,1,4,False,0,0.4774193548387097,0.3565666626961031,15.78,19.0,3.2200000000000006
6684,True,16,4,8,1.0,8,85,0.2,-12,1,8,False,0,0.375,0.3415650255319866,8.0,7.399999999999999,-0.6000000000000014
6689,True,16,3,16,1.0,16,20,0.05,15,0,1,False,0,0.375,0.4187282332651254,16.0,15.25,-0.75
6692,False,15,1,64,0.5,-18,38,0.75,-9,3,5,False,0,0.48,0.4195235392680606,23.0,26.25,3.25
6692,True,17,5,64,0.5,-18,38,0.75,-9,3,5,False,0,0.5647058823529412,0.3951916884098592,23.0,26.25,3.25
6693,False,15,1,5,0.75,-6,4,0.8,0,0,1,False,1,0.8,0.2725540575476987,2.25,3.2,0.9500000000000002
6693,True,17,3,5,0.75,-6,4,0.8,0,0,1,False,1,0.5882352941176471,0.3706115772294095,2.25,3.2,0.9500000000000002
6695,True,18,5,40,0.5,6,49,0.6,-14,0,1,False,0,0.2777777777777778,0.3227739248079803,23.0,23.799999999999997,0.7999999999999972
6696,False,16,1,3,1.0,3,74,0.2,-16,0,1,False,0,0.2625000000000001,0.307408522978788,3.0,2.0,-1.0
6697,False,15,1,18,1.0,18,85,0.4,-31,0,1,False,0,0.2133333333333332,0.3067494712224262,18.0,15.400000000000002,-2.599999999999998
6697,True,15,4,18,1.0,18,85,0.4,-31,0,1,False,0,0.4666666666666667,0.3436498771936898,18.0,15.400000000000002,-2.599999999999998
6698,False,15,1,1,0.99,-23,70,0.2,-17,3,6,False,0,0.4133333333333333,0.4373077809027587,0.7599999999999998,0.3999999999999986,-0.3600000000000012
6698,True,16,2,1,0.99,-23,70,0.2,-17,3,6,False,0,0.575,0.3785938897200182,0.7599999999999998,0.3999999999999986,-0.3600000000000012
6700,True,19,2,15,1.0,15,37,0.01,12,2,3,True,0,0.7263157894736841,0.2684153192828811,15.0,12.249999999999998,-2.7500000000000018
6701,True,18,2,47,0.25,-26,104,0.2,-34,2,2,False,0,0.4333333333333333,0.3895698985834929,-7.75,-6.400000000000002,1.3499999999999979
6702,False,15,1,4,1.0,4,40,0.1,-1,0,1,False,0,0.2133333333333332,0.3248442850410171,4.0,3.1,-0.8999999999999999
6702,True,17,3,4,1.0,4,40,0.1,-1,0,1,False,0,0.3058823529411765,0.3399826985217301,4.0,3.1,-0.8999999999999999
6703,True,16,4,-9,1.0,-9,97,0.25,-45,0,1,True,0,0.6375000000000001,0.2655183609470351,-9.0,-9.5,-0.5
6704,False,16,1,24,1.0,24,26,0.9,-8,0,1,True,0,0.1125,0.1627882059609971,24.0,22.6,-1.3999999999999986
6704,True,16,4,24,1.0,24,26,0.9,-8,0,1,True,0,0.325,0.3492849839314596,24.0,22.6,-1.3999999999999986
6705,True,16,4,8,1.0,8,35,0.5,-20,0,1,False,0,0.475,0.3336665001664586,8.0,7.5,-0.5
6707,True,19,2,6,1.0,6,23,0.5,-8,2,5,False,0,0.6736842105263158,0.3603117558497208,6.0,7.5,1.5
6711,False,16,1,41,0.1,-5,0,0.75,-11,1,2,False,0,0.2875,0.3862210075418822,-0.39999999999999947,-2.75,-2.3500000000000005
6711,True,15,2,41,0.1,-5,0,0.75,-11,1,2,False,0,0.3466666666666667,0.4033195589934446,-0.39999999999999947,-2.75,-2.3500000000000005
6712,False,16,1,16,1.0,16,19,0.9,-22,1,2,False,0,0.3548076923076923,0.3494472953519556,16.0,14.900000000000002,-1.0999999999999979
6712,True,16,3,16,1.0,16,19,0.9,-22,1,2,False,0,0.6625,0.3774917217635375,16.0,14.900000000000002,-1.0999999999999979
6714,False,17,1,76,0.1,3,13,0.75,11,3,5,False,-1,0.5529411764705883,0.3642074392753797,10.3,12.5,2.1999999999999993
6714,True,16,3,76,0.1,3,13,0.75,11,3,5,False,-1,0.6124999999999999,0.3964425136973414,10.3,12.5,2.1999999999999993
6717,True,16,5,18,1.0,18,53,0.25,3,3,5,False,0,0.3625,0.3201562118716424,18.0,15.5,-2.5
6718,False,17,1,17,1.0,17,94,0.4,-34,2,4,False,0,0.3529411764705882,0.3776864557056943,17.0,17.200000000000003,0.20000000000000284
6719,True,16,2,-2,1.0,-2,18,0.5,-25,0,1,False,0,0.5875,0.3685557397915997,-2.0,-3.5,-1.5
6720,True,16,4,18,0.2,-8,70,0.1,-8,0,1,False,0,0.6625000000000001,0.3480900266693469,-2.8000000000000003,-0.20000000000000018,2.6
6722,True,18,4,32,0.8,-24,40,0.2,13,0,1,True,0,0.6555555555555556,0.3275977128093365,20.800000000000004,18.4,-2.4000000000000057
6726,True,16,5,10,1.0,10,40,0.25,-1,0,1,False,0,0.3375,0.3774917217635376,10.0,9.25,-0.75
6730,False,16,1,22,0.6,10,35,0.6,-17,2,7,False,0,0.525,0.3568379650952703,17.2,14.2,-3.0
6730,True,19,5,22,0.6,10,35,0.6,-17,2,7,False,0,0.6000000000000001,0.3464101615137754,17.2,14.2,-3.0
6731,False,16,1,98,0.05,-15,53,0.1,-20,3,3,False,1,0.5375,0.4303099657998483,-9.35,-12.7,-3.3499999999999996
6731,True,19,3,98,0.05,-15,53,0.1,-20,3,3,False,1,0.4315789473684211,0.3667464028134539,-9.35,-12.7,-3.3499999999999996
6733,False,16,1,-9,1.0,-9,45,0.05,-9,3,3,False,0,0.9,0.2190890230020664,-9.0,-6.299999999999999,2.700000000000001
6733,True,19,5,-9,1.0,-9,45,0.05,-9,3,3,False,0,0.9578947368421056,0.1070606758062621,-9.0,-6.299999999999999,2.700000000000001
6735,True,16,4,-4,1.0,-4,14,0.4,-12,0,1,False,0,0.5375,0.3630886025935451,-4.0,-1.5999999999999988,2.4000000000000012
6736,True,21,2,12,0.2,-8,3,0.9,-39,1,6,True,0,0.6285714285714287,0.2917924898671265,-4.0,-1.1999999999999988,2.800000000000001
6737,False,16,1,26,1.0,26,41,0.6,7,0,1,False,0,0.4499999999999999,0.2875181153713043,26.0,27.4,1.3999999999999986
6737,True,16,3,26,1.0,26,41,0.6,7,0,1,False,0,0.6,0.3098386676965933,26.0,27.4,1.3999999999999986
6743,True,21,3,5,1.0,5,9,0.75,-19,0,1,True,0,0.2380952380952381,0.2654735212336449,5.0,2.0,-3.0
6744,True,19,3,19,1.0,19,29,0.8,-34,0,1,False,0,0.5368421052631579,0.394701752826372,19.0,16.400000000000006,-2.5999999999999943
6749,True,16,4,91,0.05,4,20,0.05,7,2,5,True,1,0.8250000000000001,0.2294921930407801,8.35,7.6499999999999995,-0.7000000000000002
6755,True,15,3,5,1.0,5,7,0.95,-4,1,2,False,0,0.6533333333333334,0.358302877997027,5.0,6.449999999999999,1.4499999999999993
6756,True,18,2,28,0.4,10,24,0.8,0,0,1,False,0,0.4777777777777778,0.3507228762822756,17.200000000000003,19.200000000000003,2.0
6757,True,16,3,13,1.0,13,58,0.25,-3,0,1,False,0,0.15,0.2129162589689509,13.0,12.25,-0.75
6758,True,15,5,-7,1.0,-7,66,0.2,-26,0,1,False,0,0.5466666666666666,0.3961721607488101,-7.0,-7.6,-0.5999999999999996
6762,True,16,4,28,1.0,28,39,0.1,25,1,6,False,0,0.375,0.3568379650952703,28.0,26.4,-1.6000000000000014
6763,True,15,3,16,1.0,16,42,0.05,15,3,6,False,0,0.6666666666666666,0.4186144947778269,16.0,16.35,0.3500000000000014
6765,True,16,3,23,0.5,17,53,0.6,-30,3,6,False,0,0.25,0.2581988897471611,20.0,19.799999999999997,-0.20000000000000284
6771,True,18,2,6,1.0,6,64,0.2,-9,3,5,True,0,0.6444444444444444,0.3535071714427275,6.0,5.6000000000000005,-0.39999999999999947
6773,True,17,4,20,1.0,20,19,0.9,-1,0,1,False,0,0.0705882352941176,0.1992633492465214,20.0,17.0,-3.0
6774,True,15,3,32,0.9,-15,40,0.4,22,0,1,True,0,0.76,0.264034629763381,27.3,29.2,1.8999999999999986
6783,True,16,5,30,1.0,30,55,0.75,-48,0,1,False,0,0.3875,0.3222318006239194,30.0,29.25,-0.75
6785,True,19,5,62,0.25,-14,8,0.25,5,1,8,False,0,0.8000000000000002,0.2905932629027115,5.0,5.75,0.75
6786,True,19,5,24,1.0,24,36,0.4,18,1,2,False,0,0.6,0.3771236166328253,24.0,25.2,1.1999999999999993
6788,True,19,3,11,1.0,11,17,0.5,10,2,4,False,0,0.8,0.2309401076758503,11.0,13.5,2.5
6789,True,18,2,9,1.0,9,17,0.05,12,0,1,True,0,0.9444444444444444,0.1149026299920283,9.0,12.249999999999998,3.2499999999999982
6792,True,16,4,40,0.6,-33,35,0.4,-2,0,1,False,0,0.6499999999999999,0.3055050463303893,10.799999999999999,12.8,2.0000000000000018
6795,True,16,4,25,1.0,25,66,0.1,22,1,4,True,0,0.6250000000000001,0.3492849839314596,25.0,26.400000000000002,1.4000000000000021
6797,True,19,3,29,0.75,9,71,0.2,12,0,1,True,0,0.5578947368421052,0.3167820657691696,24.0,23.800000000000004,-0.19999999999999574
6800,True,17,3,68,0.01,21,19,0.99,-25,0,1,False,0,0.188235294117647,0.3351909025860794,21.47,18.56,-2.91
6801,True,17,4,-8,1.0,-8,-2,0.01,-10,0,1,False,0,0.2941176470588236,0.3399826985217302,-8.0,-9.92,-1.92
6802,True,20,2,82,0.2,12,26,1.0,26,1,4,False,0,0.71,0.2712543960351998,26.000000000000004,26.0,-3.552713678800501e-15
6803,True,17,2,32,0.75,-12,45,0.75,-45,0,1,False,0,0.5058823529411764,0.4130232866245167,21.0,22.5,1.5
6804,True,16,4,26,1.0,26,42,0.5,16,0,1,False,0,0.65,0.3898717737923586,26.0,29.0,3.0
6806,True,18,2,53,0.1,17,24,0.5,11,0,1,False,0,0.4555555555555555,0.4488183468807085,20.6,17.5,-3.1000000000000014
6812,True,16,4,-3,1.0,-3,38,0.25,-15,3,3,True,0,0.8750000000000001,0.2175622516277429,-3.0,-1.75,1.25
6815,True,15,5,15,0.6,-33,-4,1.0,-4,0,1,False,0,0.2133333333333332,0.2669046557070431,-4.200000000000001,-4.0,0.20000000000000107
6820,True,16,2,23,1.0,23,26,0.95,10,0,1,False,0,0.5625,0.3593976442141304,23.0,25.2,2.1999999999999993
6823,True,18,5,32,0.4,29,29,0.99,-21,3,6,False,0,0.2333333333333333,0.3086974532565159,30.2,28.5,-1.6999999999999993
6826,True,17,4,25,1.0,25,28,0.9,-5,1,4,False,0,0.3176470588235294,0.3876778529230924,25.0,24.7,-0.3000000000000007
6827,True,17,2,43,0.4,-29,2,0.95,-18,0,1,False,0,0.4470588235294118,0.3502100210210002,-0.1999999999999993,0.9999999999999991,1.1999999999999984
6828,True,16,3,64,0.01,15,87,0.05,12,1,4,False,0,0.3125000000000001,0.3649200825751669,15.49,15.75,0.2599999999999998
6831,True,16,2,-9,1.0,-9,1,0.01,-9,1,8,True,0,0.7875,0.3757215280851852,-9.0,-8.9,0.09999999999999964
6832,True,16,2,28,0.95,25,44,0.75,-12,1,2,False,0,0.3999999999999999,0.3651483716701107,27.849999999999998,30.0,2.150000000000002
6835,True,16,3,-3,1.0,-3,1,0.8,-33,1,6,False,0,0.7625000000000001,0.2941088233970549,-3.0,-5.799999999999999,-2.799999999999999
6837,True,18,2,35,0.6,-38,16,0.8,-43,0,1,False,0,0.4777777777777778,0.4008161608159553,5.799999999999999,4.200000000000003,-1.599999999999996
6838,True,18,2,20,0.01,0,12,0.6,-11,1,6,False,0,0.7888888888888891,0.2609685328988894,0.2,2.799999999999999,2.5999999999999988
6841,True,16,4,0,1.0,0,27,0.4,-22,0,1,False,0,0.3124999999999999,0.3575378767813744,0.0,-2.3999999999999986,-2.3999999999999986
6844,True,15,3,19,1.0,19,46,0.05,21,1,6,False,0,0.9066666666666666,0.2711527420547495,19.0,22.25,3.25
6845,True,16,2,19,0.4,-13,12,0.4,-4,0,1,False,0,0.6625,0.3403429642777023,-0.1999999999999993,2.400000000000001,2.6
6846,True,15,5,4,1.0,4,65,0.05,2,0,1,False,0,0.5066666666666667,0.4712698145385911,4.0,5.15,1.1500000000000004
6847,True,16,3,33,0.75,-23,41,0.25,16,3,3,False,0,0.8125,0.2872281323269014,19.0,22.25,3.25
6848,True,18,3,35,0.6,-35,16,0.5,-3,2,7,False,0,0.6111111111111112,0.4142873241219246,7.0,6.5,-0.5
6851,True,16,5,-3,1.0,-3,49,0.1,-8,3,3,False,0,0.7625,0.3201562118716424,-3.0,-2.3,0.7000000000000002
6855,True,18,4,27,1.0,27,78,0.2,17,2,6,False,0,0.5333333333333332,0.3360672201667224,27.0,29.200000000000003,2.200000000000003
6857,True,16,4,2,1.0,2,2,0.99,-16,0,1,False,0,0.1,0.2309401076758503,2.0,1.8199999999999998,-0.18000000000000016
6860,True,17,4,62,0.25,6,32,0.8,-29,0,1,True,0,0.188235294117647,0.3276475868619676,20.0,19.800000000000004,-0.19999999999999574
6862,True,17,4,18,1.0,18,24,0.8,-11,2,4,False,0,0.4823529411764706,0.4065637928382935,18.0,17.000000000000004,-0.9999999999999964
6863,True,16,5,24,1.0,24,78,0.01,22,1,2,True,0,0.7749999999999999,0.325576411921994,24.0,22.560000000000002,-1.4399999999999977
6864,True,16,2,7,0.5,-9,2,0.8,-6,0,1,False,0,0.7000000000000001,0.3651483716701108,-1.0,0.40000000000000036,1.4000000000000004
6868,True,19,2,25,0.1,7,8,0.6,7,0,1,False,0,0.5789473684210527,0.3994147765702842,8.8,7.6,-1.200000000000001
6869,True,16,2,5,1.0,5,50,0.2,-7,0,1,True,0,0.3250000000000001,0.3785938897200182,5.0,4.3999999999999995,-0.6000000000000005
6872,True,15,2,27,1.0,27,78,0.01,29,0,1,False,0,0.9333333333333332,0.1234426799696735,27.0,29.490000000000002,2.490000000000002
6875,True,17,4,111,0.01,24,27,0.9,10,2,2,False,1,0.5058823529411763,0.4069253436370333,24.869999999999997,25.3,0.43000000000000327
6876,True,16,3,14,0.4,9,43,0.2,6,2,6,True,0,0.7124999999999999,0.3792536530256938,11.0,13.4,2.4000000000000004
6877,True,16,3,-1,1.0,-1,52,0.4,-35,1,4,False,0,0.5625000000000001,0.4014556845614054,-1.0,-0.1999999999999993,0.8000000000000007
6880,True,19,2,43,0.05,29,81,0.5,-19,0,1,False,0,0.2947368421052631,0.2778362511554969,29.699999999999996,31.0,1.3000000000000043
6884,True,16,2,36,0.4,-31,1,0.75,-16,0,1,False,0,0.4125,0.3827531841800928,-4.1999999999999975,-3.25,0.9499999999999975
6885,True,17,5,6,0.75,-3,13,0.1,3,0,1,True,0,0.7529411764705882,0.2400980191995123,3.75,4.0,0.25
6886,True,18,2,45,0.1,15,111,0.4,-43,1,4,False,0,0.4222222222222223,0.3352883843105735,18.0,18.600000000000005,0.600000000000005
6893,True,17,3,-2,1.0,-2,8,0.1,-2,0,1,False,0,0.7294117647058824,0.3157623827388899,-2.0,-1.0,1.0
6897,True,18,2,10,1.0,10,18,0.2,8,0,1,False,0,0.3888888888888889,0.3660422490704798,10.0,10.0,0.0
6898,True,17,4,16,1.0,16,56,0.4,-7,0,1,False,0,0.3647058823529412,0.362182924208521,16.0,18.200000000000003,2.200000000000003
6899,True,16,2,18,1.0,18,26,0.2,20,0,1,False,0,0.8875000000000001,0.2061552812808829,18.0,21.2,3.1999999999999993
6900,True,16,3,16,1.0,16,88,0.2,-6,1,6,False,0,0.275,0.3087609647175843,16.0,12.8,-3.1999999999999993
6901,True,18,3,14,1.0,14,20,0.8,-19,1,4,False,0,0.5444444444444444,0.3129033344853106,14.0,12.200000000000001,-1.799999999999999
6902,True,17,3,27,0.75,20,112,0.4,-31,0,1,True,0,0.2588235294117647,0.2895229341723462,25.25,26.200000000000006,0.9500000000000064
6904,True,16,4,46,0.6,-4,26,0.99,8,0,1,True,0,0.6124999999999998,0.3537890143385838,25.999999999999996,25.82,-0.17999999999999616
6905,True,16,5,13,1.0,13,35,0.4,-3,0,1,True,0,0.4,0.2921186973360886,13.0,12.2,-0.8000000000000007
6906,True,16,4,16,1.0,16,44,0.25,10,0,1,True,0,0.65,0.3540244812627134,16.0,18.5,2.5
6908,True,16,2,16,0.6,-14,37,0.2,-6,0,1,False,0,0.35,0.3614784456460256,3.999999999999999,2.5999999999999996,-1.3999999999999995
6909,True,16,3,15,1.0,15,30,0.75,-24,0,1,False,0,0.3625,0.3442382895611701,15.0,16.5,1.5
6915,True,15,2,52,0.5,-14,39,0.1,17,0,1,False,0,0.6266666666666667,0.3614784456460256,19.0,19.200000000000003,0.20000000000000284
6917,True,19,3,23,0.5,-13,7,0.9,-10,0,1,False,0,0.5368421052631579,0.3774336237683086,5.0,5.3,0.2999999999999998
6919,True,16,3,-2,1.0,-2,87,0.1,-15,3,7,True,0,0.7875,0.2777888886666756,-2.0,-4.799999999999999,-2.799999999999999
6921,True,16,5,32,0.01,20,63,0.2,7,1,6,False,0,0.3375,0.2704933763822446,20.12,18.200000000000003,-1.9199999999999982
6926,True,17,5,11,1.0,11,12,0.8,9,1,2,False,0,0.5882352941176471,0.444244235951881,11.0,11.4,0.40000000000000036
6928,True,16,4,-7,1.0,-7,56,0.25,-27,3,4,False,0,0.5500000000000002,0.3464101615137754,-7.0,-6.25,0.75
6929,True,21,3,64,0.25,-32,12,0.25,-17,2,3,False,0,0.5142857142857142,0.4452928410447604,-8.0,-9.75,-1.75
6930,True,15,2,42,0.5,-2,52,0.2,9,1,6,False,0,0.5333333333333333,0.4450789122113494,20.0,17.6,-2.3999999999999986
6934,True,15,3,23,1.0,23,38,0.5,11,2,2,False,0,0.6,0.3927922024247863,23.0,24.5,1.5
6935,True,15,5,7,1.0,7,10,0.9,-8,1,4,False,0,0.6266666666666667,0.376955220278534,7.0,8.2,1.1999999999999993
6936,True,19,5,26,0.9,16,104,0.25,-3,0,1,True,0,0.4947368421052631,0.3673836689809689,25.0,23.75,-1.25
6938,True,16,5,11,1.0,11,25,0.2,4,1,2,False,0,0.425,0.3991657967979387,11.0,8.2,-2.8000000000000007
6939,True,15,2,20,0.9,-14,26,0.05,16,0,1,False,0,0.8533333333333334,0.2972893411828826,16.6,16.5,-0.10000000000000142
6940,True,16,5,-5,0.99,-28,9,0.05,-4,0,1,False,0,0.925,0.2516611478423583,-5.23,-3.3499999999999996,1.8800000000000008
6944,True,19,2,40,0.5,-26,55,0.25,-8,0,1,False,1,0.4,0.3126943839882286,7.0,7.75,0.75
6946,True,20,4,1,1.0,1,47,0.25,-13,0,1,False,0,0.3300000000000001,0.3798891805167452,1.0,2.0,1.0
6948,True,16,5,11,0.6,-26,98,0.2,-31,0,1,False,0,0.275,0.3855731664245668,-3.8000000000000007,-5.199999999999999,-1.3999999999999986
6949,True,18,4,27,1.0,27,53,0.5,-3,2,4,False,0,0.5,0.4242640687119285,27.0,25.0,-2.0
6950,True,17,4,3,0.75,-29,-5,1.0,-5,1,8,False,0,0.2588235294117647,0.3063062673400019,-5.0,-5.0,0.0
6952,True,16,4,28,1.0,28,28,1.0,28,2,2,False,0,0.5375,0.4177319714841085,28.0,28.0,0.0
6956,True,15,2,-5,1.0,-5,21,0.1,-8,2,5,False,0,0.7599999999999999,0.3641035959331198,-5.0,-5.1,-0.09999999999999964
6958,True,17,3,-6,0.25,-10,-9,1.0,-9,1,8,True,0,0.5529411764705883,0.4032952501871667,-9.0,-9.0,0.0
6959,True,20,2,49,0.6,-3,28,1.0,28,1,8,False,0,0.58,0.409878030638384,28.2,28.0,-0.1999999999999993
6960,True,16,5,16,0.9,-1,17,0.05,11,1,2,False,0,0.625,0.3714835124201341,14.3,11.299999999999999,-3.0000000000000018
6962,True,16,5,40,0.8,-37,51,0.6,-17,1,8,False,0,0.625,0.3568379650952703,24.6,23.799999999999997,-0.8000000000000043
6966,True,16,5,0,1.0,0,0,1.0,0,1,6,True,0,0.5625,0.4080441152620633,0.0,0.0,0.0
6969,True,20,5,1,1.0,1,5,0.25,0,1,2,True,0,0.71,0.3640416401862206,1.0,1.25,0.25
6972,True,19,2,12,1.0,12,86,0.1,1,1,6,False,0,0.4,0.3711842908553348,12.0,9.5,-2.5
6973,True,15,4,84,0.4,-21,25,0.95,4,0,1,False,-1,0.6933333333333334,0.3534860406754147,21.0,23.95,2.9499999999999993
6974,True,16,4,2,1.0,2,3,0.95,2,0,1,False,0,0.9,0.2633122354417533,2.0,2.9499999999999997,0.9499999999999997
6975,True,15,2,49,0.6,-16,23,1.0,23,0,1,False,0,0.5466666666666667,0.3335237551331168,23.0,23.0,0.0
6981,True,16,3,34,0.75,-11,20,0.8,19,1,2,False,0,0.5499999999999999,0.322490309931942,22.75,19.799999999999997,-2.950000000000003
6982,True,19,3,6,1.0,6,56,0.1,-3,0,1,False,0,0.4105263157894736,0.3494356352146912,6.0,2.9000000000000004,-3.0999999999999996
6984,True,31,2,55,0.1,12,16,1.0,16,1,4,False,0,0.5612903225806453,0.3593303209720722,16.3,16.0,-0.3000000000000007
6985,True,17,3,5,0.5,-3,64,0.2,-11,1,4,False,-1,0.3882352941176471,0.3568654384729216,1.0,4.0,3.0
6995,True,16,2,12,1.0,12,12,0.99,11,0,1,False,0,0.375,0.4312771730569565,12.0,11.989999999999998,-0.010000000000001563
6996,True,16,4,7,1.0,7,23,0.2,1,1,2,True,0,0.6625,0.4112987559751022,7.0,5.4,-1.5999999999999996
6999,True,31,2,3,1.0,3,62,0.4,-39,0,1,False,0,0.503225806451613,0.3683149657270183,3.0,1.4000000000000021,-1.5999999999999979
7001,True,16,2,3,1.0,3,69,0.01,3,1,6,False,0,0.9625,0.1087811258138714,3.0,3.6599999999999997,0.6599999999999997
7003,True,16,3,33,0.95,-24,41,0.4,28,0,1,False,1,0.725,0.3492849839314596,30.15,33.2,3.0500000000000043
7006,True,17,5,15,1.0,15,16,0.6,11,0,1,True,0,0.1764705882352941,0.2990180006385608,15.0,14.0,-1.0
7008,True,16,2,62,0.2,-8,6,1.0,6,1,4,False,0,0.8749999999999999,0.1770122406313567,6.0,6.0,0.0
7010,True,16,4,6,1.0,6,51,0.2,-3,0,1,False,0,0.3,0.3864367132317184,6.0,7.800000000000001,1.8000000000000007
7012,True,16,4,-1,1.0,-1,76,0.05,-5,0,1,False,0,0.4375,0.4573474244670748,-1.0,-0.9499999999999997,0.050000000000000266
7013,True,18,3,85,0.25,-12,40,0.4,-6,0,1,True,0,0.7111111111111111,0.3007615606088472,12.25,12.4,0.15000000000000036
7014,True,16,3,-7,1.0,-7,25,0.05,-9,1,8,False,0,0.525,0.4250490167812021,-7.0,-7.299999999999999,-0.29999999999999893
7015,True,16,5,-9,1.0,-9,70,0.2,-26,0,1,False,0,0.5875,0.3461695153148719,-9.0,-6.800000000000001,2.1999999999999993
7018,True,16,3,3,1.0,3,41,0.25,-7,0,1,True,0,0.4125,0.3757215280851852,3.0,5.0,2.0
7021,True,15,5,5,1.0,5,3,0.9,-3,1,4,False,0,0.0133333333333333,0.0516397779494322,5.0,2.4000000000000004,-2.5999999999999996
7022,True,16,3,11,1.0,11,71,0.5,-46,1,8,False,0,0.35,0.3540244812627134,11.0,12.5,1.5
7023,True,16,4,-1,1.0,-1,40,0.4,-30,0,1,False,0,0.5750000000000001,0.3568379650952703,-1.0,-2.0,-1.0
7024,True,18,5,9,0.4,-4,10,0.6,-16,0,1,False,-1,0.5888888888888889,0.4085683597333051,1.2000000000000002,-0.40000000000000036,-1.6000000000000005
7027,True,16,5,20,1.0,20,39,0.05,17,0,1,False,0,0.575,0.4553387017741116,20.0,18.099999999999998,-1.9000000000000021
7028,True,15,5,5,1.0,5,18,0.75,-28,0,1,False,0,0.5466666666666666,0.3248442850410171,5.0,6.5,1.5
7029,True,17,4,29,1.0,29,32,0.8,4,0,1,False,0,0.3647058823529412,0.362182924208521,29.0,26.400000000000002,-2.599999999999998
7031,True,18,5,-9,1.0,-9,-3,0.8,-39,0,1,True,0,0.4222222222222222,0.3490416384322609,-9.0,-10.2,-1.1999999999999993
7036,True,16,3,26,0.5,4,22,0.8,-13,0,1,False,0,0.15,0.1861898672502524,15.0,15.000000000000002,1.7763568394002505e-15
7038,True,18,3,39,0.2,28,49,0.6,8,2,2,False,0,0.5888888888888889,0.317876944168631,30.200000000000003,32.6,2.3999999999999986
7041,True,18,3,16,1.0,16,98,0.1,8,1,2,False,0,0.4333333333333333,0.4186814035123352,16.0,17.0,1.0
7043,True,16,4,-3,1.0,-3,37,0.1,-7,0,1,True,0,0.675,0.3991657967979388,-3.0,-2.5999999999999996,0.40000000000000036
7045,True,16,4,27,1.0,27,71,0.05,28,0,1,False,0,0.8875000000000001,0.1784189825476351,27.0,30.15,3.1499999999999986
7046,True,15,4,60,0.5,-16,39,0.01,20,0,1,False,-1,0.6266666666666667,0.3692979181920098,22.0,20.19,-1.8099999999999987
7050,True,17,4,11,0.4,-12,99,0.01,-5,0,1,False,-1,0.4,0.3605551275463989,-2.799999999999999,-3.96,-1.160000000000001
7051,True,18,2,58,0.1,15,33,0.01,18,0,1,False,0,0.5333333333333333,0.4115966043420212,19.3,18.15,-1.1500000000000021
7052,True,17,5,0,0.9,-19,10,0.6,-16,3,3,False,0,0.7294117647058823,0.3235828832817662,-1.8999999999999995,-0.40000000000000036,1.4999999999999991
7054,True,17,4,-5,1.0,-5,18,0.25,-16,0,1,False,0,0.5647058823529412,0.3334313581357268,-5.0,-7.5,-2.5
7055,True,17,4,41,0.4,23,94,0.1,22,0,1,False,0,0.388235294117647,0.3903241488512728,30.200000000000003,29.200000000000003,-1.0
7056,True,17,5,30,0.4,10,25,0.75,3,3,3,False,0,0.2588235294117648,0.2209604702469758,18.0,19.5,1.5
7057,True,18,5,64,0.5,-12,58,0.25,11,1,2,False,0,0.7555555555555555,0.2705598166378093,26.0,22.75,-3.25
7059,True,33,3,15,1.0,15,61,0.25,2,1,6,False,0,0.4666666666666667,0.3763863263545405,15.0,16.75,1.75
7060,True,16,4,21,0.4,4,21,0.25,5,2,6,False,0,0.6,0.3011090610836324,10.8,9.0,-1.8000000000000007
7065,True,16,5,89,0.1,8,18,0.99,-5,0,1,False,1,0.6,0.3502380143083653,16.1,17.77,1.6699999999999982
7068,True,15,2,-1,0.05,-9,-9,1.0,-9,1,4,False,0,0.5733333333333334,0.4267261863247181,-8.6,-9.0,-0.40000000000000036
7069,True,17,3,-3,1.0,-3,-2,0.5,-10,1,2,False,0,0.2117647058823529,0.2595244519818327,-3.0,-6.0,-3.0
7070,True,16,2,30,1.0,30,27,0.99,-2,0,1,False,0,0.125,0.2909753712372692,30.0,26.71,-3.289999999999999
7072,True,16,2,7,1.0,7,36,0.4,-11,0,1,True,0,0.3500000000000001,0.2581988897471611,7.0,7.800000000000001,0.8000000000000007
7073,True,19,2,27,1.0,27,54,0.25,16,0,1,False,0,0.5789473684210525,0.3119454143283209,27.0,25.5,-1.5
7077,True,21,5,13,0.5,-23,-5,1.0,-5,2,7,False,0,0.5523809523809524,0.3572380825430677,-5.0,-5.0,0.0
7078,True,16,5,6,1.0,6,18,0.6,-19,0,1,False,0,0.325,0.3642343567906063,6.0,3.1999999999999984,-2.8000000000000016
7079,True,17,5,4,1.0,4,27,0.5,-21,1,4,False,0,0.5882352941176472,0.3351909025860794,4.0,3.0,-1.0
7083,True,16,4,13,0.4,6,87,0.05,2,1,8,True,0,0.6749999999999999,0.3568379650952703,8.8,6.25,-2.5500000000000007
7085,True,16,5,-8,0.95,-26,118,0.1,-26,0,1,True,0,0.55,0.3464101615137754,-8.9,-11.600000000000001,-2.700000000000001
7086,True,16,4,8,1.0,8,18,0.05,11,0,1,True,0,0.875,0.1914854215512676,8.0,11.35,3.3499999999999996
7087,True,16,2,30,1.0,30,62,0.4,6,2,4,False,0,0.325,0.3991657967979388,30.0,28.4,-1.6000000000000014
7088,True,15,2,21,0.75,-7,47,0.01,15,1,2,False,0,0.5866666666666666,0.3739111175259754,14.0,15.32,1.3200000000000003
7089,True,19,3,19,0.9,-5,17,0.75,6,0,1,False,0,0.3894736842105263,0.4445906192369001,16.6,14.25,-2.3500000000000014
7092,True,19,5,26,1.0,26,33,0.01,29,0,1,False,0,0.9052631578947368,0.2527046677899065,26.0,29.04,3.039999999999999
7095,True,18,5,25,1.0,25,105,0.25,0,2,3,True,0,0.5555555555555556,0.3791976393296808,25.0,26.25,1.25
7096,True,19,2,10,1.0,10,13,0.5,10,0,1,False,0,0.9473684210526316,0.13067525929499,10.0,11.5,1.5
7100,True,17,2,4,1.0,4,16,0.25,4,0,1,False,0,0.8823529411764707,0.2555271368114526,4.0,7.0,3.0
7101,True,15,4,24,1.0,24,54,0.5,-6,3,3,False,0,0.36,0.4014260294784796,24.0,24.0,0.0
7103,True,17,5,20,0.95,7,31,0.1,20,0,1,True,0,0.7882352941176469,0.3568654384729216,19.35,21.1,1.75
7104,True,18,3,42,0.2,26,44,0.01,29,2,3,True,0,0.6111111111111112,0.4309891344186395,29.200000000000003,29.150000000000002,-0.05000000000000071
7106,True,19,3,67,0.1,-12,37,0.5,-50,0,1,False,0,0.6105263157894737,0.3016523695361659,-4.1000000000000005,-6.5,-2.3999999999999995
7113,True,16,5,-7,1.0,-7,-6,0.5,-8,0,1,False,0,0.6499999999999999,0.3687817782917156,-7.0,-7.0,0.0
7115,True,18,4,72,0.01,13,64,0.05,12,1,6,False,0,0.577777777777778,0.4166470583621466,13.59,14.599999999999998,1.009999999999998
7117,True,15,3,7,0.99,-29,24,0.5,-15,1,4,False,0,0.3866666666666667,0.3159264531651691,6.64,4.5,-2.1399999999999997
7120,True,16,3,12,1.0,12,15,0.8,6,3,5,False,0,0.6375,0.3947573094109003,12.0,13.2,1.1999999999999993
7121,True,17,2,24,0.2,-11,7,0.1,-6,0,1,False,0,0.4117647058823529,0.3772968873135194,-4.0,-4.7,-0.7000000000000002
7122,True,17,4,16,0.95,-5,26,0.75,-14,1,6,False,0,0.5529411764705883,0.3842486939776496,14.95,16.0,1.0500000000000007
7123,True,15,3,2,0.75,-14,47,0.5,-45,2,2,True,0,0.7599999999999999,0.3135055251278904,-2.0,1.0,3.0
7124,True,15,4,12,0.9,-17,9,0.2,8,0,1,True,0,0.4266666666666668,0.376955220278534,9.100000000000001,8.200000000000001,-0.9000000000000004
7125,True,19,2,-8,1.0,-8,3,0.5,-18,0,1,False,0,0.6526315789473686,0.3389008721877101,-8.0,-7.5,0.5
7126,True,17,5,-3,1.0,-3,0,0.99,-9,1,8,False,0,0.8823529411764707,0.2351470128389021,-3.0,-0.09000000000000008,2.91
7127,True,16,2,1,1.0,1,106,0.1,-9,0,1,False,0,0.4375,0.4080441152620633,1.0,2.5000000000000018,1.5000000000000018
7131,True,16,2,26,1.0,26,30,0.75,7,1,6,True,0,0.6499999999999999,0.3898717737923585,26.0,24.25,-1.75
7132,True,17,2,1,0.6,-9,-2,0.95,-12,0,1,True,0,0.1294117647058823,0.2229481606852615,-3.0,-2.5000000000000004,0.49999999999999956
7134,True,15,2,21,0.1,11,12,0.95,-35,3,3,True,0,0.24,0.3641035959331199,12.0,9.649999999999997,-2.350000000000003
7135,True,17,4,98,0.01,-2,-1,1.0,-1,0,1,False,0,0.4823529411764706,0.3811746550428803,-1.0,-1.0,0.0
7136,True,18,2,29,1.0,29,50,0.75,-27,1,2,False,0,0.3888888888888889,0.3529520695486751,29.0,30.75,1.75
7141,True,17,4,110,0.01,23,48,0.75,-44,0,1,False,0,0.3058823529411764,0.3091734712004211,23.87,25.0,1.129999999999999
7142,True,18,4,6,0.1,-2,-3,0.8,-8,2,3,False,0,0.1666666666666667,0.1714985851425088,-1.2,-4.0,-2.8
7143,True,20,4,29,0.6,16,57,0.5,-9,1,6,False,0,0.49,0.3522857691674399,23.799999999999997,24.0,0.20000000000000284
7146,True,18,3,13,1.0,13,11,0.95,-4,1,6,False,0,0.1444444444444445,0.2357022603955158,13.0,10.25,-2.75
7147,True,16,4,-6,1.0,-6,-3,0.8,-18,1,6,False,0,0.425,0.3568379650952703,-6.0,-6.0,0.0
7148,True,19,4,56,0.5,-40,8,1.0,8,1,4,False,0,0.5157894736842106,0.3730700826248435,8.0,8.0,0.0
7149,True,16,4,29,1.0,29,85,0.1,22,3,2,False,0,0.75,0.3055050463303893,29.0,28.3,-0.6999999999999993
7150,True,16,5,7,1.0,7,42,0.2,-4,0,1,False,0,0.5249999999999999,0.3642343567906063,7.0,5.2,-1.7999999999999998
7151,True,16,5,11,0.75,-32,2,0.9,-30,0,1,False,1,0.2625,0.2986078811194819,0.25,-1.199999999999999,-1.449999999999999
7155,True,18,3,-6,0.8,-26,-8,0.5,-17,0,1,False,0,0.2555555555555556,0.3203347921861865,-10.0,-12.5,-2.5
7156,True,18,5,22,1.0,22,23,0.75,22,1,8,False,0,0.6111111111111112,0.4309891344186394,22.0,22.75,0.75
7158,True,18,2,-4,1.0,-4,32,0.25,-17,1,2,False,0,0.6222222222222222,0.4051950228420232,-4.0,-4.75,-0.75
7159,True,16,2,25,0.75,1,22,0.99,3,1,6,False,0,0.4375000000000001,0.3442382895611701,19.0,21.810000000000002,2.8100000000000023
7161,True,19,3,25,0.4,-25,40,0.2,-14,1,6,False,0,0.5473684210526315,0.3641861872001304,-5.0,-3.200000000000001,1.799999999999999
7162,True,19,5,4,1.0,4,62,0.5,-48,2,5,False,0,0.6421052631578948,0.3625768722686177,4.0,7.0,3.0
7165,True,16,5,79,0.05,21,88,0.25,0,0,1,False,0,0.2875,0.3095695936834452,23.9,22.0,-1.8999999999999986
7167,True,16,2,26,0.99,-1,26,1.0,26,0,1,False,0,0.8875,0.2187083293643233,25.729999999999997,26.0,0.2700000000000031
7168,True,15,2,25,0.95,16,92,0.05,24,2,6,False,0,0.6666666666666666,0.4386125310350269,24.55,27.4,2.849999999999998
7170,True,16,2,63,0.01,24,24,1.0,24,0,1,False,0,0.3,0.4066120181860509,24.389999999999997,24.0,-0.389999999999997
7171,True,16,4,23,1.0,23,60,0.2,12,3,6,False,0,0.425,0.3568379650952703,23.0,21.6,-1.3999999999999986
7174,True,16,4,-1,1.0,-1,-2,0.99,-15,0,1,True,0,0.0375,0.1087811258138714,-1.0,-2.13,-1.13
7175,True,19,3,66,0.01,26,31,0.4,24,1,6,False,0,0.4842105263157894,0.3419927840283847,26.4,26.799999999999997,0.3999999999999986
7176,True,16,5,24,0.99,9,41,0.6,5,3,5,True,0,0.6125000000000002,0.3612478373637689,23.849999999999998,26.599999999999998,2.75
7177,True,17,4,28,1.0,28,29,0.75,15,2,4,False,0,0.4352941176470588,0.3757345746510897,28.0,25.5,-2.5
7179,True,16,4,13,1.0,13,18,0.4,14,1,6,False,0,0.8875,0.2729468812791236,13.0,15.600000000000001,2.6000000000000014
7180,True,17,4,48,0.4,13,110,0.2,7,1,6,False,0,0.5882352941176471,0.3351909025860794,27.000000000000004,27.6,0.5999999999999979
7181,True,15,5,26,0.75,14,56,0.05,19,1,4,True,0,0.6266666666666667,0.3614784456460256,23.0,20.85,-2.1499999999999986
7182,True,18,3,23,1.0,23,31,0.05,23,0,1,True,0,0.8555555555555556,0.2894664914514331,23.0,23.4,0.3999999999999986
7183,True,16,5,6,1.0,6,80,0.1,-2,0,1,False,0,0.4375000000000001,0.4145278438577237,6.0,6.2,0.20000000000000018
7185,True,16,5,46,0.1,18,34,0.2,16,0,1,True,0,0.375,0.2620432534271139,20.8,19.6,-1.1999999999999993
7187,True,16,3,27,1.0,27,27,0.8,14,2,6,True,0,0.6000000000000001,0.39327683210007,27.0,24.400000000000002,-2.599999999999998
7195,True,19,3,1,1.0,1,6,0.01,-2,0,1,False,0,0.0526315789473684,0.1611363158344566,1.0,-1.92,-2.92
7196,True,16,2,19,1.0,19,25,0.9,-10,0,1,True,0,0.2625,0.3159641329855864,19.0,21.5,2.5
7197,True,17,2,8,0.8,-29,26,0.5,-31,0,1,False,0,0.4705882352941176,0.2823223022592108,0.6000000000000014,-2.5,-3.1000000000000014
7205,True,16,5,-4,1.0,-4,19,0.4,-22,0,1,False,0,0.625,0.3336665001664586,-4.0,-5.599999999999999,-1.5999999999999988
7207,True,17,5,65,0.25,1,17,1.0,17,2,5,True,0,0.6823529411764706,0.3244905509364777,17.0,17.0,0.0
7209,True,16,5,21,1.0,21,24,0.6,23,3,2,False,0,0.9125,0.1927865832122834,21.0,23.6,2.6000000000000014
7210,True,20,5,15,1.0,15,52,0.01,12,1,6,False,0,0.57,0.3961658344949153,15.0,12.399999999999999,-2.6000000000000014
7212,True,18,4,29,1.0,29,29,1.0,29,2,3,False,0,0.4666666666666667,0.4498365716307097,29.0,29.0,0.0
7215,True,16,3,8,0.6,5,23,0.5,-3,2,5,False,1,0.7125,0.3575378767813745,6.8,10.0,3.2
7218,True,15,2,24,1.0,24,39,0.75,-25,0,1,False,0,0.36,0.304255531702266,24.0,23.0,-1.0
7219,True,16,3,2,1.0,2,11,0.5,-6,0,1,False,0,0.5875,0.4031128874149276,2.0,2.5,0.5
7221,True,17,3,13,1.0,13,52,0.6,-46,1,8,False,0,0.4235294117647059,0.4176263457995464,13.0,12.799999999999997,-0.20000000000000284
7222,True,17,2,-4,1.0,-4,33,0.2,-15,1,6,False,0,0.5411764705882354,0.4169214907051023,-4.0,-5.3999999999999995,-1.3999999999999995
7223,True,16,5,20,0.4,15,17,1.0,17,2,4,False,0,0.5875,0.4470272176650247,17.0,17.0,0.0
7225,True,16,5,70,0.4,3,30,1.0,30,2,4,False,0,0.4375,0.3593976442141304,29.8,30.0,0.1999999999999993
7226,True,15,3,40,0.05,5,7,0.8,-4,1,4,False,0,0.3333333333333333,0.3436498771936898,6.75,4.800000000000001,-1.9499999999999993
7233,True,15,2,15,1.0,15,14,0.95,12,0,1,True,0,0.28,0.3277629805645711,15.0,13.899999999999999,-1.1000000000000014
7234,True,19,3,73,0.4,-27,15,0.9,-9,2,4,False,0,0.5052631578947371,0.3290958729113014,13.000000000000004,12.6,-0.4000000000000039
7238,True,17,3,17,1.0,17,33,0.5,4,0,1,False,0,0.5882352941176472,0.3351909025860794,17.0,18.5,1.5
7239,True,16,4,28,0.01,23,23,1.0,23,1,4,False,0,0.3875,0.389657969677682,23.05,23.0,-0.05000000000000071
7240,True,15,2,-8,1.0,-8,77,0.05,-13,0,1,False,0,0.6266666666666667,0.3918211448145818,-8.0,-8.5,-0.5
7243,True,16,2,-2,1.0,-2,20,0.6,-28,1,6,False,0,0.6875,0.3575378767813745,-2.0,0.7999999999999989,2.799999999999999
7245,True,18,3,5,0.6,-25,79,0.2,-28,0,1,False,0,0.5333333333333334,0.2990180006385608,-7.0,-6.600000000000001,0.3999999999999986
7249,True,15,3,1,1.0,1,8,0.05,4,0,1,True,0,0.8933333333333334,0.1486446705914413,1.0,4.2,3.2
7250,True,19,4,5,1.0,5,16,0.01,4,0,1,False,0,0.3789473684210526,0.4049402526140548,5.0,4.12,-0.8799999999999999
7252,True,15,3,22,0.25,14,20,0.6,17,0,1,True,-1,0.52,0.3913347124174613,16.0,18.8,2.8000000000000007
7253,True,16,2,-1,1.0,-1,5,0.9,-24,2,4,True,0,0.5750000000000001,0.3415650255319866,-1.0,2.1000000000000005,3.1000000000000005
7255,True,19,4,2,1.0,2,7,0.4,2,0,1,True,0,0.8526315789473684,0.311570254343724,2.0,4.0,2.0
7259,True,18,4,29,1.0,29,44,0.2,25,0,1,False,0,0.6333333333333334,0.4242640687119285,29.0,28.8,-0.1999999999999993
7260,True,17,5,49,0.2,-16,-1,0.99,-30,0,1,False,0,0.4941176470588236,0.4130232866245167,-3.0,-1.2900000000000003,1.7099999999999997
7263,True,15,2,-6,1.0,-6,26,0.2,-11,0,1,False,0,0.4666666666666667,0.3754362541795624,-6.0,-3.6000000000000005,2.3999999999999995
7264,True,15,5,13,1.0,13,17,0.75,-6,1,8,False,0,0.6,0.4276179870598789,13.0,11.25,-1.75
7265,True,16,3,16,0.95,-4,20,0.01,14,0,1,False,0,0.6749999999999999,0.3991657967979387,15.0,14.059999999999999,-0.9400000000000013
7269,True,18,5,1,1.0,1,5,0.95,-12,0,1,False,0,0.7777777777777778,0.2646986200891953,1.0,4.1499999999999995,3.1499999999999995
7276,True,17,3,33,0.9,-1,40,0.75,-5,0,1,False,0,0.2705882352941176,0.2640187159141207,29.599999999999998,28.75,-0.8499999999999979
7278,True,16,3,30,0.9,1,38,0.8,-32,0,1,False,0,0.3125,0.3344149119482164,27.1,24.000000000000004,-3.099999999999998
7280,True,31,4,39,0.75,-29,51,0.6,-19,1,4,False,0,0.6193548387096776,0.3280440568365877,22.0,22.999999999999996,0.9999999999999964
7284,True,16,5,14,1.0,14,28,0.75,-30,1,6,False,0,0.45,0.322490309931942,14.0,13.5,-0.5
7286,True,16,5,13,1.0,13,22,0.6,-3,0,1,False,0,0.375,0.3087609647175843,13.0,12.0,-1.0
7288,True,15,5,59,0.01,-8,88,0.25,-40,1,2,False,0,0.6666666666666666,0.3518657752744984,-7.33,-8.0,-0.6699999999999999
7290,True,16,2,62,0.25,5,19,1.0,19,0,1,False,0,0.475,0.3785938897200182,19.25,19.0,-0.25
7292,True,16,4,16,1.0,16,73,0.25,1,0,1,False,0,0.5375,0.4177319714841085,16.0,19.0,3.0
7294,True,15,3,11,0.25,-17,19,0.6,-46,0,1,False,0,0.6133333333333333,0.358302877997027,-10.0,-7.000000000000002,2.9999999999999982
7295,True,16,3,40,0.2,5,23,0.8,-36,0,1,False,0,0.5625,0.4145278438577236,12.0,11.200000000000003,-0.7999999999999972
7298,True,17,2,26,1.0,26,41,0.01,26,0,1,False,0,0.8352941176470589,0.3019544180637788,26.0,26.15,0.14999999999999858
7299,True,17,2,13,1.0,13,27,0.75,-17,0,1,False,0,0.5764705882352942,0.3929526239966879,13.0,16.0,3.0
7300,True,18,2,41,0.5,1,22,0.9,15,0,1,False,0,0.4555555555555556,0.3681787005729088,21.0,21.3,0.3000000000000007
7301,True,16,3,26,0.05,-8,64,0.05,-7,0,1,False,0,0.7625,0.2848976424378879,-6.3,-3.4499999999999993,2.8500000000000005
7302,True,18,3,-7,1.0,-7,-2,0.9,-34,3,4,False,0,0.8111111111111111,0.3323514951671939,-7.0,-5.199999999999999,1.8000000000000007
7304,True,16,3,33,0.4,-30,87,0.05,-10,3,2,True,0,0.8125,0.2362907813126304,-4.799999999999999,-5.1499999999999995,-0.35000000000000053
7305,True,15,2,-8,1.0,-8,4,0.01,-5,0,1,False,0,0.96,0.1121223821162776,-8.0,-4.91,3.09
7306,True,19,3,10,1.0,10,56,0.25,-7,1,8,False,0,0.4631578947368422,0.3832761208258632,10.0,8.75,-1.25
7308,True,18,4,9,0.5,-5,2,1.0,2,1,6,True,0,0.6000000000000001,0.42840332837725,2.0,2.0,0.0
7310,True,17,3,27,1.0,27,30,0.8,4,0,1,False,0,0.3882352941176471,0.3903241488512728,27.0,24.8,-2.1999999999999993
7311,True,18,4,7,1.0,7,10,0.1,4,1,4,False,0,0.4,0.4228753118967395,7.0,4.6,-2.4000000000000004
7312,True,19,5,-6,1.0,-6,-2,0.25,-11,0,1,True,0,0.6,0.3590109871423003,-6.0,-8.75,-2.75
7313,True,17,2,38,0.1,19,21,1.0,21,0,1,False,0,0.4470588235294118,0.444575144180969,20.900000000000002,21.0,0.09999999999999787
7315,True,16,5,3,1.0,3,3,1.0,3,1,2,True,0,0.45,0.4163331998932265,3.0,3.0,0.0
7321,True,16,3,22,0.9,-19,47,0.5,-9,1,8,False,0,0.475,0.4187282332651256,17.900000000000002,19.0,1.0999999999999979
7322,True,15,4,-1,1.0,-1,1,0.99,-23,0,1,False,0,0.84,0.3042555317022659,-1.0,0.7599999999999998,1.7599999999999998
7327,True,16,4,-4,1.0,-4,53,0.1,-9,2,5,False,0,0.475,0.3855731664245669,-4.0,-2.799999999999999,1.200000000000001
7330,True,17,2,9,1.0,9,15,0.05,6,0,1,False,0,0.2470588235294117,0.3502100210210002,9.0,6.449999999999999,-2.5500000000000007
7331,True,16,2,48,0.6,-19,58,0.6,-28,0,1,False,0,0.3625,0.3593976442141304,21.199999999999996,23.599999999999994,2.3999999999999986
7334,True,16,5,47,0.1,27,88,0.2,18,0,1,False,0,0.625,0.3991657967979387,29.0,32.0,3.0
7336,True,18,4,8,0.2,-3,-1,0.99,-3,2,6,False,0,0.4343434343434344,0.4139938580371921,-0.8000000000000003,-1.02,-0.21999999999999975
7337,True,16,3,2,1.0,2,8,0.6,-12,0,1,False,0,0.375,0.3642343567906062,2.0,-8.881784197001252e-16,-2.000000000000001
7338,True,18,3,-6,1.0,-6,20,0.25,-17,3,3,False,0,0.5555555555555556,0.339934634239519,-6.0,-7.75,-1.75
7340,True,15,2,50,0.2,5,42,0.2,6,3,2,False,1,0.48,0.360951124510943,14.0,13.200000000000001,-0.7999999999999989
7345,True,18,4,-7,0.9,-19,24,0.2,-16,0,1,True,-1,0.7333333333333334,0.3067859955389482,-8.2,-8.0,0.1999999999999993
7347,True,16,5,20,1.0,20,25,0.8,5,0,1,False,0,0.5375,0.4177319714841085,20.0,21.0,1.0
7348,True,16,4,19,0.05,5,6,1.0,6,0,1,False,0,0.5249999999999999,0.4250490167812021,5.7,6.0,0.2999999999999998
7350,True,16,5,60,0.25,20,58,0.01,32,1,2,False,0,0.625,0.3087609647175843,30.0,32.26,2.259999999999998
7351,True,16,4,25,0.05,-8,42,0.1,-9,1,2,False,0,0.6,0.3794733192202056,-6.35,-3.8999999999999995,2.45
7354,True,16,3,4,1.0,4,3,0.9,-10,0,1,True,0,0.1625,0.2941088233970549,4.0,1.7000000000000004,-2.3
7355,True,15,3,24,1.0,24,36,0.1,20,0,1,False,0,0.3066666666666667,0.3283436063174123,24.0,21.6,-2.3999999999999986
7356,True,17,2,53,0.6,-7,81,0.01,30,0,1,False,0,0.6588235294117647,0.3222165877352758,28.999999999999996,30.509999999999998,1.5100000000000016
7357,True,16,2,10,1.0,10,60,0.01,11,0,1,False,0,0.8999999999999999,0.2065591117977289,10.0,11.49,1.4900000000000002
7361,True,16,4,4,1.0,4,52,0.4,-30,3,4,False,0,0.6249999999999999,0.3336665001664586,4.0,2.8000000000000007,-1.1999999999999993
7363,True,15,2,18,1.0,18,62,0.4,-15,0,1,False,0,0.3733333333333333,0.3283436063174123,18.0,15.8,-2.1999999999999993
7365,True,16,2,52,0.6,-13,48,0.5,10,1,6,False,0,0.75,0.3386246693120078,26.0,29.0,3.0
7366,True,15,4,-3,0.95,-7,8,0.4,-6,0,1,False,-1,0.6933333333333334,0.2250925735484551,-3.2,-0.39999999999999947,2.8000000000000007
7369,True,16,5,27,0.99,16,50,0.4,10,0,1,True,0,0.525,0.3568379650952703,26.89,26.0,-0.8900000000000006
7372,True,16,3,-10,1.0,-10,11,0.6,-34,2,4,False,0,0.7375,0.307408522978788,-10.0,-7.000000000000002,2.9999999999999982
7373,True,16,2,-9,1.0,-9,-12,0.99,-16,1,8,False,0,0.1625,0.233452350598575,-9.0,-12.04,-3.039999999999999
7375,True,16,4,-6,1.0,-6,-1,0.6,-14,1,2,True,0,0.475,0.3336665001664585,-6.0,-6.2,-0.20000000000000018
7376,True,16,2,19,1.0,19,21,0.75,21,2,3,False,0,0.7250000000000001,0.3642343567906062,19.0,21.0,2.0
7378,True,15,5,23,0.2,13,89,0.05,12,0,1,True,0,0.7333333333333332,0.246885359939347,15.0,15.849999999999998,0.8499999999999979
7382,True,17,4,42,0.1,10,46,0.25,-1,1,8,False,0,0.3294117647058825,0.2640187159141207,13.2,10.75,-2.4499999999999993
7385,True,16,4,8,1.0,8,17,0.6,-1,1,6,True,0,0.7250000000000001,0.3255764119219941,8.0,9.799999999999999,1.799999999999999
7387,True,15,2,-4,1.0,-4,0,0.9,-9,1,6,False,0,0.8533333333333334,0.2972893411828826,-4.0,-0.8999999999999998,3.1
7388,True,16,5,6,0.4,-6,12,0.01,-4,0,1,False,0,0.3625,0.3364025366531392,-1.1999999999999993,-3.84,-2.6400000000000006
7389,True,15,4,26,1.0,26,49,0.4,10,3,6,False,0,0.4800000000000001,0.3277629805645711,26.0,25.6,-0.3999999999999986
7394,True,17,5,61,0.05,3,81,0.01,7,0,1,False,0,0.823529411764706,0.2990180006385608,5.9,7.74,1.8399999999999999
7395,True,19,2,12,1.0,12,91,0.2,-8,0,1,False,0,0.3368421052631579,0.3593366207576732,12.0,11.799999999999999,-0.20000000000000107
7396,True,17,3,3,1.0,3,6,0.95,-2,3,4,False,0,0.8470588235294118,0.2294494689981421,3.0,5.6,2.5999999999999996
7397,True,19,3,28,0.4,3,18,0.01,15,0,1,False,-1,0.8,0.2828427124746189,13.0,15.03,2.0299999999999994
7398,True,16,4,93,0.4,-14,29,1.0,29,0,1,False,0,0.7250000000000001,0.3336665001664586,28.800000000000004,29.0,0.19999999999999574
7400,True,19,4,91,0.25,-20,23,0.01,6,0,1,True,0,0.6736842105263158,0.3070325810853845,7.75,6.17,-1.58
7401,True,19,5,1,1.0,1,0,0.4,0,0,1,False,0,0.1052631578947368,0.1682382048384119,1.0,0.0,-1.0
7406,True,17,2,6,1.0,6,16,0.75,-15,1,2,True,0,0.6235294117647058,0.3733788487660788,6.0,8.25,2.25
7408,True,15,5,87,0.05,-13,28,0.4,-27,1,4,False,1,0.6,0.4342481186734475,-7.999999999999999,-4.999999999999998,3.000000000000001
7412,True,15,5,19,0.25,18,51,0.1,18,1,6,False,0,0.72,0.405674042269688,18.25,21.3,3.0500000000000007
7414,True,17,3,14,1.0,14,106,0.2,-7,0,1,False,0,0.3058823529411765,0.4069253436370333,14.0,15.600000000000001,1.6000000000000014
7415,True,18,4,30,1.0,30,70,0.25,18,3,3,False,0,0.5222222222222221,0.4180565055468761,30.0,31.0,1.0
7416,True,16,4,70,0.4,-8,46,0.25,18,2,4,False,0,0.4125,0.3757215280851852,23.2,25.0,1.8000000000000007
7417,True,17,2,29,1.0,29,30,0.05,29,0,1,False,0,0.7294117647058824,0.4239173060314253,29.0,29.049999999999997,0.04999999999999716
7418,True,16,2,26,1.0,26,42,0.8,-27,0,1,False,0,0.5125000000000001,0.3721558813185679,26.0,28.200000000000003,2.200000000000003
7420,True,16,3,2,1.0,2,40,0.01,1,0,1,False,0,0.6875,0.3997916123849189,2.0,1.3900000000000001,-0.6099999999999999
7422,True,16,5,13,1.0,13,13,0.99,3,1,8,True,0,0.5750000000000001,0.3924283374069717,13.0,12.899999999999999,-0.10000000000000142
7425,True,17,5,-10,1.0,-10,-10,0.95,-24,0,1,True,0,0.2705882352941176,0.3996321838302581,-10.0,-10.700000000000001,-0.7000000000000011
7427,True,16,2,22,0.25,2,47,0.01,9,0,1,True,0,0.7625,0.3593976442141304,7.0,9.38,2.380000000000001
7429,True,15,5,23,1.0,23,58,0.4,-3,2,5,False,0,0.4933333333333334,0.3453086955726647,23.0,21.400000000000002,-1.5999999999999979
7431,True,17,2,7,1.0,7,28,0.6,-21,1,2,False,0,0.4,0.3605551275463989,7.0,8.4,1.4000000000000004
7432,True,16,2,84,0.01,12,64,0.25,-5,0,1,True,0,0.375,0.2909753712372692,12.719999999999999,12.25,-0.46999999999999886
7434,True,17,4,5,1.0,5,46,0.05,1,2,6,False,0,0.4823529411764706,0.3244905509364777,5.0,3.25,-1.75
7439,True,17,4,1,0.6,-17,40,0.05,-8,0,1,False,1,0.4352941176470588,0.4076474832354976,-6.200000000000001,-5.6,0.6000000000000014
7440,True,17,5,38,0.6,-15,31,0.75,-20,1,8,False,0,0.6470588235294118,0.3043797937175354,16.8,18.25,1.4499999999999993
7446,True,17,4,44,0.25,-20,1,0.75,-15,1,4,False,-1,0.5764705882352943,0.3152963125472328,-4.0,-3.0,1.0
7448,True,17,3,6,1.0,6,49,0.01,8,2,7,False,0,0.9176470588235291,0.1590412451128914,6.0,8.41,2.41
7449,True,16,5,12,0.4,5,15,0.75,-7,1,4,False,0,0.625,0.3172801075810878,7.800000000000001,9.5,1.6999999999999993
7453,True,16,5,0,1.0,0,64,0.01,-3,0,1,False,0,0.4500000000000001,0.3759432581299117,0.0,-2.3299999999999996,-2.3299999999999996
7454,True,18,5,10,1.0,10,16,0.9,-35,2,4,False,0,0.4666666666666667,0.3819454842528924,10.0,10.900000000000002,0.9000000000000021
7456,True,15,2,19,0.2,-11,36,0.1,-13,0,1,False,0,0.3333333333333333,0.3265986323710904,-5.0,-8.100000000000001,-3.1000000000000014
7460,True,17,5,12,1.0,12,37,0.6,-17,0,1,False,0,0.3411764705882353,0.29803276566808,12.0,15.399999999999999,3.3999999999999986
7463,True,17,3,27,1.0,27,45,0.8,-31,0,1,False,0,0.5882352941176471,0.4090879381947976,27.0,29.8,2.8000000000000007
7465,True,16,5,15,0.99,-14,15,1.0,15,1,6,True,0,0.6375,0.3518996068956789,14.709999999999999,15.0,0.2900000000000009
7466,True,17,2,3,1.0,3,65,0.1,-5,0,1,False,0,0.3529411764705882,0.4331824775121097,3.0,2.0,-1.0
7467,True,17,3,52,0.25,3,63,0.1,11,2,4,False,-1,0.6352941176470589,0.3951916884098592,15.25,16.200000000000003,0.9500000000000028
7468,True,17,2,-8,1.0,-8,31,0.05,-12,1,4,False,0,0.5176470588235295,0.4362271399707483,-8.0,-9.849999999999998,-1.8499999999999979
7470,True,15,2,25,0.5,-23,10,0.8,-20,3,2,True,1,0.4533333333333333,0.4307247491424304,1.0,4.000000000000001,3.000000000000001
7471,True,17,3,0,1.0,0,42,0.5,-43,0,1,False,0,0.5764705882352942,0.3666221006784538,0.0,-0.5,-0.5
7472,True,17,3,15,1.0,15,18,0.9,-39,0,1,False,0,0.1411764705882353,0.32988411512494,15.0,12.3,-2.6999999999999993
7474,True,16,2,15,1.0,15,14,0.95,-24,3,5,False,0,0.2875,0.3344149119482164,15.0,12.099999999999998,-2.900000000000002
7477,True,16,5,44,0.01,11,61,0.25,-1,0,1,False,0,0.4125,0.3827531841800928,11.33,14.5,3.17
7479,True,16,4,0,1.0,0,12,0.1,2,0,1,True,0,0.9,0.282842712474619,0.0,3.0,3.0
7486,True,16,4,14,0.05,5,85,0.4,-44,0,1,False,0,0.4625,0.3242941051987634,5.45,7.600000000000001,2.1500000000000012
7488,True,16,2,18,0.6,-47,-8,1.0,-8,1,8,False,0,0.275,0.2408318915758459,-8.000000000000002,-8.0,1.7763568394002505e-15
7491,True,16,2,32,0.1,11,17,0.75,-2,0,1,False,0,0.3375,0.3159641329855864,13.100000000000001,12.25,-0.8500000000000014
7495,True,15,5,12,1.0,12,15,0.75,9,0,1,True,0,0.5466666666666667,0.39617216074881,12.0,13.5,1.5
7499,True,15,4,13,1.0,13,15,0.01,12,1,8,False,0,0.3733333333333333,0.4267261863247181,13.0,12.03,-0.9700000000000006
7500,True,16,4,8,1.0,8,51,0.4,-20,2,5,False,0,0.4375000000000001,0.3879432948254165,8.0,8.400000000000002,0.40000000000000213
7501,True,16,4,22,0.6,-13,8,1.0,8,2,4,False,0,0.6375,0.3364025366531392,7.999999999999999,8.0,8.881784197001252e-16
7504,True,17,2,-9,1.0,-9,-10,0.8,-12,1,4,True,0,0.2588235294117647,0.2807552838536876,-9.0,-10.399999999999999,-1.3999999999999986
7505,True,32,2,6,1.0,6,31,0.5,-15,0,1,True,0,0.5109375,0.3197111536593516,6.0,8.0,2.0
7508,True,18,3,117,0.25,1,30,1.0,30,0,1,False,0,0.4777777777777778,0.3766033262724549,30.0,30.0,0.0
7509,True,19,5,3,1.0,3,36,0.25,-8,1,2,False,0,0.5263157894736842,0.3899317679104012,3.0,3.0,0.0
7510,True,16,3,9,0.9,2,18,0.2,6,0,1,False,-1,0.4,0.4,8.299999999999999,8.4,0.10000000000000142
7511,True,17,2,17,1.0,17,17,0.99,14,0,1,False,0,0.2705882352941177,0.3804022638641116,17.0,16.97,-0.030000000000001137
7514,True,16,4,12,1.0,12,15,0.25,10,0,1,False,0,0.5499999999999999,0.3464101615137755,12.0,11.25,-0.75
7518,True,16,5,27,1.0,27,47,0.05,29,0,1,False,0,0.9250000000000002,0.1612451549659709,27.0,29.9,2.8999999999999986
7519,True,16,4,17,0.5,11,74,0.2,0,0,1,False,0,0.2875,0.3344149119482164,14.0,14.8,0.8000000000000007
7520,True,19,3,66,0.1,13,18,1.0,18,1,2,False,0,0.5157894736842106,0.3905312021888148,18.3,18.0,-0.3000000000000007
7521,True,18,3,17,1.0,17,20,0.01,17,1,8,True,0,0.7,0.4186814035123352,17.0,17.029999999999998,0.029999999999997584
7525,True,16,5,44,0.05,7,41,0.01,7,1,4,False,-1,0.3,0.3346640106136302,8.85,7.34,-1.5099999999999998
7527,True,16,2,14,1.0,14,35,0.4,0,0,1,False,0,0.4625,0.3403429642777023,14.0,14.0,0.0
7528,True,17,3,76,0.1,-17,-8,1.0,-8,0,1,False,0,0.5764705882352942,0.3733788487660788,-7.7,-8.0,-0.2999999999999998
7530,True,18,3,12,1.0,12,52,0.25,0,0,1,True,0,0.4222222222222223,0.3209463131860412,12.0,13.0,1.0
7533,True,16,4,10,1.0,10,13,0.99,2,0,1,False,0,0.9375,0.1408308678285174,10.0,12.889999999999999,2.889999999999999
7535,True,17,2,26,1.0,26,78,0.1,23,1,2,False,0,0.5176470588235293,0.4246105482051274,26.0,28.5,2.5
7536,True,15,3,75,0.25,-37,38,0.1,-17,1,2,False,0,0.56,0.3942443042436649,-9.0,-11.5,-2.5
7540,True,17,2,-7,1.0,-7,-5,0.01,-8,1,6,False,0,0.1647058823529411,0.2572478777137632,-7.0,-7.97,-0.9699999999999998
7541,True,19,4,49,0.6,-13,29,0.75,12,3,6,False,0,0.4842105263157894,0.3905312021888148,24.2,24.75,0.5500000000000007
7542,True,19,5,1,1.0,1,55,0.05,1,1,2,False,0,0.7052631578947368,0.3851027052193369,1.0,3.7,2.7
7543,True,17,3,80,0.4,-23,37,0.25,8,1,6,False,0,0.5294117647058822,0.3386825687172889,18.200000000000003,15.25,-2.950000000000003
7544,True,15,5,97,0.2,2,79,0.1,12,0,1,False,0,0.6,0.3703280399090206,21.000000000000004,18.700000000000003,-2.3000000000000007
7546,True,21,5,35,0.75,-44,15,1.0,15,0,1,False,0,0.5619047619047621,0.3774601839614221,15.25,15.0,-0.25
7547,True,16,3,25,0.8,-21,16,1.0,16,0,1,False,0,0.6250000000000001,0.3492849839314596,15.8,16.0,0.1999999999999993
7548,True,20,3,11,1.0,11,13,0.75,-8,0,1,False,0,0.26,0.3118704184348634,11.0,7.75,-3.25
7551,True,19,3,99,0.4,-24,23,0.95,16,1,2,True,-1,0.8000000000000002,0.298142396999972,25.200000000000003,22.65,-2.5500000000000043
7553,True,19,2,16,1.0,16,17,0.5,13,0,1,False,0,0.4526315789473684,0.4154895653892747,16.0,15.0,-1.0
7555,True,20,4,14,1.0,14,14,0.99,-3,1,2,False,0,0.21,0.3697794506259957,14.0,13.83,-0.16999999999999993
7556,True,18,5,26,1.0,26,55,0.4,5,1,6,True,0,0.5999999999999999,0.3217598666159375,26.0,25.0,-1.0
7559,True,19,5,29,0.5,-37,25,0.25,-18,0,1,True,0,0.5789473684210527,0.2973567766700113,-4.0,-7.25,-3.25
7560,True,18,3,14,1.0,14,19,0.4,11,2,3,False,0,0.6333333333333333,0.4186814035123352,14.0,14.2,0.1999999999999993
7562,True,19,3,74,0.05,-4,116,0.1,-13,0,1,False,0,0.3789473684210526,0.3521031215242695,-0.09999999999999964,-0.09999999999999964,0.0
7564,True,19,2,16,1.0,16,94,0.05,13,0,1,False,0,0.5052631578947371,0.3908305745610186,16.0,17.05,1.0500000000000007
7565,True,19,5,10,1.0,10,45,0.5,-20,0,1,False,0,0.6631578947368422,0.3269565487879416,10.0,12.5,2.5
7567,True,18,3,5,1.0,5,2,0.25,2,0,1,False,0,0.1333333333333333,0.2057983021710106,5.0,2.0,-3.0
7568,True,19,5,10,0.8,-20,3,0.75,-1,1,4,False,0,0.2947368421052631,0.3673836689809689,4.000000000000001,2.0,-2.000000000000001
7570,True,18,4,25,1.0,25,28,0.25,20,1,6,False,0,0.5222222222222223,0.4008161608159554,25.0,22.0,-3.0
7571,True,16,5,11,1.0,11,15,0.75,-14,0,1,False,0,0.4375,0.3442382895611701,11.0,7.75,-3.25
7573,True,15,2,13,1.0,13,17,0.8,-20,0,1,True,0,0.2533333333333333,0.3159264531651691,13.0,9.600000000000001,-3.3999999999999986
7576,True,19,3,15,1.0,15,17,0.1,14,0,1,True,0,0.5473684210526315,0.3820535463527354,15.0,14.3,-0.6999999999999993
7577,True,19,4,0,1.0,0,71,0.1,-11,0,1,False,0,0.4000000000000001,0.38873012632302,0.0,-2.8,-2.8
7581,True,19,5,-4,0.99,-8,47,0.1,-12,0,1,False,0,0.4105263157894737,0.4445906192369001,-4.04,-6.1000000000000005,-2.0600000000000005
7582,True,15,2,12,1.0,12,79,0.2,-3,3,4,False,0,0.3466666666666667,0.3159264531651691,12.0,13.4,1.4000000000000004
7583,True,16,2,-2,1.0,-2,6,0.5,-16,0,1,True,0,0.4625,0.3324154027718932,-2.0,-5.0,-3.0
7584,True,18,2,83,0.01,24,60,0.05,20,1,2,False,0,0.3222222222222222,0.3638932544766319,24.589999999999996,22.0,-2.5899999999999963
7586,True,15,2,-2,0.8,-22,4,0.75,-36,2,5,False,0,0.9466666666666668,0.0915475416434126,-5.999999999999998,-6.0,-1.7763568394002505e-15
7588,True,16,5,97,0.25,-31,11,0.4,-6,0,1,False,0,0.5375,0.3159641329855864,1.0,0.8000000000000007,-0.1999999999999993
7589,True,16,3,1,1.0,1,68,0.05,-6,0,1,False,0,0.2875,0.3721558813185679,1.0,-2.299999999999999,-3.299999999999999
7591,True,16,4,20,0.8,-20,32,0.5,-13,0,1,False,1,0.4000000000000001,0.2732520204255893,12.0,9.5,-2.5
7593,True,18,3,28,1.0,28,44,0.4,23,0,1,False,0,0.7444444444444446,0.2357022603955158,28.0,31.4,3.3999999999999986
7595,True,18,3,18,1.0,18,90,0.05,15,1,6,True,0,0.6000000000000001,0.3360672201667224,18.0,18.75,0.75
7596,True,19,5,19,1.0,19,17,0.75,12,1,4,False,0,0.1368421052631579,0.17704527454797,19.0,15.75,-3.25
7599,True,17,3,20,1.0,20,20,1.0,20,3,5,False,0,0.5529411764705883,0.3842486939776496,20.0,20.0,0.0
7600,True,16,4,11,1.0,11,25,0.01,10,1,6,False,0,0.425,0.3642343567906062,11.0,10.15,-0.8499999999999996
7601,True,19,3,26,1.0,26,94,0.1,18,2,6,False,0,0.4105263157894736,0.3298058971949431,26.0,25.6,-0.3999999999999986
7602,True,20,3,14,1.0,14,12,0.99,-25,3,4,False,0,0.28,0.3750087718272313,14.0,11.629999999999999,-2.370000000000001
7604,True,16,5,29,1.0,29,52,0.2,26,0,1,False,0,0.6000000000000001,0.3502380143083653,29.0,31.200000000000003,2.200000000000003
7605,True,18,5,27,0.9,-2,99,0.25,-4,3,4,True,1,0.4555555555555556,0.3484794233476806,24.1,21.75,-2.3500000000000014
7606,True,16,3,16,1.0,16,97,0.1,8,1,6,False,0,0.5625000000000001,0.4272001872658765,16.0,16.900000000000002,0.9000000000000021
7608,True,18,3,20,1.0,20,17,0.99,-17,0,1,False,0,0.1333333333333333,0.2473387769603369,20.0,16.659999999999997,-3.3400000000000034
7609,True,32,4,77,0.1,11,63,0.2,10,0,1,False,0,0.5008928571428571,0.2870920123725787,17.6,20.6,3.0
7611,True,18,3,7,1.0,7,45,0.2,1,1,8,False,0,0.577777777777778,0.4166470583621467,7.0,9.8,2.8000000000000007
7613,True,20,5,28,1.0,28,57,0.2,22,3,5,False,0,0.5700000000000001,0.4066551623336799,28.0,29.0,1.0
7617,True,17,3,14,1.0,14,16,0.25,15,2,7,False,0,0.7294117647058824,0.4058397249567139,14.0,15.25,1.25
7618,True,18,3,12,0.9,-6,55,0.1,5,0,1,False,-1,0.5666666666666667,0.4242640687119285,10.200000000000001,10.0,-0.20000000000000107
7619,True,16,5,5,1.0,5,10,0.9,-16,3,5,False,0,0.6124999999999999,0.4031128874149275,5.0,7.4,2.4000000000000004
7620,True,17,5,17,1.0,17,50,0.5,-10,0,1,False,0,0.6,0.3605551275463989,17.0,20.0,3.0
7621,True,15,3,28,0.5,2,26,0.2,10,0,1,False,0,0.24,0.3135055251278904,15.0,13.2,-1.8000000000000007
7622,True,16,4,89,0.1,1,14,0.9,-23,0,1,False,0,0.5374999999999999,0.3913651321549566,9.8,10.3,0.5
7626,True,17,3,-8,1.0,-8,73,0.1,-15,0,1,True,0,0.7999999999999999,0.291547594742265,-8.0,-6.199999999999999,1.8000000000000007
7634,True,17,2,14,1.0,14,20,0.4,9,0,1,False,0,0.4470588235294117,0.4155081934493343,14.0,13.399999999999999,-0.6000000000000014
7636,True,19,3,33,0.5,-25,92,0.1,-7,0,1,False,0,0.5789473684210525,0.3583588322220884,4.0,2.9000000000000012,-1.0999999999999988
7639,True,17,5,15,1.0,15,59,0.4,-14,3,5,True,0,0.5882352941176471,0.3497898528780824,15.0,15.200000000000001,0.20000000000000107
7640,True,17,2,28,0.05,13,28,0.1,10,2,5,False,0,0.4,0.4242640687119285,13.75,11.8,-1.9499999999999993
7641,True,16,4,13,1.0,13,19,0.25,9,1,6,False,0,0.5375,0.4364630568559039,13.0,11.5,-1.5
7642,True,19,2,15,1.0,15,20,0.2,12,0,1,True,0,0.5052631578947369,0.4075314360206207,15.0,13.600000000000001,-1.3999999999999986
7643,True,16,2,-1,1.0,-1,63,0.05,-3,0,1,False,0,0.4375000000000001,0.3739429546512855,-1.0,0.3000000000000007,1.3000000000000007
7646,True,21,3,22,1.0,22,70,0.01,21,0,1,False,0,0.4761904761904762,0.4403461841605555,22.0,21.49,-0.5100000000000016
7647,True,16,4,17,0.05,0,32,0.25,-11,0,1,False,0,0.3500000000000001,0.2875181153713043,0.8500000000000001,-0.25,-1.1
7649,True,17,2,31,0.25,8,32,0.5,-2,1,8,True,0,0.5176470588235293,0.4065637928382935,13.75,15.0,1.25
7652,True,17,5,15,0.75,2,12,1.0,12,0,1,False,0,0.4352941176470588,0.4014678948412129,11.75,12.0,0.25
7654,True,17,4,29,1.0,29,57,0.6,-21,1,8,False,0,0.4235294117647057,0.3527205192583533,29.0,25.799999999999997,-3.200000000000003
7656,True,17,3,45,0.01,29,30,0.9,-5,0,1,False,0,0.2352941176470588,0.3334313581357268,29.16,26.5,-2.66
7658,True,17,3,24,0.1,14,61,0.25,1,1,2,False,0,0.3764705882352941,0.3800154795608758,15.0,16.0,1.0
7666,True,17,5,14,0.8,-15,18,0.4,0,1,8,False,0,0.6352941176470589,0.3823303160726799,8.200000000000003,7.2,-1.0000000000000027
7667,True,17,4,-7,1.0,-7,1,0.4,-12,0,1,True,0,0.6000000000000002,0.3807886552931953,-7.0,-6.799999999999999,0.20000000000000107
7669,True,15,5,54,0.5,4,40,0.5,14,3,3,False,0,0.4933333333333334,0.3844600418893019,29.0,27.0,-2.0
7672,True,17,3,62,0.5,-50,61,0.05,2,1,8,False,0,0.4117647058823529,0.3425681555201396,6.0,4.95,-1.0499999999999998
7675,True,17,3,33,0.01,5,28,0.1,0,0,1,False,0,0.1529411764705882,0.2400980191995124,5.28,2.8000000000000003,-2.48
7676,True,15,5,20,0.05,4,17,0.4,-5,0,1,True,0,0.1866666666666666,0.2875181153713043,4.8,3.8000000000000007,-0.9999999999999991
7677,True,16,2,-3,1.0,-3,0,0.95,-19,2,5,True,0,0.7375,0.3913651321549567,-3.0,-0.9500000000000008,2.049999999999999
7678,True,15,3,18,0.1,-12,-9,1.0,-9,2,8,False,0,0.6933333333333334,0.4463609472591607,-9.0,-9.0,0.0
7679,True,17,2,15,1.0,15,16,0.99,-10,1,8,False,0,0.4941176470588234,0.4190324990906047,15.0,15.74,0.7400000000000002
7680,True,17,2,65,0.1,12,30,0.8,-31,0,1,False,0,0.3294117647058823,0.3601470287992686,17.3,17.8,0.5
7683,True,16,2,23,0.05,-8,1,0.25,-10,0,1,False,1,0.3375,0.4112987559751022,-6.449999999999999,-7.25,-0.8000000000000007
7684,True,18,2,2,1.0,2,4,0.99,-6,0,1,False,0,0.7777777777777778,0.3812603796936983,2.0,3.9,1.9
7685,True,17,4,-10,1.0,-10,23,0.25,-23,0,1,False,0,0.6352941176470589,0.3481041088356115,-10.0,-11.5,-1.5
7687,True,16,2,20,1.0,20,30,0.1,22,2,4,False,0,0.7875,0.3537890143385838,20.0,22.8,2.8000000000000007
7688,True,16,5,4,0.1,-9,0,0.5,-12,1,4,False,1,0.575,0.4123105625617659,-7.699999999999999,-6.0,1.6999999999999993
7690,True,16,2,6,1.0,6,19,0.25,6,0,1,False,0,0.8875,0.1927865832122834,6.0,9.25,3.25
7691,True,15,2,62,0.2,-18,6,0.05,-2,2,3,False,0,0.56,0.3561701038227982,-2.0,-1.5999999999999999,0.40000000000000013
7694,True,16,2,-6,1.0,-6,-5,0.01,-5,1,4,True,0,0.7,0.3577708763999663,-6.0,-5.0,1.0
7696,True,16,3,15,1.0,15,25,0.25,16,1,2,False,0,0.775,0.3492849839314596,15.0,18.25,3.25
7697,True,16,2,16,1.0,16,54,0.5,-23,1,6,False,0,0.3375,0.2895398648430529,16.0,15.5,-0.5
7699,True,18,3,5,1.0,5,90,0.25,-23,0,1,False,0,0.3888888888888889,0.4142873241219246,5.0,5.25,0.25
7700,True,16,5,4,1.0,4,17,0.4,-7,1,2,False,0,0.3875,0.2963668897386031,4.0,2.6000000000000005,-1.3999999999999995
7701,True,16,2,-10,1.0,-10,33,0.4,-34,0,1,False,0,0.5500000000000002,0.2683281572999748,-10.0,-7.1999999999999975,2.8000000000000025
7703,True,17,5,27,1.0,27,31,0.01,24,2,6,True,0,0.776470588235294,0.3382480815997074,27.0,24.069999999999997,-2.9300000000000033
7708,True,16,2,4,1.0,4,12,0.8,-13,0,1,False,0,0.35,0.3141125063837265,4.0,7.000000000000002,3.0000000000000018
7710,True,16,4,23,1.0,23,40,0.25,13,0,1,False,0,0.5750000000000001,0.3492849839314596,23.0,19.75,-3.25
7712,True,15,5,63,0.1,-7,18,0.05,-4,2,7,True,0,0.7466666666666667,0.3159264531651691,8.881784197001252e-16,-2.9,-2.900000000000001
7713,True,15,2,-9,1.0,-9,73,0.1,-18,1,6,False,0,0.6,0.3295017884191655,-9.0,-8.899999999999999,0.10000000000000142
7715,True,17,4,48,0.01,19,19,1.0,19,1,2,False,0,0.1647058823529412,0.2667891875399663,19.29,19.0,-0.28999999999999915
7716,True,17,3,64,0.6,-36,40,0.75,-20,1,4,False,-1,0.4470588235294117,0.4032952501871668,24.0,25.0,1.0
7717,True,15,4,1,1.0,1,11,0.75,-16,3,5,False,0,0.64,0.3718678720805473,1.0,4.25,3.25
7718,True,18,5,14,1.0,14,14,0.99,-33,1,4,False,0,0.3555555555555556,0.3914110555146405,14.0,13.53,-0.47000000000000064
7719,True,16,2,9,0.8,-7,45,0.01,4,0,1,False,1,0.625,0.3568379650952703,5.800000000000001,4.41,-1.3900000000000006
7722,True,16,4,29,0.75,-2,32,0.75,-21,1,8,False,0,0.475,0.3785938897200182,21.25,18.75,-2.5
7726,True,15,5,5,1.0,5,50,0.1,0,0,1,True,0,0.5866666666666666,0.39617216074881,5.0,5.0,0.0
7727,True,16,5,32,0.75,24,68,0.01,28,3,3,False,1,0.625,0.3924283374069717,30.0,28.4,-1.6000000000000014
7733,True,17,5,-8,1.0,-8,13,0.4,-23,0,1,False,0,0.4235294117647059,0.3527205192583532,-8.0,-8.599999999999998,-0.5999999999999979
7737,True,17,3,15,1.0,15,29,0.8,-30,0,1,True,0,0.2705882352941177,0.2823223022592108,15.0,17.200000000000003,2.200000000000003
7738,True,17,3,27,1.0,27,84,0.2,15,0,1,False,0,0.4235294117647059,0.4235702594681104,27.0,28.8,1.8000000000000007
7739,True,17,3,-8,0.75,-16,0,0.01,-12,2,3,True,-1,0.776470588235294,0.3455600739464592,-10.0,-11.879999999999999,-1.879999999999999
7746,True,16,3,12,0.4,9,10,1.0,10,1,8,False,0,0.4625,0.4047633053197057,10.2,10.0,-0.1999999999999993
7748,True,15,2,34,0.05,8,103,0.05,7,0,1,False,-1,0.6266666666666667,0.3990464825532174,9.3,11.8,2.5
7749,True,17,3,-2,1.0,-2,33,0.25,-12,0,1,False,0,0.6588235294117647,0.3857765278134022,-2.0,-0.75,1.25
7752,True,19,2,12,1.0,12,46,0.5,-20,0,1,False,0,0.2947368421052632,0.3290958729113014,12.0,13.0,1.0
7753,True,16,2,27,1.0,27,46,0.25,19,1,8,False,0,0.6,0.4560701700396552,27.0,25.75,-1.25
7755,True,16,3,19,1.0,19,31,0.75,-6,0,1,False,0,0.5750000000000001,0.2620432534271139,19.0,21.75,2.75
7756,True,18,3,12,1.0,12,16,0.4,14,1,4,False,0,0.8444444444444444,0.2430739955656742,12.0,14.8,2.8000000000000007
7757,True,17,4,19,1.0,19,29,0.5,14,0,1,True,0,0.7294117647058824,0.3670229997601529,19.0,21.5,2.5
7758,True,16,3,10,0.75,-31,2,0.9,-47,1,6,False,0,0.475,0.3991657967979388,-0.25,-2.8999999999999995,-2.6499999999999995
7762,True,16,5,-6,1.0,-6,1,0.6,-24,0,1,False,0,0.6625000000000001,0.3324154027718932,-6.0,-9.000000000000002,-3.0000000000000018
7763,True,16,3,24,1.0,24,25,0.5,22,1,6,False,0,0.35,0.4226897995772628,24.0,23.5,-0.5
7764,True,16,5,18,1.0,18,21,0.99,21,1,4,True,0,0.8375,0.3518996068956789,18.0,21.0,3.0
7765,True,16,4,11,0.75,-1,49,0.25,-2,0,1,False,0,0.4,0.3651483716701108,8.0,10.75,2.75
7766,True,16,3,31,0.25,11,41,0.01,19,0,1,True,0,0.7125,0.3263433774416144,16.0,19.22,3.219999999999999
7768,True,16,2,50,0.4,12,79,0.25,6,2,6,True,0,0.7750000000000001,0.2909753712372693,27.2,24.25,-2.9499999999999993
7769,True,15,5,27,1.0,27,55,0.25,17,2,7,False,0,0.5999999999999999,0.4276179870598789,27.0,26.5,-0.5
7772,True,19,2,46,0.25,21,36,0.01,28,3,2,True,0,0.7578947368421053,0.3305143961794574,27.25,28.08,0.8299999999999983
7773,True,16,5,5,0.6,0,94,0.25,-28,1,2,False,0,0.425,0.3714835124201342,3.0,2.5,-0.5
7774,True,17,2,21,0.75,-15,15,0.99,4,0,1,True,0,0.6117647058823531,0.3838657853683636,12.0,14.89,2.8900000000000006
7775,True,16,4,3,1.0,3,20,0.6,-18,1,6,False,0,0.575,0.3336665001664588,3.0,4.8,1.7999999999999998
7777,True,17,2,29,0.2,21,22,0.5,21,1,2,False,0,0.3529411764705882,0.4331824775121096,22.6,21.5,-1.1000000000000014
7778,True,18,4,9,1.0,9,13,0.8,2,0,1,True,0,0.4777777777777778,0.4346134936801766,9.0,10.8,1.8000000000000007
7779,True,20,2,10,0.6,-33,11,0.5,-24,0,1,False,0,0.4899999999999999,0.3462581938988669,-7.200000000000001,-6.5,0.7000000000000011
7780,True,17,5,47,0.05,-7,-4,1.0,-4,0,1,False,0,0.3411764705882353,0.344707889976085,-4.299999999999999,-4.0,0.29999999999999893
7781,True,17,2,17,0.1,-12,57,0.2,-29,3,5,False,0,0.5058823529411764,0.4130232866245167,-9.100000000000001,-11.800000000000002,-2.700000000000001
7782,True,19,4,25,1.0,25,31,0.5,16,1,6,True,0,0.6105263157894737,0.3160427833943887,25.0,23.5,-1.5
7788,True,16,3,-8,1.0,-8,0,0.75,-21,0,1,False,0,0.7250000000000001,0.3714835124201342,-8.0,-5.25,2.75
7793,True,16,5,12,1.0,12,78,0.05,5,0,1,True,0,0.625,0.3714835124201341,12.0,8.65,-3.3499999999999996
7796,True,16,3,30,1.0,30,51,0.1,27,3,3,False,0,0.6499999999999999,0.3966526608171605,30.0,29.400000000000002,-0.5999999999999979
7797,True,16,2,-10,1.0,-10,116,0.2,-45,0,1,False,0,0.4375,0.3739429546512855,-10.0,-12.799999999999997,-2.799999999999997
7799,True,16,5,97,0.2,1,20,0.99,2,1,8,False,-1,0.4500000000000001,0.3829708431025353,20.200000000000003,19.82,-0.38000000000000256
7802,True,18,4,24,1.0,24,66,0.2,17,1,6,False,0,0.7000000000000001,0.4072865734850297,24.0,26.800000000000004,2.8000000000000043
7804,True,19,3,29,1.0,29,35,0.9,-38,0,1,False,0,0.3473684210526315,0.3878264518120781,29.0,27.700000000000003,-1.2999999999999972
7805,True,17,3,-8,1.0,-8,24,0.1,-13,0,1,True,0,0.6705882352941177,0.3531372004659678,-8.0,-9.3,-1.3000000000000007
7808,True,16,4,3,1.0,3,47,0.1,-5,3,5,False,0,0.175,0.3087609647175843,3.0,0.20000000000000018,-2.8
7809,True,16,2,4,1.0,4,67,0.01,1,3,6,False,0,0.4375000000000001,0.3442382895611701,4.0,1.6600000000000001,-2.34
7811,True,15,4,1,1.0,1,4,0.9,0,3,4,True,0,0.64,0.3042555317022659,1.0,3.6,2.6
7812,True,15,4,46,0.4,-21,46,0.5,-33,0,1,False,0,0.5733333333333334,0.3369329451445933,5.8000000000000025,6.5,0.6999999999999975
7814,True,16,4,1,1.0,1,26,0.25,-11,1,4,False,0,0.3875,0.3461695153148719,1.0,-1.75,-2.75
7817,True,15,3,20,0.8,-21,15,0.8,-5,0,1,True,0,0.3600000000000001,0.3397478056273085,11.8,11.0,-0.8000000000000007
7820,True,16,5,66,0.01,-1,3,0.99,-35,1,4,False,0,0.7249999999999999,0.3415650255319866,-0.32999999999999996,2.619999999999999,2.9499999999999993
7824,True,16,4,16,0.4,-6,3,1.0,3,1,4,False,0,0.7125,0.3575378767813745,2.8000000000000007,3.0,0.1999999999999993
7826,True,15,2,22,1.0,22,23,0.8,10,0,1,False,0,0.3466666666666667,0.4501851470969102,22.0,20.400000000000002,-1.5999999999999979
7827,True,15,2,25,1.0,25,44,0.5,4,3,4,False,0,0.4133333333333333,0.358302877997027,25.0,24.0,-1.0
7829,True,17,2,6,1.0,6,23,0.05,3,3,3,False,0,0.5176470588235295,0.3876778529230924,6.0,4.0,-2.0
7830,True,17,4,15,0.4,-17,62,0.1,-14,1,4,False,0,0.3529411764705882,0.3203857968504993,-4.199999999999999,-6.3999999999999995,-2.2
7831,True,15,4,11,0.9,0,34,0.25,3,1,4,True,0,0.6666666666666666,0.3177300441449958,9.9,10.75,0.8499999999999996
7832,True,15,3,4,1.0,4,2,0.99,-4,1,2,True,0,0.1333333333333333,0.1799470821684874,4.0,1.94,-2.06
7833,True,17,4,65,0.05,-13,-9,1.0,-9,1,2,False,0,0.4352941176470588,0.3258473117707668,-9.1,-9.0,0.09999999999999964
7838,True,16,4,-6,1.0,-6,-6,0.8,-17,0,1,False,0,0.3,0.3723797345005051,-6.0,-8.2,-2.1999999999999993
7842,True,19,3,6,1.0,6,28,0.05,6,1,2,False,0,0.8105263157894738,0.3430172280126033,6.0,7.1,1.0999999999999996
7843,True,15,3,-2,1.0,-2,12,0.6,-23,0,1,False,0,0.4666666666666667,0.3265986323710904,-2.0,-2.0000000000000018,-1.7763568394002505e-15
7847,True,16,3,85,0.25,8,27,0.4,24,0,1,False,0,0.7000000000000001,0.2921186973360886,27.25,25.2,-2.0500000000000007
7848,True,16,4,14,1.0,14,17,0.8,4,0,1,False,0,0.65,0.3759432581299116,14.0,14.400000000000002,0.40000000000000213
7849,True,15,3,14,1.0,14,65,0.01,12,1,8,False,0,0.5466666666666667,0.4437931736207543,14.0,12.53,-1.4700000000000006
7850,True,16,3,34,0.4,-36,0,0.75,-37,0,1,False,0,0.3124999999999999,0.3263433774416144,-7.9999999999999964,-9.25,-1.2500000000000036
7853,True,17,5,53,0.05,25,55,0.6,-22,1,6,True,0,0.3764705882352941,0.3152963125472329,26.4,24.2,-2.1999999999999993
7854,True,15,5,68,0.2,13,52,0.6,-22,0,1,False,0,0.3066666666666666,0.2711527420547495,24.0,22.4,-1.6000000000000014
7857,True,15,3,14,0.6,-39,-9,0.75,-9,0,1,False,0,0.3333333333333333,0.3086066999241838,-7.200000000000001,-9.0,-1.799999999999999
7862,True,15,5,63,0.25,3,93,0.2,-4,0,1,True,0,0.52,0.2242447642325552,18.0,15.400000000000002,-2.599999999999998
7865,True,16,2,23,1.0,23,44,0.6,-3,0,1,False,0,0.625,0.3415650255319866,23.0,25.2,2.1999999999999993
7866,True,15,2,3,1.0,3,4,0.99,-18,3,5,False,0,0.6933333333333332,0.3369329451445933,3.0,3.78,0.7799999999999998
7867,True,15,5,28,1.0,28,84,0.4,-11,3,3,False,0,0.3333333333333333,0.2794552524023088,28.0,27.0,-1.0
7869,True,16,3,24,1.0,24,28,0.95,-9,1,6,False,0,0.6499999999999999,0.3759432581299116,24.0,26.15,2.1499999999999986
7872,True,15,2,8,1.0,8,19,0.6,-11,0,1,False,0,0.3066666666666667,0.3692979181920098,8.0,7.0,-1.0
7874,True,16,3,-3,1.0,-3,2,0.05,-5,0,1,False,0,0.3375,0.3556683848755748,-3.0,-4.65,-1.6500000000000004
7875,True,15,3,21,1.0,21,21,1.0,21,1,2,True,0,0.6,0.4208834246473209,21.0,21.0,0.0
7878,True,15,2,21,1.0,21,54,0.6,-24,0,1,False,0,0.56,0.3641035959331198,21.0,22.799999999999997,1.7999999999999972
7879,True,19,5,28,1.0,28,33,0.01,30,1,4,False,0,0.8947368421052632,0.2437523429187144,28.0,30.029999999999998,2.0299999999999976
7883,True,17,5,6,1.0,6,35,0.1,0,0,1,False,0,0.1764705882352941,0.3307744922237541,6.0,3.5,-2.5
7884,True,30,5,10,1.0,10,26,0.75,-30,0,1,False,0,0.4866666666666665,0.3266690124241369,10.0,12.0,2.0
7885,True,15,3,28,1.0,28,48,0.6,5,1,6,False,0,0.4266666666666666,0.2914659173083208,28.0,30.799999999999997,2.799999999999997
7887,True,15,4,6,0.4,-4,0,1.0,0,3,2,False,0,0.5199999999999999,0.3529467786670229,4.440892098500626e-16,0.0,-4.440892098500626e-16
7889,True,17,5,31,0.05,15,33,0.6,-6,1,6,False,0,0.4941176470588236,0.3399826985217301,15.8,17.4,1.5999999999999979
7890,True,16,2,-3,1.0,-3,5,0.05,-2,0,1,False,0,0.9625,0.0806225774829854,-3.0,-1.65,1.35
7892,True,16,4,52,0.25,-27,-7,1.0,-7,0,1,False,0,0.4375000000000001,0.4080441152620633,-7.25,-7.0,0.25
7894,True,15,3,39,0.5,-3,59,0.25,2,0,1,True,0,0.7066666666666668,0.2914659173083209,18.0,16.25,-1.75
7895,True,18,5,6,1.0,6,16,0.8,-34,2,3,False,0,0.6555555555555554,0.4047108222832725,6.0,6.000000000000002,1.7763568394002505e-15
7898,True,19,3,27,1.0,27,30,0.95,26,1,4,False,0,0.736842105263158,0.3593366207576732,27.0,29.8,2.8000000000000007
7899,True,19,4,19,1.0,19,51,0.6,-24,0,1,False,0,0.2947368421052632,0.2857226398110321,19.0,20.999999999999996,1.9999999999999964
7900,True,15,4,-7,1.0,-7,9,0.2,-13,0,1,False,0,0.3466666666666667,0.3067494712224262,-7.0,-8.6,-1.5999999999999996
7901,True,18,4,12,1.0,12,55,0.01,11,1,4,False,0,0.6222222222222222,0.410960933531265,12.0,11.440000000000001,-0.5599999999999987
7902,True,15,5,-9,1.0,-9,-9,1.0,-9,2,7,False,0,0.52,0.4329302154257328,-9.0,-9.0,0.0
7903,True,15,2,5,1.0,5,53,0.1,0,0,1,True,0,0.5600000000000002,0.3480558247506528,5.0,5.300000000000001,0.3000000000000007
7904,True,15,2,51,0.1,8,25,0.75,-13,1,2,False,-1,0.48,0.3913347124174613,12.3,15.5,3.1999999999999993
7910,True,16,4,-8,1.0,-8,-3,0.75,-29,0,1,False,0,0.675,0.3415650255319866,-8.0,-9.5,-1.5
7911,True,17,5,28,1.0,28,68,0.4,4,0,1,False,0,0.5058823529411764,0.3543843045256345,28.0,29.6,1.6000000000000014
7912,True,15,4,3,1.0,3,22,0.1,1,0,1,False,0,0.4000000000000001,0.3116774889895918,3.0,3.1,0.10000000000000009
7913,True,15,3,14,1.0,14,43,0.25,8,0,1,True,0,0.6933333333333334,0.2604026186687142,14.0,16.75,2.75
7915,True,17,5,8,1.0,8,73,0.1,1,1,4,False,0,0.4470588235294118,0.3572772856249462,8.0,8.200000000000001,0.20000000000000107
7916,True,16,4,95,0.25,-8,50,0.4,-5,0,1,False,-1,0.7125,0.2629955639676583,17.75,17.0,-0.75
7917,True,18,2,25,1.0,25,50,0.4,8,1,2,False,0,0.5666666666666668,0.4242640687119285,25.0,24.8,-0.1999999999999993
7921,True,15,4,15,1.0,15,52,0.01,17,1,2,False,0,0.8266666666666667,0.3534860406754147,15.0,17.349999999999998,2.349999999999998
7922,True,32,5,-10,1.0,-10,-8,0.8,-28,2,4,False,0,0.56875,0.4099075426829653,-10.0,-12.0,-2.0
7923,True,16,4,-5,1.0,-5,12,0.05,-4,2,7,False,0,0.875,0.161245154965971,-5.0,-3.1999999999999997,1.8000000000000003
7924,True,16,2,32,0.6,-38,9,0.05,3,1,6,False,0,0.6124999999999999,0.4096746676734275,3.9999999999999982,3.3,-0.6999999999999984
7925,True,16,2,-3,1.0,-3,19,0.5,-28,2,6,False,0,0.6375000000000001,0.3283798613394758,-3.0,-4.5,-1.5
7927,True,18,5,32,0.1,26,44,0.75,-32,0,1,False,0,0.3555555555555556,0.385352737146298,26.6,25.0,-1.6000000000000014
7931,True,16,2,-4,1.0,-4,55,0.1,-11,0,1,False,0,0.5125,0.3862210075418822,-4.0,-4.4,-0.40000000000000036
7933,True,19,3,19,1.0,19,27,0.6,10,0,1,False,0,0.5052631578947371,0.4235743201356316,19.0,20.2,1.1999999999999993
7935,True,16,5,29,1.0,29,34,0.4,23,0,1,False,0,0.3250000000000001,0.3714835124201341,29.0,27.4,-1.6000000000000014
7943,True,16,5,81,0.1,12,90,0.4,-27,0,1,False,0,0.3625,0.3879432948254165,18.9,19.8,0.9000000000000021
7946,True,18,3,24,0.4,-21,1,0.6,-2,0,1,False,0,0.3,0.3710081654405053,-2.9999999999999982,-0.20000000000000007,2.799999999999998
7951,True,16,4,12,0.75,7,97,0.05,6,0,1,False,0,0.3125,0.3575378767813745,10.75,10.55,-0.1999999999999993
7955,True,19,4,16,1.0,16,42,0.05,13,1,4,True,0,0.7368421052631579,0.3593366207576732,16.0,14.45,-1.5500000000000007
7956,True,17,5,28,1.0,28,40,0.6,17,0,1,False,0,0.6235294117647059,0.290537028114976,28.0,30.8,2.8000000000000007
7961,True,33,2,40,0.05,9,26,0.5,0,0,1,False,-1,0.4636363636363636,0.3100586454791474,10.549999999999999,13.0,2.450000000000001
7965,True,18,4,79,0.05,24,28,0.2,27,1,8,False,-1,0.6555555555555554,0.4104835344153816,26.749999999999996,27.200000000000003,0.4500000000000064
7967,True,17,4,7,1.0,7,7,0.99,-32,0,1,False,0,0.2117647058823529,0.3425681555201396,7.0,6.609999999999999,-0.39000000000000057
7968,True,16,3,10,1.0,10,87,0.05,5,3,3,False,0,0.6125,0.3964425136973413,10.0,9.100000000000001,-0.8999999999999986
7969,True,16,5,23,1.0,23,52,0.5,-11,3,2,False,0,0.3125000000000001,0.2418677324489565,23.0,20.5,-2.5
7970,True,16,5,56,0.5,4,80,0.4,-7,0,1,False,-1,0.3,0.3346640106136303,30.0,27.8,-2.1999999999999993
7971,True,15,3,13,1.0,13,46,0.2,4,1,6,False,0,0.4533333333333333,0.39617216074881,13.0,12.400000000000002,-0.5999999999999979
7973,True,17,4,-4,1.0,-4,17,0.6,-29,3,2,True,0,0.9176470588235296,0.1740520544178057,-4.0,-1.4000000000000021,2.599999999999998
7976,True,15,2,48,0.4,-19,39,0.25,0,2,7,False,-1,0.7333333333333332,0.3436498771936898,7.8000000000000025,9.75,1.9499999999999975
7977,True,15,2,10,1.0,10,37,0.1,5,0,1,True,0,0.7333333333333333,0.3086066999241838,10.0,8.2,-1.8000000000000007
7980,True,18,4,26,0.9,-21,22,0.2,22,3,4,False,0,0.5666666666666667,0.4130232866245167,21.300000000000004,22.0,0.6999999999999957
7986,True,16,4,33,0.05,-6,-4,1.0,-4,0,1,False,0,0.3625,0.3947573094109004,-4.049999999999999,-4.0,0.049999999999998934
7988,True,15,5,14,0.01,5,5,0.8,-4,0,1,False,0,0.1066666666666666,0.198086080374405,5.09,3.2,-1.8899999999999997
7989,True,16,4,-5,1.0,-5,37,0.2,-17,0,1,False,0,0.5750000000000001,0.3255764119219941,-5.0,-6.200000000000001,-1.200000000000001
7990,True,17,3,17,0.4,-11,6,0.6,-12,0,1,False,0,0.4117647058823529,0.4029304421069108,0.20000000000000107,-1.200000000000001,-1.4000000000000021
7991,True,15,5,7,1.0,7,38,0.2,3,1,2,True,0,0.7066666666666667,0.3614784456460256,7.0,10.0,3.0
7992,True,17,2,56,0.05,-10,-1,0.25,-10,0,1,False,-1,0.2,0.2828427124746189,-6.699999999999999,-7.75,-1.0500000000000007
7994,True,16,4,14,1.0,14,15,0.95,-18,1,6,False,0,0.4750000000000002,0.3568379650952703,14.0,13.35,-0.6500000000000004
7997,True,17,5,2,1.0,2,41,0.5,-39,0,1,False,0,0.5294117647058824,0.3933266865506855,2.0,1.0,-1.0
7999,True,17,2,-9,1.0,-9,39,0.05,-14,0,1,False,0,0.6352941176470589,0.4076474832354976,-9.0,-11.349999999999998,-2.349999999999998
8000,True,18,5,-3,1.0,-3,5,0.75,-29,1,8,False,0,0.8444444444444446,0.2705598166378093,-3.0,-3.5,-0.5
8002,True,15,3,31,0.4,-31,-4,0.99,-8,1,2,False,0,0.3733333333333333,0.2914659173083209,-6.1999999999999975,-4.04,2.1599999999999975
8005,True,16,2,16,1.0,16,16,0.05,14,0,1,False,0,0.2,0.2422120283277993,16.0,14.1,-1.9000000000000004
8006,True,16,2,-4,1.0,-4,-3,0.95,-12,2,3,True,0,0.35,0.3386246693120078,-4.0,-3.45,0.5499999999999998
8008,True,15,3,10,0.05,1,97,0.1,-7,2,6,False,1,0.5466666666666666,0.3661901665736507,1.45,3.4000000000000012,1.9500000000000013
8012,True,15,5,11,1.0,11,24,0.8,-30,0,1,False,0,0.4800000000000001,0.4459340117743239,11.0,13.200000000000005,2.2000000000000046
8013,True,15,5,63,0.5,-15,26,0.75,6,0,1,False,0,0.52,0.3363671463488329,24.0,21.0,-3.0
8017,True,20,2,14,1.0,14,108,0.1,6,0,1,False,0,0.61,0.412820848106753,14.0,16.200000000000003,2.200000000000003
8018,True,15,4,9,1.0,9,77,0.25,-13,0,1,False,0,0.3066666666666667,0.3369329451445934,9.0,9.5,0.5
8021,True,20,3,2,1.0,2,8,0.5,-6,0,1,False,0,0.28,0.4020997519600277,2.0,1.0,-1.0
8028,True,18,2,42,0.2,14,27,0.05,20,0,1,False,0,0.5666666666666667,0.4186814035123352,19.6,20.35,0.75
8029,True,17,5,23,1.0,23,26,0.05,24,0,1,False,0,0.8588235294117647,0.3063062673400019,23.0,24.099999999999998,1.0999999999999979
8030,True,18,2,29,0.6,19,41,0.6,-4,1,4,False,0,0.4333333333333333,0.3710081654405053,25.0,22.999999999999996,-2.0000000000000036
8031,True,32,2,3,1.0,3,14,0.8,-33,0,1,False,0,0.5375,0.3230399955263704,3.0,4.600000000000002,1.6000000000000023
8034,True,17,5,36,0.2,0,59,0.05,3,2,4,False,0,0.6705882352941176,0.3531372004659678,7.2,5.8,-1.4000000000000004
8036,True,19,2,0,1.0,0,0,0.9,-30,2,5,False,0,0.4526315789473684,0.3991218430680475,0.0,-2.999999999999999,-2.999999999999999
8037,True,18,4,34,0.4,-14,42,0.4,-21,0,1,False,0,0.411111111111111,0.3595567350942463,5.200000000000001,4.200000000000001,-1.0
8038,True,17,5,1,1.0,1,5,0.8,-10,0,1,False,0,0.5411764705882354,0.37924072752246,1.0,2.0000000000000004,1.0000000000000004
8039,True,16,5,23,0.4,-4,42,0.5,-29,0,1,False,1,0.4625,0.4047633053197057,6.800000000000001,6.5,-0.3000000000000007
8042,True,16,4,24,0.6,12,39,0.1,19,3,4,True,0,0.675,0.3568379650952703,19.2,21.0,1.8000000000000007
8043,True,18,5,31,0.99,-42,30,1.0,30,1,4,False,0,0.6666666666666667,0.4228753118967395,30.27,30.0,-0.2699999999999996
8045,True,16,2,7,1.0,7,34,0.5,-26,2,3,True,0,0.6375,0.3364025366531392,7.0,4.0,-3.0
8046,True,16,4,-10,1.0,-10,9,0.2,-14,1,4,True,0,0.75,0.3055050463303893,-10.0,-9.4,0.5999999999999996
8048,True,17,5,-6,0.9,-16,-7,1.0,-7,0,1,False,0,0.6000000000000001,0.4415880433163923,-7.0,-7.0,0.0
8052,True,16,5,34,0.5,16,98,0.1,16,0,1,True,-1,0.6875,0.4193248541803041,25.0,24.200000000000003,-0.7999999999999972
8056,True,17,2,25,1.0,25,29,0.05,22,0,1,False,0,0.188235294117647,0.3120143284794315,25.0,22.349999999999998,-2.650000000000002
8058,True,17,5,-3,0.05,-9,83,0.1,-19,0,1,False,0,0.4705882352941176,0.3804022638641116,-8.7,-8.8,-0.10000000000000142
8059,True,17,2,103,0.4,-37,23,0.01,17,0,1,False,0,0.6235294117647058,0.3455600739464592,19.000000000000004,17.06,-1.9400000000000048
8060,True,18,2,-5,1.0,-5,93,0.01,-6,0,1,False,0,0.5777777777777777,0.3993458703717951,-5.0,-5.01,-0.009999999999999787
8061,True,17,3,14,1.0,14,14,1.0,14,2,7,False,0,0.5058823529411764,0.4588989379962843,14.0,14.0,0.0
8062,True,17,5,41,0.1,-5,1,0.8,-4,0,1,False,1,0.6,0.4301162633521314,-0.39999999999999947,2.220446049250313e-16,0.3999999999999997
8067,True,16,4,15,1.0,15,89,0.1,3,3,3,False,0,0.475,0.4187282332651256,15.0,11.600000000000001,-3.3999999999999986
8068,True,16,5,26,1.0,26,26,1.0,26,1,4,False,0,0.35,0.3898717737923585,26.0,26.0,0.0
8071,True,16,4,-8,1.0,-8,8,0.01,-10,0,1,False,0,0.375,0.4057914078275521,-8.0,-9.82,-1.8200000000000003
8072,True,15,5,-7,1.0,-7,-1,0.5,-15,0,1,False,0,0.48,0.3687817782917155,-7.0,-8.0,-1.0
8074,True,15,3,9,1.0,9,81,0.2,-8,1,6,False,0,0.4933333333333334,0.43336996182191,9.0,9.799999999999999,0.7999999999999989
8075,True,16,5,-9,1.0,-9,34,0.25,-20,0,1,False,0,0.7000000000000001,0.2828427124746189,-9.0,-6.5,2.5
8076,True,18,2,8,1.0,8,48,0.4,-18,1,8,False,0,0.3333333333333333,0.3497898528780825,8.0,8.400000000000004,0.4000000000000039
8077,True,16,4,39,0.1,-14,-11,0.95,-24,1,2,False,0,0.2375,0.2848976424378879,-8.7,-11.65,-2.950000000000001
8078,True,18,4,15,1.0,15,115,0.1,3,3,4,False,0,0.4333333333333333,0.4130232866245167,15.0,14.2,-0.8000000000000007
8079,True,15,3,69,0.5,-39,59,0.1,7,0,1,True,0,0.7733333333333333,0.3104528182847634,15.0,12.2,-2.8000000000000007
8080,True,16,5,28,1.0,28,31,0.05,25,0,1,False,0,0.3,0.39327683210007,28.0,25.3,-2.6999999999999993
8081,True,16,5,10,1.0,10,46,0.6,-42,0,1,False,0,0.3375,0.2604483314082341,10.0,10.799999999999997,0.7999999999999972
8082,True,17,4,28,0.2,-7,-2,0.95,-25,0,1,False,0,0.3411764705882353,0.3589199484728659,0.0,-3.1500000000000012,-3.1500000000000012
8083,True,16,2,2,1.0,2,4,0.9,-13,2,7,False,0,0.4875,0.4318564576337837,2.0,2.3000000000000003,0.30000000000000027
8084,True,15,2,13,1.0,13,53,0.25,-1,2,2,True,0,0.5599999999999999,0.4154171741411621,13.0,12.5,-0.5
8086,True,17,2,1,1.0,1,49,0.25,-16,1,8,False,0,0.4,0.3872983346207417,1.0,0.25,-0.75
8087,True,16,5,17,0.2,12,20,0.6,1,0,1,False,0,0.4125,0.4031128874149275,13.000000000000002,12.4,-0.6000000000000014
8089,True,16,2,54,0.05,14,21,0.75,-10,0,1,False,-1,0.3125,0.3263433774416144,16.0,13.25,-2.75
8090,True,16,3,17,1.0,17,19,0.5,12,0,1,False,0,0.375,0.4123105625617659,17.0,15.5,-1.5
8092,True,16,4,5,1.0,5,6,0.8,-11,0,1,False,0,0.275,0.3714835124201341,5.0,2.6000000000000014,-2.3999999999999986
8094,True,16,2,4,1.0,4,114,0.25,-32,0,1,False,0,0.3125,0.3422961680572347,4.0,4.5,0.5
8096,True,17,2,22,1.0,22,51,0.6,-22,0,1,False,0,0.3764705882352941,0.4235702594681103,22.0,21.799999999999997,-0.20000000000000284
8097,True,15,4,23,0.6,-12,9,1.0,9,0,1,False,0,0.4533333333333333,0.4033195589934446,8.999999999999998,9.0,1.7763568394002505e-15
8099,True,16,5,22,1.0,22,29,0.4,22,0,1,False,0,0.8,0.3098386676965933,22.0,24.8,2.8000000000000007
8100,True,17,3,3,1.0,3,43,0.01,4,1,6,True,0,0.8941176470588236,0.2461467759165609,3.0,4.39,1.3899999999999997
8103,True,16,3,15,1.0,15,36,0.4,5,2,2,False,0,0.6124999999999999,0.2963668897386031,15.0,17.4,2.3999999999999986
8105,True,15,5,-2,1.0,-2,51,0.25,-19,1,6,False,0,0.7066666666666667,0.3692979181920098,-2.0,-1.5,0.5
8106,True,16,5,30,1.0,30,74,0.4,-1,0,1,True,0,0.3875,0.3685557397915997,30.0,29.0,-1.0
8108,True,16,2,11,1.0,11,14,0.95,11,1,6,False,0,0.875,0.2408318915758459,11.0,13.85,2.8499999999999996
8111,True,17,4,-8,1.0,-8,65,0.2,-25,0,1,False,0,0.7647058823529411,0.3101233151316349,-8.0,-7.0,1.0
8114,True,18,4,20,0.8,-21,52,0.05,11,0,1,False,0,0.8222222222222223,0.2556549962824568,11.8,13.049999999999999,1.2499999999999982
8117,True,15,5,-4,1.0,-4,31,0.6,-48,1,2,False,0,0.7200000000000002,0.3764495792457281,-4.0,-0.600000000000005,3.399999999999995
8121,True,18,2,13,1.0,13,80,0.05,12,0,1,False,0,0.6666666666666666,0.4058397249567139,13.0,15.399999999999999,2.3999999999999986
8122,True,16,2,18,1.0,18,96,0.1,10,1,2,True,0,0.5249999999999999,0.3642343567906063,18.0,18.6,0.6000000000000014
8123,True,15,2,26,0.8,21,27,0.4,22,0,1,False,0,0.2666666666666666,0.3518657752744984,25.0,24.0,-1.0
8124,True,16,5,62,0.2,20,29,0.99,1,3,2,True,0,0.475,0.3087609647175842,28.4,28.720000000000002,0.32000000000000384
8125,True,18,2,-4,1.0,-4,-4,0.95,-5,0,1,False,0,0.2222222222222222,0.3281957012220812,-4.0,-4.05,-0.04999999999999982
8128,True,17,5,28,1.0,28,38,0.25,25,0,1,False,0,0.6588235294117648,0.4108814055317722,28.0,28.25,0.25
8132,True,16,4,42,0.25,-7,75,0.1,-5,0,1,True,-1,0.8375000000000001,0.2552776266472772,5.25,3.0,-2.25
8136,True,15,2,22,0.2,-2,110,0.1,-12,0,1,True,0,0.5733333333333334,0.2711527420547495,2.8000000000000003,0.1999999999999993,-2.600000000000001
8141,True,15,3,55,0.1,-15,12,0.25,-13,0,1,False,0,0.5333333333333333,0.3829708431025353,-8.0,-6.75,1.25
8142,True,18,2,-9,1.0,-9,43,0.4,-45,0,1,False,0,0.7222222222222221,0.2839957654107572,-9.0,-9.8,-0.8000000000000007
8144,True,15,4,9,1.0,9,25,0.5,-4,1,4,False,0,0.6400000000000001,0.3794733192202056,9.0,10.5,1.5
8145,True,18,4,22,0.9,12,57,0.2,12,2,6,False,0,0.6666666666666666,0.4172740670816047,21.0,21.0,0.0
8146,True,17,3,42,0.6,5,30,0.95,-5,0,1,False,0,0.3647058823529412,0.3757345746510897,27.2,28.25,1.0500000000000007
8147,True,15,4,30,1.0,30,52,0.6,0,1,4,False,0,0.4400000000000001,0.4014260294784796,30.0,31.2,1.1999999999999993
8149,True,15,4,34,0.2,4,49,0.5,-27,0,1,False,0,0.4,0.3207134902949092,10.0,11.0,1.0
8150,True,16,3,16,0.75,-9,27,0.6,-17,2,5,False,0,0.5750000000000001,0.4123105625617659,9.75,9.399999999999999,-0.3500000000000014
8151,True,15,3,12,1.0,12,11,0.9,-12,0,1,False,0,0.0,0.0,12.0,8.700000000000001,-3.299999999999999
8153,True,17,4,28,1.0,28,53,0.4,15,0,1,True,0,0.6588235294117646,0.344707889976085,28.0,30.200000000000003,2.200000000000003
8154,True,15,3,10,0.6,5,40,0.2,4,2,2,True,1,0.8,0.2507132682112035,8.0,11.2,3.1999999999999993
8156,True,16,4,39,0.5,-9,41,0.25,10,0,1,True,1,0.8,0.2921186973360886,15.0,17.75,2.75
8159,True,15,5,17,1.0,17,20,0.6,5,3,3,False,0,0.4133333333333333,0.4437931736207543,17.0,14.0,-3.0
8160,True,16,4,16,0.4,-4,65,0.4,-36,0,1,False,-1,0.5375,0.3630886025935451,4.0,4.400000000000002,0.40000000000000213
8162,True,15,2,13,0.75,-12,45,0.25,-9,1,4,False,0,0.2266666666666666,0.3011090610836324,6.75,4.5,-2.25
8163,True,16,5,29,1.0,29,32,0.9,2,0,1,False,0,0.35625,0.3776572520156339,29.0,29.0,0.0
8166,True,18,4,20,1.0,20,31,0.1,16,0,1,False,0,0.2333333333333333,0.3834824944236853,20.0,17.5,-2.5
8167,True,17,2,8,0.1,-4,-3,1.0,-3,1,8,True,0,0.3529411764705882,0.3203857968504993,-2.8,-3.0,-0.20000000000000018
8170,True,18,3,-2,1.0,-2,44,0.4,-38,0,1,False,0,0.5,0.4072865734850297,-2.0,-5.199999999999999,-3.1999999999999993
8171,True,15,4,-6,1.0,-6,14,0.05,-8,0,1,True,0,0.7866666666666666,0.2774029216723951,-6.0,-6.8999999999999995,-0.8999999999999995
8172,True,20,5,89,0.4,-11,53,0.05,30,1,6,False,0,0.76,0.2643761275949575,29.0,31.15,2.1499999999999986
8179,True,19,3,15,0.2,10,38,0.6,-28,0,1,False,0,0.4421052631578946,0.3686548965476222,11.0,11.6,0.5999999999999996
8180,True,15,4,25,1.0,25,39,0.8,-30,0,1,True,0,0.3600000000000001,0.2947153590452029,25.0,25.200000000000003,0.20000000000000284
8181,True,15,4,8,1.0,8,90,0.4,-42,1,4,False,0,0.3866666666666667,0.3739111175259754,8.0,10.8,2.8000000000000007
8182,True,15,2,14,0.25,-15,29,0.5,-46,0,1,False,0,0.5199999999999999,0.3913347124174613,-7.75,-8.5,-0.75
8183,True,16,3,18,1.0,18,17,0.9,15,0,1,False,0,0.1625,0.2552776266472772,18.0,16.8,-1.1999999999999993
8184,True,15,2,16,0.01,11,53,0.5,-36,1,2,False,0,0.56,0.3641035959331198,11.05,8.5,-2.5500000000000007
8185,True,15,4,8,0.05,-4,-2,0.99,-14,2,3,False,1,0.4666666666666667,0.3903600291794133,-3.4,-2.12,1.2799999999999998
8186,True,18,5,50,0.1,11,25,0.8,-21,2,4,False,0,0.4333333333333333,0.358099558946457,14.9,15.8,0.9000000000000004
8188,True,15,3,28,1.0,28,59,0.6,-26,1,4,False,0,0.5333333333333333,0.3598941643369749,28.0,25.0,-3.0
8189,True,15,5,8,0.25,-5,7,0.75,-18,0,1,False,0,0.5733333333333331,0.3369329451445933,-1.75,0.75,2.5
8192,True,15,5,-1,0.99,-5,-2,0.95,-15,2,5,False,0,0.7999999999999999,0.3380617018914066,-1.04,-2.6500000000000004,-1.6100000000000003
8193,True,17,3,46,0.01,1,26,0.1,2,1,4,False,0,0.7176470588235294,0.3321055820775357,1.45,4.4,2.95
8194,True,15,4,-2,1.0,-2,54,0.25,-19,1,8,False,0,0.5066666666666667,0.3283436063174123,-2.0,-0.75,1.25
8195,True,17,3,28,1.0,28,85,0.4,-12,0,1,True,0,0.4117647058823529,0.4211329257805314,28.0,26.8,-1.1999999999999993
8196,True,15,5,51,0.25,19,34,0.8,2,0,1,False,0,0.4266666666666665,0.2711527420547495,27.0,27.6,0.6000000000000014
8199,True,16,5,33,0.4,-29,9,0.2,-10,0,1,False,0,0.4375000000000001,0.3364025366531392,-4.1999999999999975,-6.2,-2.0000000000000027
8200,True,17,5,111,0.05,-14,38,0.1,-12,1,4,False,0,0.6000000000000001,0.4415880433163923,-7.749999999999998,-7.0,0.7499999999999982
8201,True,16,2,0,1.0,0,41,0.1,-8,1,6,False,0,0.5249999999999999,0.4187282332651254,0.0,-3.0999999999999996,-3.0999999999999996
8203,True,16,5,16,1.0,16,79,0.25,-3,0,1,False,0,0.5375,0.4425306015783918,16.0,17.5,1.5
8205,True,18,2,13,1.0,13,13,0.95,2,0,1,False,0,0.1555555555555555,0.3033581114637446,13.0,12.45,-0.5500000000000007
8207,True,16,4,-1,1.0,-1,3,0.2,-3,1,4,False,0,0.575,0.3568379650952703,-1.0,-1.8000000000000003,-0.8000000000000003
8211,True,15,5,51,0.01,7,7,0.95,6,3,6,False,0,0.4666666666666667,0.4386125310350269,7.4399999999999995,6.949999999999999,-0.4900000000000002
8213,True,15,2,3,1.0,3,6,0.1,5,1,6,False,0,0.92,0.1820517979665599,3.0,5.1,2.0999999999999996
8216,True,16,2,26,1.0,26,26,0.9,21,0,1,True,0,0.225,0.3714835124201341,26.0,25.5,-0.5
8217,True,16,4,-4,1.0,-4,15,0.2,-10,0,1,False,0,0.625,0.3855731664245668,-4.0,-5.0,-1.0
8221,True,18,4,37,0.4,-16,6,0.9,-4,2,7,True,0,0.8888888888888888,0.2083235291810733,5.200000000000001,5.0,-0.20000000000000107
8222,True,18,4,15,1.0,15,12,0.99,6,1,6,True,0,0.2111111111111111,0.3103866448174691,15.0,11.94,-3.0600000000000005
8224,True,19,2,22,1.0,22,35,0.75,-12,0,1,False,0,0.4,0.4109609335312652,22.0,23.25,1.25
8225,True,17,5,-8,1.0,-8,17,0.25,-18,0,1,True,0,0.6235294117647059,0.4115966043420213,-8.0,-9.25,-1.25
8227,True,18,4,39,0.6,-21,45,0.2,11,0,1,False,0,0.7888888888888891,0.2609685328988894,14.999999999999998,17.8,2.8000000000000025
8228,True,16,3,72,0.05,7,59,0.1,3,0,1,False,-1,0.2125,0.2362907813126304,10.25,8.600000000000001,-1.6499999999999986
8230,True,17,3,52,0.4,7,25,1.0,25,0,1,False,0,0.2823529411764706,0.3086974532565159,25.0,25.0,0.0
8231,True,16,3,20,1.0,20,34,0.4,14,2,2,True,0,0.7500000000000001,0.2250925735484551,20.0,22.0,2.0
8235,True,18,5,19,0.99,8,29,0.25,17,0,1,False,0,0.5111111111111112,0.4013050605636402,18.89,20.0,1.1099999999999994
8237,True,16,4,-7,1.0,-7,36,0.5,-49,0,1,False,0,0.7125,0.3422961680572347,-7.0,-6.5,0.5
8242,True,16,5,28,0.4,-2,23,0.6,-11,0,1,False,0,0.4,0.3651483716701107,10.000000000000002,9.399999999999999,-0.6000000000000032
8243,True,16,3,20,1.0,20,71,0.05,19,1,6,True,0,0.7999999999999999,0.3098386676965933,20.0,21.6,1.6000000000000014
8244,True,16,5,59,0.4,-29,46,0.01,7,2,7,False,0,0.7249999999999999,0.3855731664245667,6.200000000000003,7.39,1.1899999999999968
8249,True,16,4,4,1.0,4,18,0.1,2,1,8,False,0,0.6624999999999999,0.3630886025935451,4.0,3.6,-0.3999999999999999
8250,True,16,2,74,0.2,16,87,0.25,4,0,1,False,0,0.4750000000000001,0.3714835124201341,27.6,24.75,-2.8500000000000014
8251,True,17,2,42,0.05,28,29,1.0,29,1,6,False,0,0.4117647058823529,0.4385805982672633,28.7,29.0,0.3000000000000007
8254,True,32,2,15,1.0,15,20,0.25,11,2,2,False,0,0.53125,0.3684645560054021,15.0,13.25,-1.75
8256,True,32,4,25,1.0,25,65,0.25,11,0,1,False,0,0.50625,0.329160711801315,25.0,24.5,-0.5
8257,True,16,2,28,1.0,28,31,0.6,19,3,4,True,0,0.4625,0.3913651321549567,28.0,26.2,-1.8000000000000007
8258,True,16,3,2,1.0,2,39,0.01,0,0,1,True,0,0.6375,0.4080441152620633,2.0,0.39,-1.6099999999999999
8259,True,17,4,44,0.2,23,28,0.75,18,0,1,False,0,0.3647058823529412,0.4197338092032084,27.200000000000003,25.5,-1.7000000000000028
8260,True,16,5,-3,1.0,-3,28,0.2,-10,3,2,False,0,0.625,0.3714835124201341,-3.0,-2.3999999999999995,0.6000000000000005
8261,True,16,4,-2,1.0,-2,95,0.25,-36,0,1,True,0,0.55,0.3687817782917155,-2.0,-3.25,-1.25
8268,True,17,4,93,0.25,9,73,0.5,-18,0,1,False,0,0.3294117647058824,0.3670229997601529,30.0,27.5,-2.5
8270,True,17,3,8,1.0,8,22,0.75,-22,1,2,False,0,0.4470588235294118,0.3203857968504993,8.0,11.0,3.0
8272,True,17,4,2,1.0,2,2,1.0,2,2,2,True,0,0.4705882352941176,0.3737725007982009,2.0,2.0,0.0
8273,True,15,2,9,1.0,9,34,0.25,2,1,2,True,0,0.7466666666666667,0.324844285041017,9.0,10.0,1.0
8275,True,17,3,-2,0.5,-6,-2,0.9,-14,1,4,False,0,0.6588235294117647,0.3857765278134023,-4.0,-3.1999999999999997,0.8000000000000003
8279,True,17,5,2,0.75,-42,35,0.4,-35,0,1,False,1,0.4941176470588236,0.3749509771878421,-9.0,-7.0,2.0
8280,True,15,2,34,0.75,19,74,0.6,-34,2,3,False,0,0.3733333333333333,0.3534860406754147,30.25,30.799999999999997,0.5499999999999972
8281,True,16,2,27,1.0,27,91,0.5,-33,1,8,False,0,0.6125,0.3964425136973413,27.0,29.0,2.0
8282,True,18,3,30,1.0,30,28,0.8,24,0,1,False,0,0.2111111111111111,0.2948357247267763,30.0,27.200000000000003,-2.799999999999997
8283,True,17,3,14,0.4,-24,4,0.2,-8,2,4,False,0,0.5058823529411766,0.3472581680740104,-8.799999999999997,-5.6000000000000005,3.1999999999999966
8286,True,17,3,6,1.0,6,29,0.2,-2,1,8,False,0,0.4470588235294118,0.4718549128954042,6.0,4.200000000000001,-1.799999999999999
8289,True,17,4,-1,1.0,-1,6,0.8,-34,1,8,False,0,0.7176470588235294,0.3395498750508661,-1.0,-1.9999999999999982,-0.9999999999999982
8291,True,16,2,36,0.25,17,64,0.25,12,0,1,False,0,0.5625,0.3667424164178449,21.75,25.0,3.25
8293,True,16,4,15,0.05,-8,34,0.05,-6,3,2,False,0,0.6875,0.3180670788790734,-6.85,-3.999999999999999,2.8500000000000005
8295,True,15,2,5,1.0,5,20,0.25,4,0,1,False,0,0.72,0.3363671463488329,5.0,8.0,3.0
8298,True,17,3,9,1.0,9,12,0.8,-17,3,6,True,0,0.188235294117647,0.2497057091387191,9.0,6.200000000000002,-2.799999999999998
8302,True,17,3,25,1.0,25,32,0.1,24,0,1,False,0,0.5176470588235295,0.4186814035123352,25.0,24.8,-0.1999999999999993
8303,True,15,5,10,1.0,10,13,0.99,9,0,1,False,0,0.88,0.1971221521218324,10.0,12.959999999999999,2.959999999999999
8305,True,18,5,29,0.5,13,21,1.0,21,1,4,False,0,0.6333333333333333,0.3646109933485113,21.0,21.0,0.0
8312,True,18,4,65,0.4,7,112,0.2,9,1,2,False,0,0.4666666666666667,0.4115966043420212,30.2,29.6,-0.5999999999999979
8316,True,15,4,1,0.99,1,97,0.05,-5,0,1,False,0,0.24,0.3561701038227982,1.0,0.10000000000000053,-0.8999999999999995
8317,True,15,4,-1,1.0,-1,2,0.2,-5,2,5,True,0,0.6933333333333332,0.3918211448145819,-1.0,-3.6,-2.6
8320,True,17,4,3,1.0,3,24,0.5,-15,0,1,True,0,0.4823529411764706,0.3745585637080787,3.0,4.5,1.5
8321,True,16,3,11,1.0,11,29,0.5,-3,1,4,False,0,0.5625,0.3879432948254165,11.0,13.0,2.0
8323,True,17,3,-5,1.0,-5,7,0.4,-12,2,2,False,0,0.7411764705882353,0.29803276566808,-5.0,-4.399999999999999,0.6000000000000014
8327,True,16,5,44,0.5,2,23,1.0,23,0,1,False,0,0.5875,0.4161329915623929,23.0,23.0,0.0
8330,True,19,5,15,1.0,15,38,0.4,4,0,1,False,0,0.4526315789473685,0.3322790344351358,15.0,17.6,2.6000000000000014
8334,True,15,3,20,1.0,20,37,0.5,2,2,7,False,0,0.5866666666666666,0.4437931736207543,20.0,19.5,-0.5
8335,True,15,2,0,1.0,0,2,0.75,2,0,1,False,0,0.9866666666666668,0.0516397779494322,0.0,2.0,2.0
8336,True,16,2,7,1.0,7,45,0.4,-21,3,5,False,0,0.4479166666666667,0.4364789672926851,7.0,5.4,-1.5999999999999996
8337,True,16,2,30,1.0,30,104,0.4,-21,0,1,False,0,0.2625,0.2704933763822446,30.0,29.0,-1.0
8339,True,17,2,29,1.0,29,96,0.4,-11,0,1,True,0,0.2928104575163399,0.2534009770945001,29.0,31.800000000000004,2.8000000000000043
8340,True,17,5,23,1.0,23,51,0.6,-23,0,1,True,0,0.1843137254901961,0.29300114880767,23.0,21.4,-1.6000000000000014
8343,True,16,4,46,0.01,16,59,0.4,-7,0,1,False,0,0.4500000000000001,0.322490309931942,16.3,19.400000000000002,3.1000000000000014
8344,True,32,3,12,1.0,12,38,0.1,10,0,1,False,0,0.5562500000000001,0.3758324094593227,12.0,12.8,0.8000000000000007
8345,True,15,2,-3,1.0,-3,9,0.75,-49,0,1,False,0,0.5066666666666667,0.3990464825532174,-3.0,-5.5,-2.5
8347,True,18,4,17,0.75,5,18,0.8,5,0,1,False,0,0.8555555555555556,0.2639568196019551,14.0,15.4,1.4000000000000004
8348,True,16,2,38,0.75,-5,34,0.25,24,0,1,False,1,0.7374999999999999,0.3159641329855864,27.25,26.5,-0.75
8349,True,15,3,43,0.4,-17,24,0.05,6,1,6,False,0,0.7200000000000002,0.3447566429485338,7.0,6.8999999999999995,-0.10000000000000053
8352,True,16,3,30,1.0,30,54,0.1,29,1,4,False,0,0.6124999999999999,0.3964425136973414,30.0,31.5,1.5
8354,True,15,4,34,0.25,-21,-7,1.0,-7,1,6,False,0,0.4,0.3295017884191655,-7.25,-7.0,0.25
8357,True,18,4,55,0.25,11,25,0.25,19,0,1,False,0,0.6222222222222222,0.3622731428982274,22.0,20.5,-1.5
8358,True,17,5,18,1.0,18,22,0.9,-11,2,2,False,0,0.4117647058823529,0.4211329257805314,18.0,18.700000000000003,0.7000000000000028
8359,True,16,5,12,1.0,12,83,0.4,-39,0,1,True,0,0.45,0.3540244812627134,12.0,9.800000000000004,-2.1999999999999957
8361,True,17,3,5,1.0,5,14,0.8,-22,0,1,False,0,0.4941176470588236,0.3399826985217301,5.0,6.8000000000000025,1.8000000000000025
8362,True,17,3,13,1.0,13,37,0.1,7,0,1,False,0,0.3411764705882354,0.3063062673400019,13.0,10.0,-3.0
8364,True,16,2,25,0.5,1,18,0.6,1,0,1,False,0,0.471875,0.3463951260242172,13.0,11.2,-1.8000000000000007
8365,True,16,3,18,1.0,18,48,0.4,1,0,1,True,0,0.4125,0.3052321520853704,18.0,19.800000000000004,1.8000000000000043
8366,True,15,3,30,1.0,30,38,0.4,29,0,1,False,0,0.6799999999999999,0.3098386676965933,30.0,32.6,2.6000000000000014
8367,True,16,4,-5,1.0,-5,-4,0.8,-13,0,1,True,0,0.275,0.3255764119219941,-5.0,-5.8,-0.7999999999999998
8370,True,17,2,-2,1.0,-2,65,0.05,-4,0,1,True,0,0.6588235294117647,0.2623423896585618,-2.0,-0.5499999999999998,1.4500000000000002
8371,True,16,3,54,0.6,-16,29,0.8,12,1,8,False,0,0.6000000000000001,0.3425395354310701,26.0,25.6,-0.3999999999999986
8373,True,19,3,83,0.01,10,10,0.9,-7,0,1,False,0,0.2421052631578948,0.3746343246326776,10.73,8.3,-2.4299999999999997
8375,True,16,2,-1,1.0,-1,0,0.9,-23,0,1,False,0,0.5625000000000001,0.3518996068956788,-1.0,-2.2999999999999994,-1.2999999999999994
8377,True,15,4,9,1.0,9,20,0.8,-39,2,7,False,0,0.8,0.3116774889895918,9.0,8.200000000000003,-0.7999999999999972
8382,True,16,3,36,0.25,-13,63,0.1,-11,0,1,True,0,0.7625,0.2941088233970548,-0.75,-3.5999999999999996,-2.8499999999999996
8383,True,15,2,30,0.25,17,21,0.9,-16,1,2,False,0,0.2933333333333333,0.3283436063174123,20.25,17.300000000000004,-2.9499999999999957
8384,True,20,2,12,1.0,12,13,0.99,-1,1,2,False,0,0.5,0.4026229789243216,12.0,12.86,0.8599999999999994
8385,True,15,3,18,0.5,-16,58,0.05,-3,0,1,False,0,0.5066666666666666,0.4199773236508757,1.0,0.05000000000000071,-0.9499999999999993
8386,True,17,2,71,0.1,20,25,1.0,25,1,6,False,0,0.5411764705882354,0.3222165877352758,25.1,25.0,-0.10000000000000142
8387,True,17,4,9,0.4,-8,-1,1.0,-1,1,6,False,0,0.4,0.33166247903554,-1.1999999999999997,-1.0,0.19999999999999973
8389,True,16,3,107,0.1,-7,59,0.01,1,2,3,False,0,0.8000000000000002,0.2190890230020664,4.400000000000001,1.58,-2.820000000000001
8390,True,17,5,56,0.05,0,10,0.75,-9,1,2,False,0,0.4588235294117646,0.392203428607865,2.8000000000000003,5.25,2.4499999999999997
8392,True,16,4,27,0.75,-29,27,0.4,1,2,3,True,0,0.8,0.2828427124746189,13.0,11.4,-1.5999999999999996
8394,True,16,3,4,0.75,-40,51,0.01,-10,1,8,False,0,0.3375,0.3242941051987634,-7.0,-9.39,-2.3900000000000006
8395,True,15,5,-6,0.95,-33,27,0.5,-44,0,1,True,0,0.6000000000000001,0.3703280399090206,-7.3500000000000005,-8.5,-1.1499999999999995
8400,True,16,4,22,1.0,22,32,0.01,19,3,3,True,0,0.6375000000000001,0.3739429546512855,22.0,19.13,-2.870000000000001
8401,True,15,3,-2,0.99,-12,-2,1.0,-2,0,1,False,0,0.8399999999999999,0.2529822128134704,-2.1,-2.0,0.10000000000000009
8406,True,15,2,44,0.4,-3,16,1.0,16,0,1,False,0,0.6266666666666667,0.3369329451445933,15.8,16.0,0.1999999999999993
8408,True,19,5,12,1.0,12,20,0.2,9,0,1,False,0,0.4105263157894737,0.3970652574998853,12.0,11.2,-0.8000000000000007
8409,True,20,2,-3,1.0,-3,34,0.4,-32,1,2,False,0,0.6766666666666666,0.2967859015267222,-3.0,-5.599999999999998,-2.599999999999998
8410,True,20,2,14,1.0,14,50,0.2,2,0,1,False,0,0.3199999999999999,0.2783409495753837,14.0,11.6,-2.4000000000000004
8411,True,16,3,2,1.0,2,5,0.99,-29,1,6,True,0,0.65,0.322490309931942,2.0,4.66,2.66
8414,True,20,2,-7,1.0,-7,7,0.4,-19,1,2,False,0,0.79,0.2712543960351999,-7.0,-8.6,-1.5999999999999996
8415,True,19,5,3,0.99,-22,3,0.99,-16,1,2,False,0,0.3578947368421053,0.4086777995678859,2.7499999999999996,2.8099999999999996,0.06000000000000005
8419,True,19,3,-10,1.0,-10,6,0.6,-30,1,2,False,0,0.768421052631579,0.2849027740182163,-10.0,-8.4,1.5999999999999996
8421,True,16,3,115,0.2,-20,9,0.95,-7,2,6,False,0,0.7750000000000001,0.2620432534271139,7.0,8.2,1.1999999999999993
8422,True,16,5,2,0.9,-20,0,0.99,-15,3,2,True,0,0.2875,0.3180670788790734,-0.1999999999999995,-0.15000000000000013,0.04999999999999938
8425,True,18,4,4,1.0,4,16,0.25,-1,0,1,False,0,0.2777777777777778,0.2755861252282136,4.0,3.25,-0.75
8426,True,16,3,20,1.0,20,22,0.6,17,0,1,False,0,0.3875,0.3461695153148719,20.0,20.0,0.0
8427,True,19,2,83,0.01,-6,30,0.25,-19,0,1,False,0,0.4631578947368421,0.3832761208258632,-5.109999999999999,-6.75,-1.6400000000000006
8428,True,18,3,14,1.0,14,39,0.5,-10,1,2,False,0,0.6000000000000001,0.3629940851892121,14.0,14.5,0.5
8429,True,16,5,15,1.0,15,110,0.25,-15,0,1,False,0,0.5499999999999999,0.3386246693120078,15.0,16.25,1.25
8431,True,17,5,-3,1.0,-3,34,0.4,-31,0,1,True,0,0.5647058823529413,0.3334313581357268,-3.0,-4.9999999999999964,-1.9999999999999964
8435,True,16,3,35,0.1,5,6,0.9,2,1,4,False,-1,0.375,0.3642343567906063,8.0,5.6000000000000005,-2.3999999999999995
8436,True,18,5,23,0.2,19,52,0.2,8,1,8,False,-1,0.4555555555555556,0.3988545691354951,19.8,16.8,-3.0
8437,True,16,4,21,1.0,21,25,0.9,8,0,1,False,0,0.575,0.3855731664245668,21.0,23.3,2.3000000000000007
8438,True,16,5,26,1.0,26,74,0.25,14,3,2,False,0,0.64375,0.3632606961031337,26.0,29.0,3.0
8439,True,18,4,29,1.0,29,80,0.5,-22,1,4,False,0,0.5555555555555555,0.3601016559450666,29.0,29.0,0.0
8440,True,16,5,13,0.95,-11,12,1.0,12,0,1,False,0,0.7875,0.247318957353994,11.799999999999999,12.0,0.20000000000000107
8444,True,16,4,6,1.0,6,7,0.8,6,2,6,False,0,0.5875,0.4224926034855521,6.0,6.800000000000001,0.8000000000000007
8445,True,18,5,11,1.0,11,9,0.99,-31,2,2,False,0,0.1,0.2400980191995124,11.0,8.6,-2.4000000000000004
8452,True,17,4,6,1.0,6,5,0.99,-11,1,2,True,0,0.1058823529411764,0.1886484436567597,6.0,4.84,-1.1600000000000001
8454,True,16,4,60,0.1,-9,7,0.5,-11,3,3,False,1,0.7000000000000001,0.3502380143083652,-2.0999999999999996,-2.0,0.09999999999999964
8455,True,16,2,-7,1.0,-7,26,0.05,-8,0,1,True,0,0.8000000000000002,0.2422120283277993,-7.0,-6.3,0.7000000000000002
8456,True,16,2,14,1.0,14,16,0.99,4,2,7,False,0,0.675,0.3415650255319866,14.0,15.879999999999999,1.879999999999999
8457,True,16,3,14,0.4,-21,1,0.25,-11,1,2,False,0,0.475,0.3642343567906062,-6.999999999999999,-8.0,-1.0000000000000009
8459,True,16,5,12,1.0,12,15,0.6,12,0,1,False,0,0.8,0.3794733192202056,12.0,13.8,1.8000000000000007
8460,True,16,2,92,0.05,5,56,0.4,-18,0,1,True,0,0.3375,0.3324154027718932,9.350000000000001,11.600000000000003,2.2500000000000018
8461,True,16,5,14,1.0,14,39,0.5,-9,0,1,False,0,0.35,0.2683281572999748,14.0,15.0,1.0
8462,True,16,3,14,1.0,14,27,0.6,-1,0,1,False,0,0.65625,0.3182635176495519,14.0,15.799999999999999,1.799999999999999
8465,True,20,2,10,1.0,10,14,0.6,0,1,6,False,0,0.36,0.4031455268131766,10.0,8.4,-1.5999999999999996
8466,True,16,4,18,1.0,18,57,0.1,13,1,4,False,0,0.3964285714285714,0.3126146048355108,18.0,17.400000000000002,-0.5999999999999979
8470,True,18,5,21,1.0,21,37,0.2,18,1,4,False,0,0.5000000000000001,0.4242640687119285,21.0,21.8,0.8000000000000007
8472,True,18,5,85,0.1,8,16,1.0,16,1,6,False,0,0.7333333333333334,0.3217598666159375,15.7,16.0,0.3000000000000007
8473,True,18,2,16,1.0,16,15,0.95,13,3,2,False,0,0.2111111111111111,0.2784175638663643,16.0,14.9,-1.0999999999999996
8475,True,18,3,18,1.0,18,22,0.9,-16,0,1,False,0,0.4777777777777778,0.3766033262724549,18.0,18.200000000000003,0.20000000000000284
8476,True,18,2,1,1.0,1,39,0.01,-2,2,6,False,0,0.3111111111111111,0.3376195019612688,1.0,-1.5899999999999999,-2.59
8478,True,18,3,10,1.0,10,58,0.2,-4,0,1,False,0,0.2333333333333333,0.344707889976085,10.0,8.400000000000002,-1.5999999999999979
8479,True,18,4,10,1.0,10,56,0.5,-37,0,1,False,0,0.3666666666666665,0.344707889976085,10.0,9.5,-0.5
8480,True,20,3,25,1.0,25,26,0.4,23,1,8,False,0,0.48,0.437216073282813,25.0,24.2,-0.8000000000000007
8481,True,18,4,9,0.5,-13,31,0.05,-4,0,1,False,0,0.4888888888888888,0.38331201986784,-2.0,-2.25,-0.25
8482,True,16,2,25,1.0,25,77,0.25,4,1,6,False,0,0.375,0.3924283374069717,25.0,22.25,-2.75
8483,True,15,5,11,1.0,11,43,0.1,4,1,4,False,0,0.3733333333333333,0.3283436063174123,11.0,7.9,-3.0999999999999996
8484,True,16,2,28,1.0,28,75,0.6,-50,0,1,False,0,0.3,0.3098386676965933,28.0,25.0,-3.0
8485,True,16,3,-1,1.0,-1,-4,0.9,-6,1,8,False,0,0.1125,0.1454876856186346,-1.0,-4.2,-3.2
8486,True,19,4,17,1.0,17,21,0.9,-1,1,2,True,0,0.4526315789473684,0.2893832926388107,17.0,18.8,1.8000000000000007
8487,True,17,2,11,1.0,11,10,0.5,6,0,1,False,0,0.1764705882352941,0.2634611256065729,11.0,8.0,-3.0
8488,True,32,4,33,0.75,-6,27,0.6,10,0,1,False,0,0.58125,0.3495965416526369,23.25,20.2,-3.0500000000000007
8489,True,17,2,34,0.1,15,20,0.4,14,0,1,False,0,0.4470588235294117,0.3429971702850177,16.9,16.4,-0.5
8490,True,16,4,14,1.0,14,37,0.6,-16,2,5,False,0,0.5749999999999998,0.2620432534271139,14.0,15.799999999999999,1.799999999999999
8492,True,16,2,35,0.5,23,88,0.5,-24,3,2,False,0,0.6,0.3183289703016886,29.0,32.0,3.0
8494,True,18,3,20,1.0,20,20,1.0,20,2,5,True,0,0.4666666666666667,0.3497898528780825,20.0,20.0,0.0
8495,True,20,3,12,0.2,-1,2,1.0,2,0,1,False,0,0.5400000000000001,0.3618665063542806,1.6000000000000003,2.0,0.3999999999999997
8497,True,19,3,30,0.25,2,12,0.6,11,2,4,True,-1,0.6,0.2905932629027116,9.0,11.6,2.5999999999999996
8498,True,18,2,-5,0.75,-16,11,0.6,-34,1,4,True,0,0.7111111111111109,0.276296705157781,-7.75,-7.000000000000002,0.7499999999999982
8499,True,17,2,64,0.2,-1,16,0.9,-13,1,8,False,0,0.6823529411764707,0.2555271368114525,12.0,13.100000000000001,1.1000000000000014
8502,True,18,2,17,1.0,17,20,0.25,16,1,4,False,0,0.4333333333333334,0.3646109933485113,17.0,17.0,0.0
8507,True,17,3,20,1.0,20,31,0.75,-25,2,7,True,0,0.7411764705882353,0.3143620991973503,20.0,17.0,-3.0
8508,True,18,4,7,1.0,7,12,0.6,-8,0,1,False,0,0.3666666666666667,0.344707889976085,7.0,3.999999999999999,-3.000000000000001
8510,True,18,4,7,0.95,-21,6,0.75,-4,0,1,False,0,0.288888888888889,0.3376195019612688,5.599999999999999,3.5,-2.0999999999999988
8511,True,18,4,29,1.0,29,35,0.75,8,1,2,False,0,0.4666666666666667,0.3360672201667223,29.0,28.25,-0.75
8514,True,18,5,4,1.0,4,33,0.4,-12,0,1,False,0,0.3444444444444444,0.3052910322611605,4.0,6.000000000000002,2.0000000000000018
8516,True,16,2,36,0.01,-8,-7,0.4,-13,0,1,True,0,0.1375,0.2390955178723907,-7.56,-10.6,-3.04
8518,True,19,4,21,0.95,14,20,0.9,12,0,1,True,0,0.1894736842105263,0.368019831654801,20.65,19.2,-1.4499999999999993
8520,True,15,5,44,0.25,4,75,0.4,-29,0,1,False,0,0.4533333333333333,0.4373077809027587,14.0,12.600000000000001,-1.3999999999999986
8521,True,17,3,19,0.99,-22,19,1.0,19,0,1,False,0,0.7882352941176469,0.3425681555201396,18.59,19.0,0.41000000000000014
8526,True,17,4,86,0.05,-15,56,0.2,-28,0,1,False,1,0.4588235294117648,0.3658189844879085,-9.95,-11.200000000000001,-1.2500000000000018
8527,True,15,4,20,1.0,20,35,0.5,10,1,4,False,0,0.4666666666666668,0.3436498771936898,20.0,22.5,2.5
8528,True,17,4,88,0.1,15,22,1.0,22,0,1,False,0,0.4941176470588236,0.4130232866245167,22.3,22.0,-0.3000000000000007
8532,True,17,4,13,1.0,13,16,0.9,-20,3,3,True,0,0.5647058823529412,0.3690209622612721,13.0,12.4,-0.5999999999999996
8535,True,15,4,26,0.4,19,22,1.0,22,0,1,False,0,0.56,0.4084815085865489,21.8,22.0,0.1999999999999993
8536,True,15,5,-3,0.8,-24,58,0.05,-13,0,1,False,0,0.4133333333333333,0.2875181153713043,-7.199999999999999,-9.45,-2.25
8538,True,15,4,-4,1.0,-4,21,0.6,-39,0,1,False,0,0.5466666666666667,0.2972893411828826,-4.0,-3.0000000000000018,0.9999999999999982
8540,True,15,4,30,1.0,30,74,0.1,22,0,1,False,0,0.4533333333333334,0.3888934240098375,30.0,27.200000000000003,-2.799999999999997
8542,True,17,2,15,0.9,9,88,0.2,-2,1,2,False,0,0.2823529411764706,0.3166924654093602,14.4,16.0,1.5999999999999996
8544,True,16,5,-3,0.75,-23,8,0.1,-11,0,1,False,0,0.55,0.3386246693120078,-8.0,-9.1,-1.0999999999999996
8545,True,17,4,16,0.99,13,18,0.75,11,2,6,False,0,0.7294117647058824,0.2995094027788462,15.97,16.25,0.27999999999999936
8546,True,15,5,3,0.2,-9,9,0.4,-16,0,1,False,0,0.52,0.3839642840533107,-6.6,-6.0,0.5999999999999996
8547,True,17,3,30,1.0,30,35,0.75,18,3,2,False,0,0.6,0.3807886552931953,30.0,30.75,0.75
8549,True,15,3,33,0.6,-17,22,0.4,5,0,1,False,1,0.5866666666666667,0.3067494712224263,13.0,11.8,-1.1999999999999993
8551,True,15,3,24,0.25,-4,3,1.0,3,0,1,False,0,0.7066666666666668,0.3011090610836324,3.0,3.0,0.0
8555,True,18,4,38,0.6,-42,44,0.1,2,1,2,True,0,0.8222222222222223,0.2734433064276128,6.0,6.2,0.20000000000000018
8558,True,15,5,13,1.0,13,37,0.2,6,0,1,False,0,0.3466666666666666,0.3159264531651691,13.0,12.200000000000001,-0.7999999999999989
8559,True,17,5,10,1.0,10,52,0.05,11,0,1,True,0,0.7999999999999999,0.2828427124746189,10.0,13.049999999999999,3.049999999999999
8560,True,15,4,8,1.0,8,46,0.25,-5,2,5,False,0,0.3200000000000001,0.2908116719999879,8.0,7.75,-0.25
8564,True,18,2,29,0.05,0,1,1.0,1,0,1,False,0,0.6111111111111112,0.3786801985983127,1.4500000000000002,1.0,-0.4500000000000002
8565,True,18,2,17,0.6,15,16,1.0,16,0,1,False,0,0.3111111111111111,0.38331201986784,16.2,16.0,-0.1999999999999993
8570,True,18,5,-1,1.0,-1,16,0.01,0,0,1,False,0,0.8444444444444446,0.252568504911445,-1.0,0.16,1.16
8571,True,17,3,0,0.2,-3,16,0.01,-3,0,1,False,0,0.6470588235294119,0.3776864557056943,-2.4000000000000004,-2.8099999999999996,-0.40999999999999925
8572,True,19,4,-8,1.0,-8,-6,0.8,-15,1,8,False,0,0.6526315789473685,0.3322790344351358,-8.0,-7.8,0.20000000000000018
8574,True,21,4,-2,1.0,-2,11,0.4,-14,1,4,True,0,0.7238095238095239,0.2791142452558842,-2.0,-4.0,-2.0
8576,True,18,3,47,0.2,-9,27,0.2,-5,0,1,False,-1,0.5777777777777778,0.2819168745978263,2.2,1.4000000000000004,-0.7999999999999998
8578,True,15,5,26,0.8,1,40,0.75,-49,0,1,False,0,0.3866666666666667,0.3661901665736507,21.0,17.75,-3.25
8579,True,20,2,13,1.0,13,55,0.05,14,0,1,False,0,0.8700000000000001,0.1625455401774498,13.0,16.049999999999997,3.049999999999997
8580,True,19,3,19,0.6,-24,28,0.1,-1,0,1,False,0,0.5368421052631579,0.3402785236893602,1.799999999999999,1.9000000000000004,0.10000000000000142
8586,True,17,2,72,0.1,21,26,1.0,26,2,2,False,0,0.6,0.3807886552931954,26.1,26.0,-0.10000000000000142
8587,True,16,4,8,1.0,8,22,0.2,8,1,4,False,0,0.8624999999999999,0.2895398648430528,8.0,10.8,2.8000000000000007
8589,True,16,2,5,0.95,-13,69,0.01,4,1,4,False,-1,0.6375,0.3518996068956789,4.1,4.65,0.5500000000000007
8591,True,18,4,1,1.0,1,5,0.05,-2,0,1,False,0,0.3444444444444444,0.3807457422761782,1.0,-1.65,-2.65
8593,True,16,2,93,0.1,-17,1,0.1,-4,3,3,False,0,0.5875,0.3757215280851853,-6.0,-3.5,2.5
8595,True,16,5,17,1.0,17,54,0.2,7,0,1,True,0,0.55,0.3759432581299116,17.0,16.400000000000002,-0.5999999999999979
8598,True,15,4,11,0.25,8,9,1.0,9,1,4,False,0,0.5733333333333334,0.4131182235954578,8.75,9.0,0.25
8600,True,18,3,28,0.6,-45,15,0.05,-3,1,4,False,0,0.5444444444444445,0.3929110395080802,-1.1999999999999993,-2.0999999999999996,-0.9000000000000004
8602,True,16,2,-1,0.95,-23,24,0.1,-7,1,6,False,0,0.3625,0.3739429546512855,-2.100000000000001,-3.8999999999999995,-1.7999999999999985
8604,True,15,3,2,1.0,2,4,0.1,1,1,6,True,0,0.6666666666666666,0.3754362541795623,2.0,1.3,-0.7
8606,True,17,4,69,0.4,-16,18,1.0,18,1,2,False,0,0.6705882352941177,0.3601470287992686,18.0,18.0,0.0
8607,True,15,2,10,1.0,10,56,0.05,10,0,1,False,0,0.8133333333333334,0.3661901665736507,10.0,12.3,2.3000000000000007
8610,True,16,4,67,0.5,-27,55,0.01,22,0,1,False,0,0.625,0.3924283374069717,20.0,22.330000000000002,2.330000000000002
8612,True,15,2,24,1.0,24,27,0.95,22,1,8,False,0,0.8533333333333334,0.2199567056967174,24.0,26.75,2.75
8613,True,31,4,-1,1.0,-1,12,0.2,-8,3,2,False,0,0.4903225806451614,0.3379889926310988,-1.0,-4.0,-3.0
8616,True,16,5,23,0.95,11,22,1.0,22,1,6,False,0,0.2875,0.3792536530256938,22.4,22.0,-0.3999999999999986
8618,True,16,2,93,0.05,22,66,0.25,15,1,6,False,0,0.425,0.3714835124201342,25.549999999999997,27.75,2.200000000000003
8619,True,18,5,25,1.0,25,29,0.8,5,3,5,False,0,0.6444444444444444,0.3791976393296807,25.0,24.200000000000003,-0.7999999999999972
8624,True,16,4,0,1.0,0,12,0.5,-17,2,7,False,0,0.5999999999999999,0.3864367132317184,0.0,-2.5,-2.5
8625,True,16,4,21,0.01,14,42,0.5,-11,0,1,True,0,0.2875,0.2729468812791236,14.07,15.5,1.4299999999999997
8628,True,17,2,47,0.6,-18,35,0.01,20,3,6,False,0,0.6823529411764706,0.3395498750508661,21.0,20.150000000000002,-0.8499999999999979
8629,True,18,4,3,1.0,3,41,0.05,3,0,1,False,0,0.8333333333333333,0.3378130356555584,3.0,4.9,1.9000000000000004
8631,True,16,2,67,0.25,-20,9,0.4,-1,3,6,False,0,0.725,0.2516611478423583,1.75,3.0,1.25
8634,True,15,2,16,1.0,16,37,0.1,11,0,1,False,0,0.4933333333333334,0.4267261863247181,16.0,13.600000000000001,-2.3999999999999986
8635,True,18,5,43,0.5,-11,26,0.1,13,0,1,False,0,0.7000000000000002,0.3086974532565159,16.0,14.3,-1.6999999999999993
8636,True,16,5,-1,1.0,-1,-2,0.8,-3,1,4,False,0,0.2125,0.2777888886666756,-1.0,-2.2,-1.2000000000000002
8640,True,17,2,37,0.6,-28,63,0.01,13,0,1,True,0,0.7058823529411765,0.3613699424331216,10.999999999999998,13.5,2.5000000000000018
8641,True,17,2,5,1.0,5,110,0.25,-26,1,6,False,0,0.4705882352941176,0.3670229997601529,5.0,8.0,3.0
8642,True,18,5,22,1.0,22,22,0.75,9,1,4,True,0,0.4111111111111111,0.4254947139906522,22.0,18.75,-3.25
8646,True,15,4,25,0.05,-12,100,0.01,-13,0,1,True,0,0.7466666666666665,0.3159264531651691,-10.149999999999999,-11.87,-1.7200000000000006
8648,True,17,5,23,0.75,23,27,0.75,23,0,1,True,0,0.7882352941176469,0.3199264621385211,23.0,26.0,3.0
8649,True,16,3,27,0.25,-1,29,0.4,-14,0,1,False,0,0.1875,0.2247220505424423,6.0,3.200000000000001,-2.799999999999999
8650,True,16,3,55,0.1,26,57,0.5,1,1,2,False,-1,0.4625,0.3913651321549567,28.900000000000002,29.0,0.09999999999999787
8651,True,16,2,5,1.0,5,53,0.1,2,1,4,False,0,0.4875,0.3721558813185679,5.0,7.1000000000000005,2.1000000000000005
8653,True,16,5,53,0.25,5,68,0.1,9,0,1,False,0,0.425,0.3855731664245668,17.0,14.9,-2.0999999999999996
8657,True,15,5,55,0.01,30,43,0.8,-5,3,2,False,1,0.52,0.3189267717114474,30.25,33.4,3.1499999999999986
8658,True,16,5,29,1.0,29,32,0.1,28,1,8,True,0,0.75,0.3540244812627134,29.0,28.4,-0.6000000000000014
8659,True,16,3,32,0.01,27,47,0.4,18,0,1,False,1,0.4874999999999999,0.4064070209367287,27.05,29.6,2.5500000000000007
8660,True,16,3,-5,1.0,-5,9,0.5,-22,2,6,False,0,0.7375,0.3242941051987634,-5.0,-6.5,-1.5
8662,True,18,2,17,1.0,17,48,0.6,-24,0,1,False,0,0.4111111111111111,0.317876944168631,17.0,19.199999999999996,2.1999999999999957
8666,True,17,2,60,0.05,22,27,0.8,14,1,8,False,0,0.3411764705882353,0.3373774287230323,23.9,24.400000000000002,0.5000000000000036
8670,True,17,4,-7,1.0,-7,45,0.25,-26,0,1,False,0,0.4823529411764706,0.3321055820775357,-7.0,-8.25,-1.25
8671,True,30,3,29,0.2,6,11,0.95,-4,1,8,False,1,0.5866666666666667,0.3401149231062057,10.600000000000001,10.25,-0.3500000000000014
8672,True,15,3,77,0.05,17,58,0.4,-6,0,1,False,0,0.3733333333333333,0.3283436063174123,20.0,19.6,-0.3999999999999986
8678,True,16,2,10,1.0,10,12,0.1,11,0,1,False,0,0.7000000000000001,0.4442221666388715,10.0,11.100000000000001,1.1000000000000014
8683,True,17,5,27,1.0,27,109,0.4,-30,1,2,False,0,0.3999999999999999,0.4,27.0,25.6,-1.3999999999999986
8688,True,16,3,21,1.0,21,57,0.6,-32,0,1,False,0,0.3625,0.3947573094109004,21.0,21.399999999999995,0.399999999999995
8689,True,19,5,-6,1.0,-6,5,0.4,-12,0,1,False,0,0.7052631578947369,0.3222726316689132,-6.0,-5.199999999999999,0.8000000000000007
8691,True,15,5,14,0.99,6,72,0.01,15,1,8,True,0,0.8933333333333332,0.1486446705914413,13.92,15.57,1.6500000000000004
8692,True,15,2,-7,1.0,-7,6,0.05,-8,1,6,True,0,0.64,0.3480558247506528,-7.0,-7.3,-0.2999999999999998
8695,True,15,3,49,0.25,9,55,0.6,-37,0,1,False,0,0.4666666666666667,0.4117326918327101,19.0,18.2,-0.8000000000000007
8696,True,15,3,30,0.25,-10,0,1.0,0,0,1,False,0,0.5333333333333333,0.3903600291794133,0.0,0.0,0.0
8698,True,15,5,17,1.0,17,23,0.9,-16,0,1,True,0,0.44,0.33123146848433,17.0,19.1,2.1000000000000014
8699,True,15,4,39,0.75,-21,36,0.25,18,0,1,False,-1,0.6133333333333335,0.358302877997027,24.0,22.5,-1.5
8700,True,16,3,21,1.0,21,76,0.01,19,1,2,False,0,0.4375000000000001,0.4014556845614055,21.0,19.57,-1.4299999999999997
8701,True,15,5,-5,1.0,-5,-1,0.75,-25,1,4,False,0,0.64,0.3561701038227982,-5.0,-7.0,-2.0
8702,True,15,3,14,1.0,14,101,0.2,-4,0,1,True,0,0.5466666666666666,0.39617216074881,14.0,17.000000000000004,3.0000000000000036
8705,True,15,5,15,1.0,15,54,0.1,11,0,1,True,0,0.5866666666666667,0.358302877997027,15.0,15.3,0.3000000000000007
8706,True,17,4,24,0.4,16,40,0.25,13,0,1,True,0,0.5294117647058824,0.3737725007982009,19.200000000000003,19.75,0.5499999999999972
8707,True,19,4,37,0.05,10,35,0.5,-12,2,5,False,-1,0.4526315789473684,0.3820535463527354,11.35,11.5,0.15000000000000036
8710,True,18,2,-1,1.0,-1,47,0.01,-4,0,1,False,0,0.2111111111111111,0.302711061786821,-1.0,-3.4899999999999998,-2.4899999999999998
8716,True,15,5,30,1.0,30,49,0.5,17,1,2,False,0,0.68,0.3363671463488329,30.0,33.0,3.0
8717,True,15,3,-7,0.6,-12,12,0.6,-43,1,6,False,1,0.64,0.33123146848433,-9.0,-10.0,-1.0
8719,True,15,3,25,0.05,-2,17,0.01,-4,1,6,False,-1,0.3466666666666667,0.324844285041017,-0.6499999999999999,-3.79,-3.14
8720,True,16,3,12,0.25,-15,48,0.4,-42,0,1,False,0,0.575,0.3924283374069717,-8.25,-5.9999999999999964,2.2500000000000036
8722,True,15,5,23,0.75,-9,47,0.6,-33,1,8,False,0,0.4933333333333334,0.3369329451445933,15.0,14.999999999999998,-1.7763568394002505e-15
8726,True,15,2,27,1.0,27,29,0.9,-13,1,2,False,0,0.4533333333333333,0.4437931736207543,27.0,24.8,-2.1999999999999993
8728,True,15,2,24,0.6,12,38,0.25,15,0,1,False,0,0.56,0.4014260294784796,19.2,20.75,1.5500000000000007
8729,True,15,5,48,0.05,-3,81,0.05,-6,1,4,False,0,0.3333333333333333,0.3754362541795623,-0.4499999999999993,-1.6499999999999995,-1.2000000000000002
8731,True,16,4,34,0.8,-12,33,0.6,7,3,5,False,0,0.5625,0.4014556845614054,24.800000000000004,22.6,-2.200000000000003
8734,True,15,3,-8,0.95,-11,30,0.05,-12,0,1,True,1,0.6933333333333335,0.3692979181920098,-8.15,-9.899999999999999,-1.7499999999999982
8736,True,18,4,24,1.0,24,32,0.01,24,1,2,False,0,0.8222222222222223,0.3812603796936983,24.0,24.08,0.0799999999999983
8738,True,16,4,56,0.5,-6,22,0.99,-7,3,2,False,1,0.525,0.3991657967979388,25.0,21.71,-3.289999999999999
8739,True,17,4,5,1.0,5,39,0.4,-22,0,1,True,0,0.4705882352941176,0.345985378813818,5.0,2.400000000000002,-2.599999999999998
8740,True,15,3,55,0.5,-23,18,0.2,14,0,1,False,-1,0.36,0.3135055251278903,16.0,14.8,-1.1999999999999993
8741,True,15,4,23,1.0,23,54,0.1,17,2,2,False,0,0.4133333333333333,0.4437931736207543,23.0,20.700000000000003,-2.299999999999997
8743,True,17,3,12,1.0,12,72,0.05,9,0,1,True,0,0.5411764705882353,0.4287464628562721,12.0,12.149999999999999,0.14999999999999858
8744,True,18,4,21,1.0,21,24,0.99,22,2,3,False,0,0.7222222222222223,0.3703028260849976,21.0,23.979999999999997,2.979999999999997
8745,True,31,2,18,1.0,18,48,0.5,-15,1,4,False,0,0.5677419354838711,0.358131350926066,18.0,16.5,-1.5
8747,True,15,2,-3,0.8,-18,44,0.05,-10,3,6,True,0,0.7333333333333335,0.3265986323710904,-6.0,-7.3,-1.2999999999999998
8751,True,16,5,9,1.0,9,67,0.5,-44,0,1,True,0,0.3,0.3425395354310701,9.0,11.5,2.5
8753,True,15,5,0,1.0,0,0,1.0,0,3,3,False,0,0.7066666666666668,0.3614784456460256,0.0,0.0,0.0
8754,True,17,3,23,0.8,9,41,0.1,15,1,2,False,0,0.5647058823529412,0.3258473117707668,20.200000000000003,17.6,-2.6000000000000014
8756,True,16,3,4,1.0,4,17,0.2,3,0,1,False,0,0.7125,0.3792536530256938,4.0,5.800000000000001,1.8000000000000007
8760,True,15,4,72,0.05,26,80,0.2,15,0,1,False,0,0.4,0.3927922024247863,28.3,28.0,-0.3000000000000007
8761,True,18,2,5,0.25,0,1,1.0,1,0,1,False,0,0.5333333333333334,0.4338609156373123,1.25,1.0,-0.25
8762,True,18,4,7,1.0,7,13,0.25,8,1,6,False,0,0.7555555555555555,0.3791976393296808,7.0,9.25,2.25
8765,True,16,3,15,1.0,15,64,0.01,14,0,1,True,0,0.6124999999999999,0.389657969677682,15.0,14.5,-0.5
8768,True,15,5,28,0.8,28,72,0.5,-16,3,5,False,0,0.36,0.386929303250976,28.0,28.0,0.0
8770,True,16,4,18,1.0,18,18,1.0,18,3,2,False,0,0.4625,0.4047633053197057,18.0,18.0,0.0
8771,True,16,2,19,1.0,19,66,0.4,-13,0,1,False,0,0.2625,0.2986078811194819,19.0,18.6,-0.3999999999999986
8773,True,16,5,75,0.25,-25,0,1.0,0,2,8,False,0,0.525,0.3991657967979388,0.0,0.0,0.0
8774,True,15,3,27,0.1,-2,10,0.8,-27,0,1,False,0,0.6933333333333332,0.376955220278534,0.9000000000000001,2.6000000000000014,1.7000000000000013
8775,True,17,3,4,1.0,4,52,0.4,-27,3,3,False,0,0.3764705882352941,0.3307744922237541,4.0,4.600000000000001,0.6000000000000014
8776,True,18,2,12,0.1,8,37,0.05,8,3,4,False,0,0.9111111111111108,0.1843554395849907,8.4,9.45,1.049999999999999
8777,True,17,2,25,1.0,25,39,0.01,23,0,1,False,0,0.4,0.4242640687119285,25.0,23.16,-1.8399999999999999
8778,True,16,2,37,0.2,-16,21,0.5,-33,0,1,False,0,0.5250000000000001,0.3785938897200183,-5.4,-6.0,-0.5999999999999996
8784,True,16,4,4,0.9,-24,20,0.25,-7,1,4,False,0,0.575,0.3087609647175843,1.2000000000000006,-0.25,-1.4500000000000006
8786,True,16,2,35,0.25,16,21,0.9,11,2,5,False,0,0.575,0.4187282332651256,20.75,20.0,-0.75
8788,True,16,4,115,0.1,15,80,0.01,24,0,1,False,0,0.6875,0.3575378767813745,25.0,24.56,-0.4400000000000013
8789,True,16,3,27,1.0,27,27,1.0,27,3,6,True,0,0.2625,0.3324154027718932,27.0,27.0,0.0
8791,True,16,3,11,1.0,11,23,0.01,11,2,5,False,0,0.6625,0.4602535533087533,11.0,11.120000000000001,0.120000000000001
8793,True,17,2,-2,0.75,-5,25,0.25,-9,0,1,False,-1,0.6705882352941178,0.3312187832127597,-2.75,-0.5,2.25
8794,True,16,3,30,1.0,30,38,0.75,7,0,1,True,0,0.5499999999999999,0.3829708431025352,30.0,30.25,0.25
8796,True,16,5,11,1.0,11,72,0.25,-5,0,1,False,0,0.4000000000000001,0.3502380143083653,11.0,14.25,3.25
8801,True,16,3,-7,1.0,-7,-5,0.75,-18,0,1,False,0,0.3125,0.3862210075418823,-7.0,-8.25,-1.25
8802,True,16,5,80,0.1,23,79,0.1,22,0,1,False,0,0.25,0.3386246693120078,28.7,27.700000000000003,-0.9999999999999964
8803,True,18,2,-8,1.0,-8,103,0.2,-39,1,2,False,0,0.5777777777777778,0.3687108791699814,-8.0,-10.600000000000001,-2.6000000000000014
8805,True,18,4,42,0.01,18,64,0.5,-28,0,1,False,0,0.3,0.3646109933485114,18.240000000000002,18.0,-0.240000000000002
8806,True,17,3,21,1.0,21,19,0.99,-11,1,2,False,0,0.0941176470588235,0.1748949264390412,21.0,18.7,-2.3000000000000007
8808,True,32,4,15,1.0,15,59,0.05,11,1,4,False,0,0.51875,0.3166737407246078,15.0,13.399999999999999,-1.6000000000000014
8811,True,16,2,30,1.0,30,34,0.9,15,0,1,False,0,0.6375,0.4333974311568233,30.0,32.1,2.1000000000000014
8812,True,16,5,18,0.4,3,7,0.6,4,2,4,True,0,0.4250000000000001,0.3336665001664586,9.0,5.800000000000001,-3.1999999999999993
8814,True,19,3,15,1.0,15,61,0.25,-4,0,1,False,0,0.1684210526315789,0.2849027740182163,15.0,12.25,-2.75
8815,True,18,4,21,1.0,21,20,0.99,-7,1,2,False,0,0.1,0.1714985851425088,21.0,19.73,-1.2699999999999996
8816,True,16,2,104,0.05,4,12,0.05,9,2,4,False,0,0.6749999999999999,0.2909753712372692,9.0,9.149999999999999,0.14999999999999858
8819,True,17,5,15,0.9,-5,10,0.99,2,1,2,False,1,0.2705882352941177,0.3157623827388899,13.0,9.92,-3.08
8820,True,16,5,32,0.8,19,34,0.9,13,1,2,True,0,0.6124999999999999,0.3304037933599835,29.4,31.900000000000002,2.5000000000000036
8822,True,15,5,0,0.25,-13,5,0.5,-29,0,1,False,0,0.7466666666666666,0.277402921672395,-9.75,-12.0,-2.25
8823,True,16,2,-2,1.0,-2,18,0.4,-17,1,4,False,0,0.5125,0.399791612384919,-2.0,-2.999999999999999,-0.9999999999999991
8824,True,17,2,28,0.05,13,75,0.05,10,0,1,False,0,0.5647058823529413,0.4256482944735422,13.75,13.25,-0.5
8825,True,17,3,59,0.25,18,88,0.01,25,0,1,False,0,0.5058823529411764,0.4069253436370333,28.25,25.63,-2.620000000000001
8826,True,15,2,4,1.0,4,16,0.8,-49,1,4,False,0,0.6799999999999999,0.4195235392680606,4.0,3.0000000000000036,-0.9999999999999964
8828,True,17,2,19,1.0,19,27,0.4,11,0,1,False,0,0.5294117647058824,0.4058397249567139,19.0,17.4,-1.6000000000000014
8829,True,17,5,9,1.0,9,8,0.6,5,1,4,False,0,0.2588235294117647,0.37924072752246,9.0,6.8,-2.2
8830,True,16,2,18,1.0,18,18,1.0,18,2,4,True,0,0.5750000000000001,0.2816617356570347,18.0,18.0,0.0
8832,True,18,3,30,1.0,30,60,0.6,-16,0,1,False,0,0.5444444444444446,0.3484794233476806,30.0,29.6,-0.3999999999999986
8835,True,17,3,27,1.0,27,96,0.5,-41,0,1,False,0,0.4588235294117646,0.3857765278134023,27.0,27.5,0.5
8837,True,16,4,33,0.5,15,27,0.4,17,2,5,False,0,0.45,0.409878030638384,24.0,21.0,-3.0
8840,True,16,5,6,1.0,6,33,0.25,-5,1,4,False,0,0.3375,0.3556683848755748,6.0,4.5,-1.5
8841,True,15,2,47,0.2,-16,46,0.4,-31,2,5,False,-1,0.5733333333333335,0.3918211448145818,-3.4000000000000004,-0.19999999999999574,3.2000000000000046
8842,True,15,3,-8,1.0,-8,19,0.4,-29,0,1,True,0,0.6266666666666667,0.3918211448145818,-8.0,-9.799999999999997,-1.7999999999999972
8847,True,16,3,-4,1.0,-4,7,0.05,-8,1,6,False,0,0.5624999999999999,0.3593976442141304,-4.0,-7.25,-3.25
8853,True,16,4,-7,1.0,-7,-6,0.99,-9,0,1,False,0,0.7375,0.3324154027718932,-7.0,-6.029999999999999,0.9700000000000006
8854,True,16,5,59,0.5,-3,32,0.8,8,0,1,False,0,0.575,0.3714835124201341,28.0,27.200000000000003,-0.7999999999999972
8857,True,17,4,39,0.2,-17,17,0.6,-41,2,2,False,-1,0.6235294117647059,0.3666221006784538,-5.800000000000001,-6.200000000000003,-0.40000000000000213
8858,True,17,2,6,1.0,6,11,0.75,-10,0,1,False,0,0.4117647058823529,0.3966773766885005,6.0,5.75,-0.25
8861,True,16,4,-7,1.0,-7,73,0.01,-6,0,1,False,0,0.9125,0.162788205960997,-7.0,-5.209999999999999,1.790000000000001
8866,True,18,5,99,0.01,8,95,0.1,1,1,6,False,1,0.2777777777777778,0.3153999432197262,8.91,10.4,1.4900000000000002
8867,True,16,5,67,0.2,-20,52,0.4,-43,1,6,True,0,0.6000000000000001,0.3183289703016886,-2.5999999999999996,-5.0,-2.4000000000000004
8869,True,16,2,8,0.05,-10,-9,1.0,-9,2,7,True,0,0.7749999999999999,0.2909753712372692,-9.1,-9.0,0.09999999999999964
8870,True,18,4,77,0.01,14,32,0.25,12,0,1,True,0,0.6222222222222222,0.3622731428982274,14.629999999999999,17.0,2.370000000000001
8871,True,17,4,5,1.0,5,38,0.4,-20,0,1,False,0,0.3529411764705882,0.3280961121737492,5.0,3.200000000000001,-1.799999999999999
8874,True,16,5,20,1.0,20,48,0.5,-13,0,1,False,0,0.3,0.2921186973360886,20.0,17.5,-2.5
8875,True,18,3,-7,1.0,-7,33,0.25,-21,2,3,False,0,0.6,0.3497898528780825,-7.0,-7.5,-0.5
8877,True,16,5,10,0.75,1,75,0.05,6,0,1,False,0,0.65,0.3898717737923586,7.75,9.45,1.6999999999999993
8878,True,16,3,0,1.0,0,44,0.5,-47,0,1,True,0,0.7124999999999999,0.3180670788790734,0.0,-1.5,-1.5
8882,True,16,2,94,0.25,-10,24,0.75,-13,2,3,False,0,0.5125,0.3180670788790734,16.0,14.75,-1.25
8888,True,17,3,26,1.0,26,29,0.75,19,1,8,True,0,0.5411764705882353,0.4569721319859283,26.0,26.5,0.5
8890,True,16,3,-9,1.0,-9,27,0.05,-14,0,1,False,0,0.4500000000000001,0.3306559138036598,-9.0,-11.95,-2.9499999999999993
8891,True,16,4,17,1.0,17,32,0.5,-3,0,1,False,0,0.325,0.3642343567906062,17.0,14.5,-2.5
8893,True,16,2,73,0.6,-35,67,0.4,5,0,1,False,0,0.7749999999999999,0.3172801075810878,29.799999999999997,29.8,3.552713678800501e-15
8894,True,19,2,26,1.0,26,95,0.05,24,2,3,True,0,0.7157894736842105,0.3419927840283847,26.0,27.549999999999997,1.5499999999999972
8896,True,18,4,18,0.4,11,54,0.4,-13,1,8,True,1,0.5444444444444444,0.3484794233476807,13.8,13.8,0.0
8897,True,16,2,12,0.2,2,49,0.5,-41,1,4,True,0,0.6000000000000001,0.3502380143083653,4.0,4.0,0.0
8898,True,16,4,35,0.6,-30,12,0.75,-11,0,1,True,0,0.35,0.2476556749467561,9.0,6.25,-2.75
8900,True,32,2,23,0.25,-21,1,0.25,-10,1,2,False,0,0.4,0.3868816606597407,-10.0,-7.25,2.75
8901,True,16,4,13,1.0,13,41,0.05,13,2,7,False,0,0.5625,0.4209117088733297,13.0,14.4,1.4000000000000004
8903,True,17,5,-10,1.0,-10,21,0.1,-16,1,2,False,0,0.6235294117647059,0.2634611256065729,-10.0,-12.3,-2.3000000000000007
8905,True,15,5,-8,1.0,-8,55,0.2,-20,2,5,False,0,0.7333333333333332,0.2794552524023088,-8.0,-5.0,3.0
8908,True,16,4,16,1.0,16,16,0.9,-1,0,1,False,0,0.125,0.2816617356570347,16.0,14.3,-1.6999999999999993
8910,True,15,5,65,0.25,9,30,0.4,19,3,6,False,-1,0.4133333333333334,0.324844285041017,23.0,23.4,0.3999999999999986
8911,True,16,3,4,1.0,4,32,0.05,2,0,1,False,0,0.5375000000000001,0.4240676046732801,4.0,3.5,-0.5
8912,True,18,2,5,1.0,5,27,0.05,2,0,1,False,0,0.4,0.4228753118967396,5.0,3.25,-1.75
8915,True,16,3,13,1.0,13,103,0.25,-17,0,1,False,0,0.4125000000000001,0.3304037933599835,13.0,13.0,0.0
8920,True,17,5,13,1.0,13,67,0.01,14,0,1,False,0,0.8352941176470587,0.3180824902257829,13.0,14.53,1.5299999999999994
8922,True,16,5,-2,1.0,-2,-3,0.9,-3,3,4,False,0,0.3125,0.3180670788790734,-2.0,-3.0,-1.0
8923,True,16,5,-4,1.0,-4,8,0.25,-10,0,1,True,0,0.659375,0.3392239918795053,-4.0,-5.5,-1.5
8924,True,31,4,20,0.2,4,82,0.01,4,2,2,False,0,0.5419354838709678,0.3730721052275615,7.2,4.78,-2.42
8926,True,16,2,47,0.01,7,16,0.25,9,0,1,False,0,0.7624999999999998,0.284897642437888,7.3999999999999995,10.75,3.3500000000000005
8927,True,15,3,-8,1.0,-8,11,0.25,-13,1,8,False,0,0.6799999999999999,0.3098386676965933,-8.0,-7.0,1.0
8930,True,16,5,-1,1.0,-1,55,0.25,-20,0,1,False,0,0.35,0.2875181153713043,-1.0,-1.25,-0.25
8933,True,15,4,24,0.5,-36,-6,1.0,-6,2,4,True,0,0.3866666666666666,0.3335237551331168,-6.0,-6.0,0.0
8934,True,16,2,-4,1.0,-4,21,0.05,-3,0,1,False,0,0.8250000000000001,0.3,-4.0,-1.7999999999999996,2.2
8935,True,16,3,-10,1.0,-10,23,0.01,-7,1,4,False,0,0.8250000000000001,0.2720294101747089,-10.0,-6.699999999999999,3.3000000000000007
8937,True,17,5,2,1.0,2,6,0.9,-5,1,4,False,0,0.6823529411764706,0.3539690913724796,2.0,4.9,2.9000000000000004
8939,True,19,2,19,1.0,19,80,0.25,-2,0,1,False,0,0.4526315789473684,0.4101062478223466,19.0,18.5,-0.5
8942,True,16,3,13,0.8,-37,37,0.6,-47,2,3,False,0,0.6875,0.3180670788790733,3.0000000000000018,3.3999999999999986,0.3999999999999968
8943,True,16,3,27,1.0,27,48,0.5,1,0,1,False,0,0.4500000000000001,0.3614784456460256,27.0,24.5,-2.5
8945,True,32,4,98,0.01,-8,-4,0.75,-13,1,6,False,0,0.46875,0.2520080643870927,-6.9399999999999995,-6.25,0.6899999999999995
8946,True,16,3,-1,1.0,-1,-2,0.95,-27,1,2,False,0,0.2375,0.3364025366531392,-1.0,-3.250000000000001,-2.250000000000001
8950,True,18,5,23,0.75,-9,51,0.4,-7,0,1,False,1,0.5,0.3955636336106924,15.0,16.200000000000003,1.2000000000000028
8951,True,32,3,11,0.2,-9,-5,1.0,-5,1,8,False,0,0.5250000000000001,0.2862437490513421,-5.0,-5.0,0.0
8953,True,16,2,43,0.01,7,57,0.05,4,0,1,True,0,0.5125000000000001,0.2918332857414772,7.359999999999999,6.65,-0.7099999999999991
8955,True,17,2,20,1.0,20,50,0.25,7,0,1,False,0,0.4588235294117648,0.3589199484728659,20.0,17.75,-2.25
8956,True,15,3,51,0.1,22,64,0.25,8,0,1,True,0,0.4266666666666668,0.3011090610836324,24.900000000000002,22.0,-2.900000000000002
8958,True,17,3,27,1.0,27,39,0.05,27,0,1,True,0,0.8117647058823529,0.3199264621385211,27.0,27.599999999999998,0.5999999999999979
8959,True,15,4,4,1.0,4,42,0.2,-8,0,1,False,0,0.44,0.33123146848433,4.0,2.0,-2.0
8960,True,17,4,10,0.75,-38,-4,0.95,-18,3,5,False,0,0.1529411764705882,0.250293944839921,-2.0,-4.700000000000001,-2.700000000000001
8961,True,18,3,70,0.4,-25,65,0.25,-3,0,1,False,0,0.5333333333333334,0.3564531154716027,13.0,14.0,1.0
8962,True,17,4,24,1.0,24,70,0.1,17,3,7,False,0,0.5058823529411766,0.40073461953532,24.0,22.3,-1.6999999999999993
8965,True,15,2,9,0.9,7,46,0.1,1,0,1,False,0,0.2266666666666667,0.3369329451445933,8.799999999999999,5.500000000000001,-3.299999999999998
8968,True,18,3,-5,1.0,-5,28,0.6,-47,1,8,True,0,0.7777777777777779,0.2646986200891953,-5.0,-2.0,3.0
8970,True,15,5,29,1.0,29,33,0.75,22,2,2,False,0,0.5733333333333335,0.3692979181920098,29.0,30.25,1.25
8971,True,15,5,30,0.25,19,73,0.1,19,0,1,False,-1,0.44,0.3869293032509759,21.75,24.400000000000002,2.650000000000002
8975,True,30,5,81,0.1,-7,96,0.05,-6,0,1,False,0,0.56,0.3577708763999664,1.7999999999999998,-0.8999999999999986,-2.6999999999999984
8976,True,17,3,27,1.0,27,29,0.9,12,0,1,False,0,0.5411764705882353,0.4402539374176734,27.0,27.3,0.3000000000000007
8977,True,15,3,69,0.2,-6,31,0.1,6,1,6,False,0,0.7066666666666667,0.3011090610836324,9.0,8.5,-0.5
8980,True,17,4,40,0.5,18,93,0.4,-13,1,6,False,0,0.411764705882353,0.3772968873135194,29.0,29.400000000000002,0.40000000000000213
8983,True,17,4,19,1.0,19,80,0.2,6,1,2,False,0,0.4823529411764706,0.3468344239648925,19.0,20.8,1.8000000000000007
8984,True,17,2,51,0.4,-32,73,0.01,0,1,6,False,1,0.5647058823529413,0.362182924208521,1.2000000000000028,0.73,-0.47000000000000286
8985,True,16,2,12,1.0,12,14,0.95,11,0,1,False,0,0.7875,0.2777888886666755,12.0,13.85,1.8499999999999996
8986,True,17,3,10,1.0,10,10,1.0,10,2,3,False,0,0.5764705882352941,0.3800154795608757,10.0,10.0,0.0
8988,True,16,2,-2,1.0,-2,15,0.5,-16,0,1,True,0,0.7625,0.311715682420161,-2.0,-0.5,1.5
8990,True,16,5,7,1.0,7,5,0.95,-8,0,1,False,0,0.05,0.1154700538379251,7.0,4.35,-2.6500000000000004
8991,True,16,3,6,0.9,-7,6,0.95,-15,2,4,False,0,0.4,0.4258325179379017,4.7,4.949999999999998,0.24999999999999822
8996,True,16,2,26,1.0,26,87,0.25,9,2,6,False,0,0.6874999999999999,0.3263433774416144,26.0,28.5,2.5
8999,True,17,4,4,0.99,2,4,1.0,4,3,4,False,0,0.4588235294117648,0.3985266984930429,3.98,4.0,0.020000000000000018
9000,True,15,2,11,1.0,11,10,0.95,-22,3,2,False,0,0.2133333333333332,0.3661901665736508,11.0,8.399999999999999,-2.6000000000000014
9001,True,16,5,62,0.1,0,36,0.6,-44,0,1,False,1,0.3375,0.3159641329855864,6.2,3.9999999999999964,-2.2000000000000037
9003,True,16,3,0,0.99,-18,45,0.2,-9,0,1,False,0,0.5625000000000001,0.3364025366531392,-0.18000000000000016,1.7999999999999998,1.98
9006,True,16,4,66,0.4,-34,7,0.99,-16,0,1,False,0,0.6,0.3425395354310701,6.0000000000000036,6.77,0.769999999999996
9007,True,32,4,7,1.0,7,67,0.25,-10,0,1,True,0,0.45625,0.3262074344992472,7.0,9.25,2.25
9010,True,15,4,8,1.0,8,27,0.5,-17,0,1,True,0,0.3333333333333333,0.3677473252630061,8.0,5.0,-3.0
9014,True,17,3,1,1.0,1,35,0.25,-8,0,1,False,0,0.6117647058823529,0.3903241488512728,1.0,2.75,1.75
9015,True,16,5,13,0.8,-12,33,0.5,-13,1,6,False,-1,0.575,0.443471156521669,8.0,10.0,2.0
9019,True,16,5,25,1.0,25,51,0.75,-44,1,2,False,0,0.4375,0.3739429546512855,25.0,27.25,2.25
9020,True,16,3,-7,1.0,-7,-7,1.0,-7,2,7,False,0,0.6625,0.3913651321549567,-7.0,-7.0,0.0
9024,True,17,4,32,0.95,-3,42,0.8,-20,0,1,True,0,0.2235294117647059,0.3307744922237541,30.25,29.6,-0.6499999999999986
9028,True,16,5,19,1.0,19,41,0.6,-21,0,1,False,0,0.45,0.3540244812627135,19.0,16.199999999999996,-2.8000000000000043
9029,True,17,4,9,0.9,-8,87,0.4,-46,0,1,False,0,0.3176470588235295,0.3539690913724796,7.3,7.200000000000006,-0.09999999999999343
9030,True,15,3,19,0.2,-7,6,0.75,-29,0,1,True,0,0.4666666666666667,0.3518657752744984,-1.8000000000000003,-2.75,-0.9499999999999997
9036,True,16,5,16,1.0,16,80,0.05,11,1,6,False,0,0.45,0.3540244812627134,16.0,14.45,-1.5500000000000007
9037,True,16,2,17,1.0,17,54,0.4,-7,0,1,False,0,0.3625,0.3879432948254165,17.0,17.400000000000002,0.40000000000000213
9038,True,16,2,18,0.5,-20,31,0.05,-4,0,1,True,-1,0.7,0.3502380143083653,-1.0,-2.25,-1.25
9039,True,16,4,73,0.2,3,17,1.0,17,0,1,False,0,0.3624999999999999,0.3810074364978545,17.0,17.0,0.0
9040,True,16,5,64,0.05,21,23,1.0,23,2,6,True,0,0.6499999999999999,0.3687817782917155,23.15,23.0,-0.14999999999999858
9044,True,18,2,3,1.0,3,57,0.25,-11,0,1,False,0,0.3222222222222222,0.3370382340949318,3.0,6.0,3.0
9047,True,19,2,51,0.5,9,33,0.75,11,1,4,False,0,0.3473684210526316,0.3641861872001304,30.0,27.5,-2.5
9048,True,18,5,11,1.0,11,28,0.5,-7,1,2,False,0,0.4666666666666667,0.3564531154716028,11.0,10.5,-0.5
9051,True,19,5,5,0.8,-9,45,0.2,-5,0,1,False,0,0.5052631578947369,0.3851027052193369,2.2,5.0,2.8
9053,True,19,3,7,1.0,7,95,0.05,2,1,2,False,0,0.4105263157894736,0.3914286324082665,7.0,6.65,-0.34999999999999964
9054,True,17,2,35,0.1,-2,12,0.6,-8,0,1,False,0,0.4352941176470588,0.3481041088356115,1.7,3.999999999999999,2.299999999999999
9055,True,18,4,28,1.0,28,38,0.5,14,0,1,False,0,0.4222222222222223,0.355718916719955,28.0,26.0,-2.0
9057,True,18,2,12,1.0,12,40,0.01,14,0,1,False,0,0.7222222222222222,0.3299831645537222,12.0,14.26,2.26
9058,True,16,4,30,0.2,25,26,1.0,26,2,2,False,0,0.4375,0.3879432948254165,26.0,26.0,0.0
9059,True,17,5,22,1.0,22,64,0.4,-1,1,6,True,0,0.5294117647058824,0.3804022638641116,22.0,25.0,3.0
9061,True,15,5,10,0.75,1,44,0.6,-42,3,6,False,-1,0.4133333333333334,0.3661901665736508,7.75,9.599999999999998,1.8499999999999979
9064,True,16,5,-2,1.0,-2,15,0.5,-14,3,2,False,0,0.8250000000000001,0.1770122406313567,-2.0,0.5,2.5
9067,True,19,2,-5,1.0,-5,24,0.4,-23,0,1,False,0,0.4736842105263157,0.3141869670950685,-5.0,-4.1999999999999975,0.8000000000000025
9071,True,15,4,3,0.99,-5,13,0.75,-40,2,2,False,0,0.5199999999999999,0.352946778667023,2.92,-0.25,-3.17
9072,True,16,3,35,0.2,-20,9,0.01,-10,0,1,False,0,0.6000000000000001,0.3651483716701107,-9.0,-9.81,-0.8100000000000005
9073,True,15,5,11,1.0,11,88,0.2,-5,0,1,False,0,0.2933333333333333,0.3453086955726647,11.0,13.600000000000001,2.6000000000000014
9078,True,15,5,29,1.0,29,41,0.8,-35,0,1,True,0,0.4133333333333333,0.3961721607488101,29.0,25.800000000000004,-3.1999999999999957
9080,True,16,2,22,1.0,22,108,0.1,13,1,6,False,0,0.6625,0.4047633053197057,22.0,22.5,0.5
9081,True,16,5,39,0.4,-1,23,0.75,-1,0,1,False,0,0.65,0.3687817782917155,15.000000000000002,17.0,1.9999999999999982
9082,True,17,2,54,0.1,5,10,0.99,-12,0,1,False,0,0.5176470588235295,0.3876778529230924,9.9,9.780000000000001,-0.11999999999999922
9083,True,15,5,9,1.0,9,65,0.25,-7,1,4,False,0,0.6133333333333333,0.4103424818136094,9.0,11.0,2.0
9085,True,18,2,64,0.01,4,26,0.25,-2,0,1,False,1,0.2888888888888889,0.3644316911525943,4.6,5.0,0.40000000000000036
9086,True,16,4,3,1.0,3,13,0.25,2,0,1,False,0,0.7375,0.3159641329855864,3.0,4.75,1.75
9087,True,15,3,23,1.0,23,30,0.9,-20,0,1,False,0,0.3833333333333333,0.3852951867755176,23.0,25.0,2.0
9090,True,16,5,26,1.0,26,33,0.75,-7,0,1,False,0,0.425,0.3855731664245668,26.0,23.0,-3.0
9092,True,16,4,14,1.0,14,18,0.9,-10,0,1,False,0,0.4625,0.3981205847478877,14.0,15.2,1.1999999999999993
9097,True,17,5,16,1.0,16,22,0.9,-23,0,1,False,0,0.4470588235294118,0.4032952501871667,16.0,17.5,1.5
9099,True,21,2,-8,1.0,-8,28,0.25,-23,2,4,False,0,0.6476190476190476,0.3026863849251359,-8.0,-10.25,-2.25
9100,True,17,3,27,1.0,27,34,0.4,23,0,1,True,0,0.7294117647058823,0.3386825687172889,27.0,27.4,0.3999999999999986
9101,True,15,4,22,0.6,-20,48,0.01,4,0,1,False,1,0.7066666666666667,0.3369329451445933,5.199999999999999,4.4399999999999995,-0.7599999999999998
9102,True,17,5,66,0.5,-8,30,0.8,30,0,1,False,0,0.4588235294117646,0.3589199484728659,29.0,30.0,1.0
9103,True,16,4,-6,1.0,-6,49,0.05,-10,0,1,False,0,0.5375,0.4177319714841085,-6.0,-7.05,-1.0499999999999998
9104,True,17,5,14,1.0,14,25,0.6,3,0,1,False,0,0.6823529411764706,0.3539690913724796,14.0,16.2,2.1999999999999993
9105,True,17,2,17,1.0,17,21,0.95,-34,0,1,True,0,0.1294117647058823,0.2443478715948661,17.0,18.249999999999996,1.2499999999999964
9106,True,20,5,44,0.2,16,46,0.5,-1,1,2,False,0,0.47,0.4268612494895613,21.6,22.5,0.8999999999999986
9107,True,15,2,13,0.95,-10,62,0.1,5,0,1,False,0,0.52,0.4394802124588286,11.85,10.7,-1.1500000000000004
9110,True,18,5,12,1.0,12,50,0.25,-3,1,6,False,0,0.2555555555555556,0.3347030680929735,12.0,10.25,-1.75
9111,True,19,4,2,1.0,2,4,0.05,-1,0,1,True,0,0.1684210526315789,0.2029029094007153,2.0,-0.75,-2.75
9112,True,15,4,27,0.5,-29,22,0.6,-37,0,1,True,0,0.2933333333333333,0.3692979181920098,-1.0,-1.6000000000000014,-0.6000000000000014
9115,True,15,5,9,1.0,9,16,0.8,-7,1,8,True,0,0.6266666666666667,0.2814926202195987,9.0,11.4,2.4000000000000004
9120,True,15,4,35,0.9,-22,68,0.4,2,0,1,True,0,0.68,0.360951124510943,29.3,28.400000000000002,-0.8999999999999986
9124,True,17,2,9,0.75,-19,22,0.4,-6,1,4,False,0,0.5294117647058824,0.2443478715948661,2.0,5.200000000000001,3.200000000000001
9125,True,18,2,12,1.0,12,20,0.75,-20,0,1,False,0,0.5333333333333333,0.3564531154716027,12.0,10.0,-2.0
9131,True,18,3,-8,1.0,-8,-8,1.0,-8,1,4,True,0,0.6444444444444445,0.3791976393296807,-8.0,-8.0,0.0
9132,True,15,2,-4,1.0,-4,16,0.05,-7,1,2,False,0,0.3866666666666666,0.3335237551331168,-4.0,-5.85,-1.8499999999999996
9133,True,17,5,64,0.5,-32,73,0.4,-27,0,1,False,0,0.5058823529411766,0.3399826985217301,16.0,13.000000000000004,-2.9999999999999964
9134,True,16,2,-5,0.6,-10,-7,0.95,-11,2,5,False,-1,0.6625,0.4112987559751022,-7.0,-7.2,-0.20000000000000018
9135,True,15,3,-3,1.0,-3,-1,0.4,-9,0,1,False,0,0.2666666666666667,0.2690370836538197,-3.0,-5.8,-2.8
9136,True,16,4,-2,1.0,-2,17,0.1,-6,0,1,False,0,0.525,0.4187282332651254,-2.0,-3.7,-1.7000000000000002
9139,True,15,2,22,0.25,11,91,0.25,-10,0,1,False,0,0.3733333333333333,0.3918211448145818,13.75,15.25,1.5
9140,True,15,3,26,0.8,15,85,0.5,-33,3,6,False,0,0.3600000000000001,0.3312314684843301,23.8,26.0,2.1999999999999993
9143,True,17,4,45,0.6,5,57,0.05,30,0,1,False,1,0.5882352941176471,0.4270280332442715,29.0,31.35,2.3500000000000014
9144,True,16,5,59,0.2,-26,-5,0.25,-6,0,1,False,0,0.5625,0.3879432948254165,-9.0,-5.75,3.25
9147,True,16,4,27,1.0,27,24,0.99,17,2,3,False,0,0.125,0.2516611478423583,27.0,23.93,-3.0700000000000003
9150,True,16,5,30,1.0,30,67,0.1,23,1,8,False,0,0.6250000000000001,0.3492849839314596,30.0,27.4,-2.6000000000000014
9153,True,17,2,30,0.05,8,48,0.05,7,1,8,False,0,0.6235294117647061,0.4235702594681104,9.1,9.05,-0.049999999999998934
9155,True,16,5,23,1.0,23,63,0.4,-1,2,3,False,0,0.4375,0.3947573094109004,23.0,24.6,1.6000000000000014
9156,True,18,4,-3,1.0,-3,63,0.25,-29,0,1,False,0,0.5,0.3646109933485114,-3.0,-6.0,-3.0
9158,True,17,2,3,1.0,3,43,0.25,-7,0,1,False,0,0.3882352941176471,0.3199264621385211,3.0,5.5,2.5
9160,True,15,4,8,1.0,8,45,0.05,8,0,1,False,0,0.8533333333333334,0.3159264531651691,8.0,9.85,1.8499999999999996
9161,True,17,5,-3,1.0,-3,5,0.2,-2,2,8,False,0,0.8588235294117647,0.2209604702469758,-3.0,-0.6000000000000001,2.4
9163,True,15,4,99,0.25,-17,19,0.5,9,0,1,False,0,0.7733333333333332,0.2491891612715892,12.0,14.0,2.0
9166,True,15,4,4,1.0,4,2,0.75,-3,1,4,False,0,0.16,0.2414243448488869,4.0,0.75,-3.25
9168,True,16,4,23,1.0,23,75,0.25,6,0,1,False,0,0.3625,0.3593976442141304,23.0,23.25,0.25
9170,True,15,5,7,0.6,-23,104,0.25,-37,1,8,False,0,0.6666666666666666,0.2894987457822983,-5.000000000000001,-1.75,3.250000000000001
9173,True,16,5,6,0.05,2,2,1.0,2,2,7,True,0,0.6124999999999999,0.4031128874149275,2.2,2.0,-0.20000000000000018
9174,True,15,3,30,1.0,30,28,0.6,26,0,1,False,0,0.12,0.2908116719999879,30.0,27.200000000000003,-2.799999999999997
9177,True,17,3,26,0.4,21,43,0.4,9,1,8,True,-1,0.6117647058823531,0.3497898528780825,23.0,22.599999999999998,-0.40000000000000213
9179,True,17,3,1,1.0,1,13,0.2,-5,0,1,False,0,0.2117647058823529,0.2869720215917757,1.0,-1.4,-2.4
9184,True,16,4,17,1.0,17,74,0.1,9,0,1,False,0,0.3625,0.3667424164178449,17.0,15.5,-1.5
9185,True,15,3,27,0.95,18,28,0.2,28,0,1,False,0,0.8000000000000002,0.282842712474619,26.55,28.000000000000004,1.4500000000000028
9188,True,18,5,25,1.0,25,35,0.25,25,0,1,False,0,0.7444444444444445,0.3347030680929735,25.0,27.5,2.5
9194,True,18,4,4,1.0,4,54,0.05,2,0,1,True,0,0.5000000000000001,0.3235828832817663,4.0,4.6,0.5999999999999996
9196,True,18,5,93,0.2,0,70,0.2,3,0,1,False,0,0.7222222222222221,0.2486565208464823,18.6,16.4,-2.200000000000003
9197,True,17,4,59,0.05,15,33,0.4,6,1,6,False,0,0.4588235294117647,0.3857765278134022,17.2,16.8,-0.3999999999999986
9202,True,17,5,11,1.0,11,23,0.8,-41,0,1,True,0,0.3647058823529412,0.3334313581357268,11.0,10.200000000000005,-0.7999999999999954
9203,True,15,3,54,0.25,2,15,1.0,15,2,6,False,0,0.6533333333333334,0.3159264531651691,15.0,15.0,0.0
9204,True,18,3,-9,1.0,-9,1,0.05,-11,0,1,False,0,0.4444444444444444,0.3110177264140917,-9.0,-10.399999999999999,-1.3999999999999986
9206,True,15,2,1,1.0,1,29,0.05,0,0,1,False,0,0.3733333333333333,0.4199773236508757,1.0,1.4500000000000002,0.4500000000000002
9208,True,16,5,68,0.01,4,8,0.5,0,0,1,False,0,0.3625,0.3030401513551189,4.64,4.0,-0.6399999999999997
9210,True,16,3,0,1.0,0,4,0.4,-4,0,1,False,0,0.35,0.2780887148615228,0.0,-0.7999999999999998,-0.7999999999999998
9211,True,18,4,5,1.0,5,5,1.0,5,2,3,False,0,0.588888888888889,0.3462214335447065,5.0,5.0,0.0
9212,True,15,4,20,1.0,20,20,1.0,20,1,6,False,0,0.28,0.360951124510943,20.0,20.0,0.0
9213,True,15,4,13,0.99,12,19,0.25,15,0,1,False,1,0.7866666666666667,0.3335237551331168,12.989999999999998,16.0,3.0100000000000016
9214,True,15,4,-5,1.0,-5,97,0.1,-16,1,2,False,0,0.3866666666666667,0.3888934240098375,-5.0,-4.699999999999999,0.3000000000000007
9217,True,15,2,73,0.05,13,94,0.25,-11,0,1,True,0,0.2,0.2507132682112035,16.0,15.25,-0.75
9218,True,17,2,28,1.0,28,26,0.9,23,1,2,False,0,0.0941176470588235,0.1434860107958878,28.0,25.700000000000003,-2.299999999999997
9220,True,15,5,14,0.05,11,32,0.25,1,0,1,False,1,0.2933333333333333,0.2491891612715892,11.149999999999999,8.75,-2.3999999999999986
9221,True,18,5,-7,1.0,-7,-6,0.99,-35,1,2,False,0,0.6111111111111112,0.3660422490704798,-7.0,-6.29,0.71
9224,True,19,4,-3,0.05,-4,11,0.75,-43,0,1,False,0,0.6105263157894737,0.3494356352146912,-3.9499999999999997,-2.5,1.4499999999999997
9230,True,16,5,26,0.8,-14,25,0.8,5,0,1,False,0,0.7250000000000001,0.3172801075810878,18.0,21.0,3.0
9234,True,15,3,34,0.75,-26,67,0.5,-30,1,2,False,0,0.5466666666666667,0.3739111175259754,19.0,18.5,-0.5
9235,True,15,5,43,0.05,7,58,0.01,5,0,1,False,0,0.2666666666666666,0.3436498771936898,8.799999999999999,5.53,-3.2699999999999987
9236,True,15,5,28,1.0,28,43,0.4,20,2,3,True,0,0.7466666666666667,0.3583028779970269,28.0,29.2,1.1999999999999993
9238,True,15,4,39,0.01,19,53,0.5,-9,0,1,False,0,0.4,0.3703280399090206,19.2,22.0,2.8000000000000007
9244,True,18,3,9,0.2,-11,10,0.05,-6,0,1,False,0,0.4777777777777778,0.3299831645537222,-7.000000000000001,-5.199999999999999,1.8000000000000016
9247,True,15,4,15,1.0,15,86,0.25,-10,0,1,False,0,0.3066666666666667,0.3104528182847636,15.0,14.0,-1.0
9254,True,18,4,57,0.1,3,31,0.2,-1,0,1,False,0,0.2444444444444445,0.3184931843803443,8.4,5.4,-3.0
9257,True,16,3,-8,1.0,-8,83,0.05,-11,0,1,False,0,0.8249999999999998,0.3172801075810877,-8.0,-6.299999999999999,1.700000000000001
9260,True,15,5,18,1.0,18,43,0.2,11,0,1,False,0,0.5333333333333333,0.4117326918327103,18.0,17.4,-0.6000000000000014
9266,True,19,5,8,0.6,-25,31,0.05,-7,1,4,True,1,0.7157894736842106,0.2853130014071035,-5.2,-5.1,0.10000000000000053
9267,True,16,4,-7,0.95,-45,-9,1.0,-9,1,4,False,0,0.3,0.3098386676965933,-8.900000000000002,-9.0,-0.09999999999999787
9269,True,16,2,17,0.9,10,34,0.2,9,1,8,False,0,0.4625,0.3844910055298216,16.3,14.0,-2.3000000000000007
9270,True,15,4,13,0.4,-24,30,0.01,-11,0,1,False,0,0.3066666666666667,0.3453086955726647,-9.2,-10.59,-1.3900000000000006
9271,True,15,3,56,0.01,16,16,1.0,16,0,1,False,0,0.28,0.4126568965687043,16.4,16.0,-0.3999999999999986
9272,True,16,5,23,1.0,23,80,0.25,3,1,6,False,0,0.2875,0.3180670788790734,23.0,22.25,-0.75
9273,True,18,2,-8,1.0,-8,-3,0.4,-15,0,1,True,0,0.5,0.3955636336106925,-8.0,-10.2,-2.1999999999999993
9277,True,15,2,-6,1.0,-6,-6,1.0,-6,1,4,False,0,0.56,0.4420730385678044,-6.0,-6.0,0.0
9282,True,17,2,28,0.75,-24,17,0.99,4,0,1,True,0,0.4588235294117648,0.3589199484728659,15.0,16.869999999999997,1.8699999999999974
9283,True,19,5,26,1.0,26,40,0.1,24,0,1,True,0,0.736842105263158,0.3593366207576732,26.0,25.6,-0.3999999999999986
9286,True,15,2,48,0.5,-8,20,0.95,-21,0,1,True,1,0.2133333333333332,0.2559761893688738,20.0,17.95,-2.0500000000000007
9290,True,17,5,28,0.4,10,36,0.01,14,2,6,False,0,0.6352941176470589,0.3823303160726799,17.200000000000003,14.219999999999999,-2.980000000000004
9291,True,16,5,10,1.0,10,59,0.5,-37,0,1,False,0,0.4249999999999999,0.2909753712372692,10.0,11.0,1.0
9292,True,17,2,1,1.0,1,3,0.1,1,0,1,False,0,0.7058823529411765,0.3880570000581328,1.0,1.2000000000000002,0.20000000000000018
9294,True,17,2,81,0.25,1,43,0.6,-6,0,1,True,0,0.3529411764705883,0.28748401490088,21.0,23.4,2.3999999999999986
9297,True,15,3,-6,1.0,-6,-6,0.95,-10,0,1,False,0,0.2933333333333333,0.3990464825532173,-6.0,-6.199999999999999,-0.1999999999999993
9299,True,19,2,9,1.0,9,75,0.25,-10,3,7,False,0,0.3894736842105263,0.3740094128971522,9.0,11.25,2.25
9302,True,18,4,13,1.0,13,10,0.95,6,1,6,False,0,0.1444444444444445,0.2254987210664716,13.0,9.8,-3.1999999999999993
9304,True,15,5,1,1.0,1,1,0.95,-1,1,2,False,0,0.2133333333333332,0.324844285041017,1.0,0.8999999999999999,-0.10000000000000009
9305,True,17,5,-4,1.0,-4,42,0.5,-47,1,6,False,0,0.7411764705882353,0.2807552838536876,-4.0,-2.5,1.5
9306,True,15,4,14,0.6,-29,7,0.2,-3,3,2,False,0,0.52,0.3189267717114474,-3.200000000000001,-1.0000000000000002,2.200000000000001
9307,True,15,2,30,1.0,30,45,0.5,14,1,6,True,0,0.6666666666666666,0.3829708431025353,30.0,29.5,-0.5
9309,True,19,5,-4,0.2,-7,4,0.5,-19,2,3,False,0,0.6947368421052631,0.3487655758537312,-6.4,-7.5,-1.0999999999999996
9312,True,15,4,-5,1.0,-5,-4,0.2,-9,1,2,False,0,0.2533333333333333,0.3159264531651691,-5.0,-8.0,-3.0
9315,True,17,5,16,1.0,16,16,0.99,-25,0,1,False,0,0.1647058823529411,0.2370157602106562,16.0,15.59,-0.41000000000000014
9317,True,15,3,69,0.01,26,94,0.25,2,0,1,False,0,0.3200000000000001,0.3277629805645711,26.43,25.0,-1.4299999999999997
9319,True,15,4,22,1.0,22,35,0.8,-22,3,5,True,0,0.36,0.3718678720805473,22.0,23.6,1.6000000000000014
9320,True,17,4,45,0.4,-12,15,0.8,4,1,6,False,0,0.7647058823529412,0.3101233151316348,10.8,12.8,2.0
9323,True,15,2,54,0.25,18,62,0.01,29,1,4,False,0,0.5599999999999999,0.322490309931942,27.0,29.330000000000002,2.330000000000002
9326,True,16,4,29,1.0,29,44,0.01,28,0,1,False,0,0.6874999999999999,0.3180670788790734,29.0,28.16,-0.8399999999999999
9328,True,15,2,3,1.0,3,2,0.05,2,0,1,False,0,0.08,0.1820517979665599,3.0,2.0,-1.0
9329,True,15,3,9,0.5,-15,-3,1.0,-3,3,5,False,0,0.3200000000000001,0.3277629805645711,-3.0,-3.0,0.0
9330,True,15,4,71,0.5,-21,78,0.05,21,0,1,False,-1,0.7200000000000001,0.3189267717114474,25.0,23.85,-1.1499999999999986
9332,True,16,5,3,1.0,3,11,0.4,-6,1,2,False,0,0.425,0.3991657967979387,3.0,0.8000000000000007,-2.1999999999999993
9333,True,16,3,87,0.05,26,44,0.2,26,1,8,False,0,0.3125000000000001,0.3997916123849189,29.05,29.6,0.5500000000000007
9336,True,15,2,17,0.25,-10,32,0.01,-3,1,8,False,0,0.4666666666666667,0.3677473252630062,-3.25,-2.65,0.6000000000000001
9339,True,17,5,19,1.0,19,20,0.99,11,0,1,False,0,0.5529411764705884,0.3776864557056944,19.0,19.91,0.9100000000000001
9340,True,17,5,11,1.0,11,9,0.95,6,0,1,False,0,0.1058823529411764,0.2249182858153549,11.0,8.85,-2.1500000000000004
9345,True,19,4,19,0.25,-5,8,0.4,-8,3,3,True,0,0.4947368421052632,0.2247805947796066,1.0,-1.5999999999999996,-2.5999999999999996
9346,True,15,3,11,1.0,11,42,0.05,7,0,1,True,0,0.52,0.4195235392680606,11.0,8.75,-2.25
9347,True,16,2,19,1.0,19,56,0.6,-33,3,3,False,0,0.4375,0.3364025366531392,19.0,20.4,1.3999999999999986
9349,True,15,5,27,0.1,14,45,0.2,9,0,1,False,0,0.5333333333333333,0.3265986323710904,15.3,16.2,0.8999999999999986
9351,True,17,5,30,1.0,30,30,0.6,29,0,1,False,0,0.2470588235294117,0.3970479301337931,30.0,29.6,-0.3999999999999986
9352,True,17,5,55,0.6,-47,27,0.5,-1,0,1,False,0,0.6941176470588236,0.3009787954227301,14.2,13.0,-1.1999999999999993
9354,True,17,5,23,1.0,23,27,0.2,22,2,2,False,0,0.5058823529411764,0.4069253436370333,23.0,23.0,0.0
9355,True,17,4,5,1.0,5,41,0.6,-43,1,2,False,0,0.4117647058823529,0.3120143284794315,5.0,7.399999999999999,2.3999999999999986
9356,True,17,5,18,0.6,-27,68,0.2,-19,0,1,False,0,0.2705882352941176,0.2823223022592108,-1.7763568394002505e-15,-1.5999999999999996,-1.5999999999999979
9359,True,18,3,19,1.0,19,52,0.1,14,0,1,False,0,0.5111111111111111,0.3771236166328253,19.0,17.8,-1.1999999999999993
9360,True,17,3,18,1.0,18,36,0.25,16,0,1,False,0,0.5294117647058824,0.3531372004659678,18.0,21.0,3.0
9361,True,19,5,9,1.0,9,12,0.9,-5,2,4,False,0,0.6947368421052632,0.3612842589838003,9.0,10.3,1.3000000000000007
9366,True,18,4,20,0.95,-23,18,1.0,18,0,1,False,0,0.4666666666666667,0.3360672201667223,17.849999999999998,18.0,0.15000000000000213
9368,True,17,4,-10,1.0,-10,26,0.5,-40,0,1,False,0,0.7882352941176471,0.2689850203570276,-10.0,-7.0,3.0
9370,True,17,5,-7,1.0,-7,15,0.01,-10,0,1,True,0,0.7294117647058824,0.345985378813818,-7.0,-9.75,-2.75
9371,True,17,5,60,0.5,-20,28,0.9,-19,2,6,False,0,0.6941176470588236,0.3249434339913912,20.0,23.3,3.3000000000000007
9373,True,16,2,37,0.01,23,95,0.4,-28,0,1,False,0,0.4375,0.3518996068956789,23.14,21.2,-1.9400000000000013
9374,True,18,5,-2,1.0,-2,11,0.05,-5,1,6,True,0,0.6888888888888888,0.284685355496181,-2.0,-4.2,-2.2
9375,True,20,2,26,1.0,26,35,0.2,26,1,2,False,0,0.5700000000000001,0.3853911205379201,26.0,27.8,1.8000000000000007
9379,True,15,4,74,0.5,-14,59,0.6,-16,3,2,False,0,0.4933333333333334,0.3534860406754147,30.0,29.0,-1.0
9380,True,17,5,19,1.0,19,22,0.4,18,0,1,False,0,0.4470588235294118,0.4155081934493343,19.0,19.6,0.6000000000000014
9382,True,16,3,20,1.0,20,29,0.5,5,1,6,False,0,0.4125,0.3537890143385838,20.0,17.0,-3.0
9383,True,17,3,52,0.5,-32,10,1.0,10,3,3,False,0,0.811764705882353,0.228807651044432,10.0,10.0,0.0
9385,True,17,4,30,1.0,30,45,0.8,-33,3,5,False,0,0.5159663865546218,0.3536212934873734,30.0,29.400000000000002,-0.5999999999999979
9386,True,16,4,21,1.0,21,25,0.05,21,1,6,True,0,0.7,0.3651483716701107,21.0,21.2,0.1999999999999993
9387,True,16,2,-7,1.0,-7,46,0.01,-10,0,1,True,0,0.6624999999999999,0.3630886025935451,-7.0,-9.44,-2.4399999999999995
9392,True,15,5,-7,0.75,-14,4,0.05,-12,0,1,True,0,0.5733333333333334,0.384460041889302,-8.75,-11.2,-2.4499999999999993
9394,True,16,2,-10,1.0,-10,16,0.05,-10,0,1,False,0,0.8375,0.1821171783953031,-10.0,-8.7,1.3000000000000007
9397,True,16,4,8,1.0,8,33,0.6,-23,2,4,False,0,0.5625000000000001,0.3518996068956789,8.0,10.6,2.5999999999999996
9400,True,18,2,14,1.0,14,14,0.9,-1,1,4,False,0,0.3888888888888889,0.4142873241219246,14.0,12.5,-1.5
9402,True,19,2,-4,1.0,-4,28,0.1,-10,1,2,False,0,0.4210526315789473,0.4103913408340616,-4.0,-6.199999999999999,-2.1999999999999993
9405,True,15,5,-9,0.6,-12,-8,0.75,-16,3,4,False,0,0.3866666666666666,0.3739111175259753,-10.2,-10.0,0.1999999999999993
9406,True,16,3,26,1.0,26,53,0.5,5,0,1,False,0,0.6250000000000001,0.2720294101747089,26.0,29.0,3.0
9408,True,16,2,13,0.75,-7,12,0.8,-21,0,1,False,0,0.275,0.3924283374069717,8.0,5.400000000000002,-2.599999999999998
9411,True,15,5,31,0.05,8,11,0.9,-18,0,1,False,1,0.4666666666666666,0.4639375984311848,9.15,8.100000000000001,-1.049999999999999
9412,True,16,4,11,1.0,11,26,0.5,-3,1,6,False,0,0.4125000000000001,0.3052321520853704,11.0,11.5,0.5
9413,True,18,2,21,1.0,21,23,0.9,22,2,7,False,0,0.6888888888888889,0.4296221169803677,21.0,22.9,1.8999999999999986
9415,True,17,5,63,0.4,-19,28,0.4,2,0,1,False,0,0.5294117647058824,0.3996321838302581,13.800000000000002,12.4,-1.4000000000000021
9416,True,15,3,18,0.4,-22,17,0.5,-35,3,2,False,0,0.6,0.4,-5.999999999999999,-9.0,-3.000000000000001
9418,True,16,2,14,1.0,14,15,0.9,8,0,1,False,0,0.5499999999999999,0.4412104562073146,14.0,14.3,0.3000000000000007
9419,True,16,3,12,1.0,12,15,0.99,5,0,1,False,0,0.7374999999999999,0.2801785145224379,12.0,14.9,2.9000000000000004
9420,True,16,3,15,0.9,-17,53,0.2,5,0,1,False,0,0.5875,0.4096746676734277,11.8,14.600000000000001,2.8000000000000007
9422,True,15,4,1,1.0,1,25,0.5,-26,0,1,False,0,0.5333333333333333,0.3518657752744984,1.0,-0.5,-1.5
9429,True,15,5,23,1.0,23,44,0.75,-30,0,1,False,0,0.2666666666666666,0.2794552524023087,23.0,25.5,2.5
9430,True,15,2,2,1.0,2,13,0.6,-10,0,1,False,0,0.6133333333333333,0.2325838302531758,2.0,3.8,1.7999999999999998
9431,True,16,3,-3,1.0,-3,29,0.01,0,0,1,True,0,0.9375,0.1586400537905439,-3.0,0.29,3.29
9433,True,19,3,30,0.2,-13,1,0.2,-10,0,1,False,-1,0.4105263157894737,0.3430172280126033,-4.4,-7.8,-3.3999999999999995
9435,True,15,5,-2,0.9,-31,9,0.4,-15,1,4,False,-1,0.6400000000000001,0.386929303250976,-4.8999999999999995,-5.4,-0.5000000000000009
9439,True,16,4,19,1.0,19,84,0.4,-21,2,4,True,0,0.6624999999999999,0.2895398648430529,19.0,21.0,2.0
9441,True,17,4,22,1.0,22,63,0.5,-22,0,1,False,0,0.3294117647058824,0.3386825687172889,22.0,20.5,-1.5
9442,True,17,2,-9,1.0,-9,36,0.01,-12,0,1,False,0,0.2117647058823529,0.3276475868619675,-9.0,-11.52,-2.5199999999999996
9444,True,15,2,7,1.0,7,44,0.4,-23,0,1,False,0,0.36,0.3561701038227982,7.0,3.8000000000000025,-3.1999999999999975
9448,True,16,3,-6,1.0,-6,37,0.2,-18,1,8,True,0,0.7625000000000001,0.2552776266472772,-6.0,-7.0,-1.0
9450,True,16,4,19,1.0,19,35,0.5,4,0,1,False,0,0.325,0.3,19.0,19.5,0.5
9451,True,18,3,-7,1.0,-7,16,0.01,-8,2,2,False,0,0.5333333333333333,0.3880570000581328,-7.0,-7.76,-0.7599999999999998
9452,True,16,3,-5,1.0,-5,73,0.1,-10,3,2,True,0,0.7,0.3265986323710904,-5.0,-1.6999999999999993,3.3000000000000007
9453,True,16,2,-2,1.0,-2,-1,0.75,-12,1,6,False,0,0.4625,0.3913651321549566,-2.0,-3.75,-1.75
9457,True,16,3,28,1.0,28,36,0.9,-28,3,4,False,0,0.575,0.4057914078275521,28.0,29.599999999999998,1.5999999999999979
9466,True,16,4,8,1.0,8,17,0.75,-10,2,7,False,0,0.6250000000000001,0.3855731664245668,8.0,10.25,2.25
9469,True,16,5,39,0.4,-6,14,0.4,12,1,4,False,0,0.6125,0.3757215280851852,12.000000000000002,12.8,0.7999999999999989
9470,True,16,3,65,0.4,-22,15,0.25,12,1,2,False,0,0.7000000000000001,0.3425395354310701,12.8,12.75,-0.05000000000000071
9473,True,19,5,15,0.8,6,19,0.9,-20,1,6,False,0,0.6210526315789474,0.3392458095514897,13.2,15.100000000000001,1.9000000000000021
9474,True,16,2,5,1.0,5,46,0.01,2,1,2,False,0,0.45,0.4163331998932265,5.0,2.44,-2.56
9476,True,17,2,50,0.01,25,43,0.4,15,0,1,False,-1,0.5058823529411764,0.40073461953532,25.25,26.2,0.9499999999999993
9481,True,16,5,28,1.0,28,78,0.4,-11,1,4,False,0,0.4125,0.3537890143385838,28.0,24.6,-3.3999999999999986
9482,True,19,3,29,1.0,29,37,0.8,3,1,8,False,0,0.6210526315789473,0.3705535609334605,29.0,30.200000000000003,1.2000000000000028
9483,True,18,2,31,0.75,-9,40,0.75,-31,1,8,False,0,0.5666666666666668,0.3514675116774037,21.0,22.25,1.25
9484,True,16,5,18,1.0,18,51,0.5,-19,3,2,False,0,0.4625,0.3913651321549566,18.0,16.0,-2.0
9485,True,18,2,19,0.2,-16,20,0.1,-12,0,1,False,0,0.7000000000000001,0.344707889976085,-9.0,-8.8,0.1999999999999993
9487,True,19,4,20,0.9,19,27,0.9,-15,1,8,False,0,0.5473684210526318,0.3453957811178866,19.9,22.8,2.900000000000002
9489,True,16,3,23,0.05,7,40,0.05,6,2,6,False,0,0.4875,0.3930648801406709,7.8,7.699999999999999,-0.10000000000000053
9491,True,15,3,3,1.0,3,10,0.2,0,0,1,True,0,0.4133333333333334,0.3661901665736508,3.0,2.0,-1.0
9492,True,16,4,21,0.99,-2,21,1.0,21,0,1,False,0,0.8125,0.3052321520853704,20.77,21.0,0.23000000000000043
9495,True,19,2,2,0.75,-30,-8,0.99,-15,0,1,False,0,0.3263157894736843,0.2997074597061421,-6.0,-8.07,-2.0700000000000003
9496,True,17,5,-1,0.75,-2,18,0.4,-16,2,3,False,0,0.5529411764705883,0.3429971702850177,-1.25,-2.3999999999999995,-1.1499999999999995
9498,True,16,5,0,0.9,-7,74,0.2,-16,1,2,True,-1,0.5875,0.3537890143385838,-0.6999999999999998,2.0,2.6999999999999997
9499,True,18,5,12,1.0,12,20,0.6,7,2,6,False,0,0.7111111111111111,0.344518229499567,12.0,14.8,2.8000000000000007
9502,True,17,3,14,1.0,14,40,0.6,-22,0,1,False,0,0.4235294117647059,0.3072649747463618,14.0,15.2,1.1999999999999993
9503,True,17,2,25,1.0,25,73,0.5,-21,1,6,False,0,0.5882352941176471,0.3276475868619675,25.0,26.0,1.0
9507,True,19,4,60,0.2,9,31,0.25,11,1,8,True,0,0.5368421052631579,0.3336840260482454,19.2,16.0,-3.1999999999999993
9511,True,16,3,17,1.0,17,18,0.99,17,1,2,False,0,0.725,0.3568379650952703,17.0,17.990000000000002,0.990000000000002
9512,True,15,4,50,0.6,-45,29,0.5,-4,0,1,True,0,0.4400000000000001,0.3480558247506528,12.0,12.5,0.5
9514,True,18,2,14,0.6,7,11,1.0,11,1,4,False,0,0.3444444444444444,0.3203347921861865,11.200000000000001,11.0,-0.20000000000000107
9515,True,18,4,-9,1.0,-9,33,0.2,-20,0,1,False,0,0.5777777777777777,0.3873827041533013,-9.0,-9.399999999999999,-0.3999999999999986
9519,True,17,5,29,1.0,29,40,0.25,24,1,2,False,0,0.4941176470588237,0.4069253436370333,29.0,28.0,-1.0
9520,True,15,4,28,0.8,19,49,0.01,27,0,1,False,0,0.6533333333333334,0.4103424818136094,26.200000000000003,27.22,1.019999999999996
9521,True,15,4,3,1.0,3,13,0.6,-8,0,1,False,0,0.4,0.3854496446637726,3.0,4.6,1.5999999999999996
9522,True,15,4,16,1.0,16,43,0.6,-30,0,1,False,0,0.1866666666666666,0.2559761893688737,16.0,13.8,-2.1999999999999993
9524,True,17,4,18,0.25,-6,0,1.0,0,0,1,False,0,0.6117647058823529,0.4029304421069108,0.0,0.0,0.0
9527,True,17,3,88,0.01,4,20,0.6,-21,1,8,False,0,0.4823529411764706,0.4186814035123352,4.84,3.5999999999999996,-1.2400000000000002
9528,True,15,5,-6,1.0,-6,-4,0.01,-6,3,5,False,0,0.4799999999999999,0.405674042269688,-6.0,-5.9799999999999995,0.020000000000000462
9533,True,21,5,4,1.0,4,57,0.01,2,0,1,False,0,0.3809523809523809,0.394485801543031,4.0,2.55,-1.4500000000000002
9534,True,20,4,-1,1.0,-1,81,0.2,-23,0,1,False,0,0.38,0.3302311789927586,-1.0,-2.200000000000003,-1.2000000000000028
9536,True,17,4,72,0.2,-2,13,1.0,13,1,8,False,0,0.6588235294117648,0.4047511944537837,12.8,13.0,0.1999999999999993
9538,True,18,5,1,1.0,1,6,0.4,-5,0,1,False,0,0.4444444444444444,0.4147603450076317,1.0,-0.5999999999999996,-1.5999999999999996
9539,True,18,2,25,1.0,25,27,0.5,19,3,5,False,0,0.3111111111111111,0.38331201986784,25.0,23.0,-2.0
9546,True,18,3,54,0.6,-16,59,0.05,24,0,1,False,0,0.6222222222222222,0.3934097632622573,26.0,25.749999999999996,-0.25000000000000355
9554,True,17,2,29,0.8,18,89,0.25,6,0,1,False,0,0.5058823529411764,0.3880570000581328,26.8,26.75,-0.05000000000000071
9558,True,15,2,23,1.0,23,70,0.6,-46,0,1,False,0,0.1733333333333333,0.2491891612715892,23.0,23.599999999999998,0.5999999999999979
9559,True,17,2,39,0.1,22,24,1.0,24,1,6,False,0,0.7058823529411765,0.4249567452036944,23.700000000000003,24.0,0.29999999999999716
9562,True,15,2,1,1.0,1,-1,0.75,-4,0,1,False,0,0.04,0.1121223821162776,1.0,-1.75,-2.75
9564,True,16,3,6,1.0,6,6,0.99,-25,0,1,False,0,0.125,0.2294921930407801,6.0,5.6899999999999995,-0.3100000000000005
9571,True,17,4,23,1.0,23,56,0.25,13,1,6,False,0,0.5411764705882354,0.3922034286078651,23.0,23.75,0.75
9572,True,15,4,66,0.2,6,18,1.0,18,0,1,False,0,0.6,0.3464101615137754,18.0,18.0,0.0
9573,True,17,3,9,1.0,9,60,0.01,11,0,1,False,0,0.9411764705882352,0.1175735064194511,9.0,11.49,2.49
9578,True,16,2,69,0.01,14,27,0.1,13,2,7,True,0,0.5875,0.3138470965295043,14.549999999999999,14.400000000000002,-0.1499999999999968
9579,True,15,2,51,0.1,-2,33,0.5,-28,1,6,False,0,0.7066666666666667,0.3104528182847636,3.3000000000000007,2.5,-0.8000000000000007
9580,True,17,5,40,0.75,-17,29,0.99,21,2,3,True,0,0.6941176470588237,0.2749331469541598,25.75,28.92,3.1700000000000017
9582,True,15,2,11,1.0,11,28,0.5,-9,1,6,False,0,0.4266666666666665,0.2914659173083208,11.0,9.5,-1.5
9583,True,15,3,23,1.0,23,38,0.8,-29,1,4,True,0,0.3733333333333333,0.2814926202195987,23.0,24.6,1.6000000000000014
9584,True,16,4,25,0.1,17,28,0.5,1,0,1,False,0,0.2875,0.3008321791298265,17.8,14.5,-3.3000000000000007
9585,True,17,2,86,0.2,-4,29,0.8,-45,2,7,False,0,0.6352941176470588,0.3690209622612721,14.0,14.200000000000005,0.20000000000000462
9591,True,18,3,23,0.25,7,11,0.9,3,0,1,False,0,0.3,0.3378130356555584,11.0,10.200000000000001,-0.7999999999999989
9593,True,18,2,19,0.99,-11,34,0.05,15,0,1,False,0,0.4555555555555556,0.3617314932413465,18.7,15.95,-2.75
9594,True,17,2,28,1.0,28,38,0.75,11,0,1,True,0,0.5294117647058824,0.3235828832817663,28.0,31.25,3.25
9595,True,16,5,36,0.75,-32,55,0.4,-5,1,6,True,-1,0.5375,0.3242941051987634,19.0,19.0,0.0
9597,True,20,3,31,0.25,22,74,0.2,16,1,4,False,0,0.51,0.3522857691674399,24.25,27.6,3.3500000000000014
9598,True,16,3,112,0.05,12,21,0.8,-2,0,1,False,0,0.3,0.3098386676965933,17.0,16.400000000000002,-0.5999999999999979
9601,True,18,4,37,0.05,-1,93,0.2,-24,0,1,True,0,0.5222222222222223,0.3638932544766319,0.9000000000000001,-0.6000000000000014,-1.5000000000000016
9602,True,17,4,17,1.0,17,54,0.4,-4,0,1,False,0,0.411764705882353,0.2955553098431334,17.0,19.200000000000003,2.200000000000003
9604,True,15,3,7,1.0,7,12,0.8,-14,0,1,False,0,0.3866666666666668,0.2325838302531758,7.0,6.8000000000000025,-0.1999999999999975
9605,True,17,4,18,1.0,18,59,0.1,16,0,1,False,0,0.6705882352941177,0.3804022638641116,18.0,20.3,2.3000000000000007
9607,True,15,4,32,0.5,-4,14,1.0,14,2,2,False,0,0.6,0.3703280399090206,14.0,14.0,0.0
9608,True,16,2,44,0.01,4,39,0.6,-45,0,1,False,0,0.2875,0.2629955639676583,4.4,5.399999999999999,0.9999999999999982
9609,True,15,4,57,0.05,21,29,0.1,22,0,1,False,0,0.4400000000000001,0.4084815085865489,22.8,22.700000000000003,-0.09999999999999787
9610,True,16,5,-4,1.0,-4,-4,1.0,-4,2,7,False,0,0.5875,0.3964425136973413,-4.0,-4.0,0.0
9611,True,16,2,33,0.1,5,28,0.2,-1,0,1,False,0,0.175,0.2294921930407801,7.800000000000001,4.800000000000001,-3.0
9614,True,16,5,32,0.01,-10,45,0.05,-15,0,1,False,0,0.3375,0.3324154027718932,-9.58,-12.0,-2.42
9617,True,17,4,-8,1.0,-8,-6,0.9,-37,0,1,False,0,0.3176470588235294,0.3811746550428803,-8.0,-9.1,-1.0999999999999996
9619,True,31,4,17,1.0,17,42,0.25,13,0,1,False,0,0.5354838709677417,0.3629034647549989,17.0,20.25,3.25
9621,True,16,3,0,1.0,0,61,0.4,-44,0,1,False,0,0.4125,0.389657969677682,0.0,-1.9999999999999964,-1.9999999999999964
9623,True,15,3,23,1.0,23,40,0.01,21,3,5,True,0,0.7066666666666666,0.3283436063174123,23.0,21.189999999999998,-1.8100000000000023
9624,True,15,2,11,1.0,11,23,0.01,11,0,1,False,0,0.9333333333333332,0.2581988897471611,11.0,11.120000000000001,0.120000000000001
9625,True,16,3,73,0.4,-50,-1,1.0,-1,0,1,False,0,0.375,0.3415650255319866,-0.7999999999999972,-1.0,-0.20000000000000284
9628,True,16,3,-3,1.0,-3,17,0.25,-13,1,8,False,0,0.55,0.3614784456460256,-3.0,-5.5,-2.5
9633,True,19,3,26,1.0,26,61,0.01,23,1,2,False,0,0.4421052631578946,0.4400956833761447,26.0,23.38,-2.620000000000001
9634,True,15,2,5,1.0,5,6,0.95,-25,1,8,False,0,0.4933333333333334,0.4267261863247182,5.0,4.449999999999998,-0.5500000000000016
9635,True,18,4,29,1.0,29,50,0.4,18,0,1,False,0,0.4222222222222222,0.355718916719955,29.0,30.799999999999997,1.7999999999999972
9636,True,15,5,18,0.05,-2,14,0.75,-39,0,1,False,-1,0.64,0.304255531702266,-0.9999999999999999,0.75,1.75
9637,True,18,4,11,1.0,11,18,0.6,4,0,1,False,0,0.4666666666666667,0.3694192580731196,11.0,12.399999999999999,1.3999999999999986
9644,True,18,4,18,1.0,18,57,0.5,-25,0,1,False,0,0.4111111111111112,0.3595567350942463,18.0,16.0,-2.0
9645,True,16,2,-7,1.0,-7,-5,0.95,-41,2,7,False,0,0.5625,0.4395072999014541,-7.0,-6.800000000000002,0.1999999999999984
9649,True,15,4,4,1.0,4,5,0.75,-9,0,1,False,0,0.3066666666666667,0.2914659173083209,4.0,1.5,-2.5
9650,True,18,3,15,1.0,15,59,0.6,-48,3,4,False,0,0.4777777777777778,0.3703028260849976,15.0,16.199999999999996,1.1999999999999957
9651,True,16,3,58,0.2,4,86,0.1,7,0,1,False,0,0.6249999999999999,0.3415650255319866,14.8,14.899999999999999,0.09999999999999787
9656,True,17,3,110,0.01,27,28,0.95,13,1,4,True,-1,0.3764705882352941,0.3929526239966878,27.830000000000002,27.25,-0.5800000000000018
9657,True,17,3,31,0.5,5,32,0.6,-7,1,6,False,0,0.2588235294117647,0.3985266984930429,18.0,16.4,-1.6000000000000014
9660,True,17,5,60,0.1,-13,46,0.2,-20,1,4,False,0,0.5294117647058824,0.3601470287992686,-5.700000000000001,-6.799999999999999,-1.0999999999999979
9661,True,17,3,37,0.75,-27,21,1.0,21,0,1,False,0,0.5294117647058824,0.3670229997601529,21.0,21.0,0.0
9664,True,15,2,27,1.0,27,70,0.05,22,0,1,False,0,0.5066666666666666,0.3918211448145818,27.0,24.4,-2.6000000000000014
9666,True,15,4,12,1.0,12,25,0.8,-46,0,1,False,0,0.5066666666666666,0.3614784456460256,12.0,10.800000000000002,-1.1999999999999975
9669,True,17,5,1,1.0,1,12,0.1,-3,2,5,False,0,0.2941176470588236,0.3009787954227301,1.0,-1.5,-2.5
9670,True,17,3,0,1.0,0,5,0.75,-7,0,1,False,0,0.8470588235294118,0.250293944839921,0.0,2.0,2.0
9672,True,15,4,14,1.0,14,18,0.9,6,3,6,True,0,0.4133333333333333,0.324844285041017,14.0,16.8,2.8000000000000007
9673,True,16,2,22,0.9,-48,60,0.05,16,0,1,False,0,0.5250000000000001,0.4312771730569565,15.000000000000002,18.2,3.1999999999999975
9676,True,19,2,0,1.0,0,19,0.6,-21,0,1,False,0,0.5894736842105264,0.3740094128971523,0.0,3.0,3.0
9679,True,16,5,-10,1.0,-10,52,0.05,-12,0,1,False,0,0.5875,0.3757215280851852,-10.0,-8.799999999999999,1.200000000000001
9680,True,16,2,8,0.1,5,5,0.8,-10,0,1,True,0,0.0375,0.1087811258138714,5.3,2.0000000000000004,-3.2999999999999994
9681,True,17,3,3,0.8,-42,-5,0.99,-39,0,1,True,0,0.1411764705882353,0.1970368732287556,-5.999999999999998,-5.340000000000001,0.6599999999999975
9684,True,19,5,18,1.0,18,28,0.6,8,1,8,False,0,0.7894736842105261,0.2786769073917864,18.0,20.0,2.0
9691,True,18,3,15,0.25,-8,0,0.6,-11,2,7,False,0,0.4333333333333333,0.3646109933485113,-2.25,-4.4,-2.1500000000000004
9693,True,17,5,0,1.0,0,102,0.25,-38,3,3,False,0,0.6235294117647061,0.3382480815997074,0.0,-3.0,-3.0
9694,True,15,4,17,1.0,17,23,0.75,-3,0,1,True,0,0.28,0.3189267717114474,17.0,16.5,-0.5
9695,True,19,3,11,1.0,11,24,0.6,-9,1,8,False,0,0.4947368421052631,0.3673836689809689,11.0,10.799999999999999,-0.20000000000000107
9696,True,18,5,34,0.05,-7,-6,0.95,-19,1,6,False,0,0.3111111111111111,0.3708319563755004,-4.949999999999999,-6.65,-1.700000000000001
9697,True,18,4,25,1.0,25,24,0.95,-12,0,1,False,0,0.1222222222222222,0.2073801725038158,25.0,22.199999999999996,-2.8000000000000043
9701,True,19,5,29,0.5,29,92,0.5,-36,2,6,False,0,0.5578947368421052,0.3024268313230385,29.0,28.0,-1.0
9702,True,15,3,5,1.0,5,62,0.01,6,0,1,False,0,0.7866666666666667,0.3067494712224261,5.0,6.56,1.5599999999999996
9705,True,16,4,12,1.0,12,19,0.5,6,1,2,False,0,0.6875,0.35,12.0,12.5,0.5
9707,True,15,4,-7,1.0,-7,12,0.25,-14,3,3,False,0,0.6370370370370371,0.2855319818157395,-7.0,-7.5,-0.5
9710,True,15,2,24,1.0,24,63,0.5,-16,1,2,True,0,0.5466666666666666,0.3739111175259754,24.0,23.5,-0.5
9711,True,17,3,10,1.0,10,12,0.8,12,0,1,False,0,0.8588235294117648,0.2623423896585618,10.0,12.0,2.0
9712,True,16,5,32,0.01,-4,44,0.05,-3,0,1,False,0,0.8375,0.2446085307860977,-3.64,-0.6499999999999995,2.9900000000000007
9713,True,16,5,11,1.0,11,30,0.4,-4,0,1,False,0,0.3375,0.3981205847478877,11.0,9.6,-1.4000000000000004
9714,True,17,3,-1,1.0,-1,-1,0.8,-2,0,1,True,0,0.2117647058823529,0.3425681555201396,-1.0,-1.2,-0.19999999999999996
9718,True,15,5,16,0.4,1,7,1.0,7,0,1,False,0,0.4133333333333334,0.3335237551331168,7.0,7.0,0.0
9719,True,15,2,40,0.4,-2,54,0.25,3,0,1,False,0,0.6923076923076922,0.2723679079135432,14.8,15.75,0.9499999999999993
9722,True,16,5,71,0.6,-44,54,0.1,23,0,1,False,0,0.7000000000000001,0.3183289703016886,25.0,26.1,1.1000000000000014
9724,True,17,5,-7,1.0,-7,-9,0.9,-9,1,8,False,0,0.0705882352941176,0.1403776419268438,-7.0,-9.0,-2.0
9725,True,16,4,17,0.5,-31,1,0.8,-35,0,1,False,0,0.4,0.4131182235954578,-7.0,-6.199999999999998,0.8000000000000016
9727,True,17,5,21,1.0,21,19,0.99,-17,2,7,False,0,0.3647058823529412,0.4256482944735422,21.0,18.639999999999997,-2.360000000000003
9730,True,20,5,19,1.0,19,89,0.05,15,1,8,False,0,0.47,0.4691537734665413,19.0,18.7,-0.3000000000000007
9732,True,16,5,12,1.0,12,50,0.5,-20,0,1,False,0,0.2625,0.3242941051987634,12.0,15.0,3.0
9735,True,18,2,19,1.0,19,22,0.8,0,0,1,False,0,0.3888888888888889,0.4142873241219245,19.0,17.6,-1.3999999999999986
9736,True,19,5,9,1.0,9,8,0.9,0,2,2,False,0,0.1157894736842105,0.2692853874294722,9.0,7.2,-1.7999999999999998
9739,True,18,4,23,1.0,23,31,0.8,3,2,5,False,0,0.7777777777777778,0.3934097632622573,23.0,25.400000000000002,2.400000000000002
9741,True,16,4,43,0.4,-32,-2,1.0,-2,2,2,False,0,0.575,0.3568379650952703,-2.0,-2.0,0.0
9743,True,15,4,30,1.0,30,53,0.2,21,0,1,True,0,0.7466666666666666,0.2445598573141631,30.0,27.400000000000002,-2.599999999999998
9744,True,16,2,13,1.0,13,21,0.6,9,1,4,True,0,0.75,0.3464101615137754,13.0,16.2,3.1999999999999993
9746,True,18,4,36,0.4,-14,10,0.01,8,0,1,False,1,0.6555555555555556,0.3203347921861865,6.0,8.02,2.0199999999999996
9748,True,15,2,15,1.0,15,30,0.8,-36,0,1,False,0,0.4933333333333334,0.3369329451445933,15.0,16.8,1.8000000000000007
9750,True,15,5,22,1.0,22,27,0.9,-29,0,1,False,0,0.4933333333333334,0.4267261863247181,22.0,21.400000000000002,-0.5999999999999979
9752,True,15,4,14,1.0,14,30,0.4,4,1,8,False,0,0.64,0.2947153590452029,14.0,14.4,0.40000000000000036
9753,True,19,3,28,1.0,28,26,0.75,25,1,8,True,0,0.3263157894736842,0.4011678856970232,28.0,25.75,-2.25
9754,True,15,3,15,0.75,-4,31,0.25,-1,0,1,False,0,0.3466666666666667,0.341983012666391,10.25,7.0,-3.25
9756,True,17,5,22,1.0,22,23,0.99,-24,1,2,False,0,0.4235294117647059,0.4409214949465294,22.0,22.53,0.5300000000000011
9757,True,32,2,-4,0.6,-6,98,0.1,-17,3,2,False,-1,0.53125,0.3541801072718466,-4.800000000000001,-5.5,-0.6999999999999993
9760,True,16,4,23,1.0,23,61,0.01,23,0,1,True,0,0.8500000000000001,0.2875181153713043,23.0,23.38,0.379999999999999
9761,True,19,4,61,0.25,17,28,1.0,28,0,1,False,0,0.4526315789473684,0.3820535463527354,28.0,28.0,0.0
9762,True,18,3,3,1.0,3,6,0.5,-1,0,1,False,0,0.4444444444444444,0.3467873093244572,3.0,2.5,-0.5
9766,True,18,5,5,1.0,5,19,0.1,7,0,1,False,0,0.8999999999999999,0.1414213562373094,5.0,8.2,3.1999999999999993
9767,True,15,5,109,0.1,-1,9,0.9,-12,2,3,False,1,0.6799999999999999,0.4459340117743239,10.0,6.9,-3.0999999999999996
9769,True,18,5,11,0.8,0,58,0.5,-45,0,1,False,0,0.3444444444444444,0.3203347921861865,8.8,6.5,-2.3000000000000007
9770,True,16,3,34,0.25,5,85,0.2,-5,0,1,True,0,0.45,0.3829708431025352,12.25,13.0,0.75
9771,True,15,2,25,1.0,25,33,0.9,-26,0,1,False,0,0.3466666666666666,0.3961721607488101,25.0,27.1,2.1000000000000014
9772,True,16,5,0,1.0,0,22,0.01,-2,0,1,False,0,0.225,0.3415650255319867,0.0,-1.76,-1.76
9773,True,15,3,13,1.0,13,55,0.2,2,0,1,True,0,0.48,0.3764495792457281,13.0,12.6,-0.40000000000000036
9775,True,19,4,5,1.0,5,11,0.8,-20,1,6,False,0,0.6526315789473686,0.3453957811178866,5.0,4.800000000000002,-0.1999999999999984
9777,True,16,5,14,1.0,14,17,0.25,15,3,5,False,0,0.6124999999999999,0.4096746676734276,14.0,15.5,1.5
9778,True,17,3,-7,1.0,-7,8,0.01,-8,1,2,True,0,0.7058823529411765,0.3399826985217301,-7.0,-7.84,-0.8399999999999999
9779,True,15,5,-6,1.0,-6,11,0.4,-23,1,6,False,0,0.7333333333333333,0.3598941643369749,-6.0,-9.399999999999999,-3.3999999999999986
9781,True,18,4,6,1.0,6,9,0.9,0,1,8,False,0,0.7,0.3772968873135194,6.0,8.1,2.0999999999999996
9782,True,19,5,7,1.0,7,12,0.75,-8,1,8,False,0,0.5473684210526316,0.3991218430680475,7.0,7.0,0.0
9784,True,15,4,16,1.0,16,25,0.01,19,0,1,False,0,0.9066666666666666,0.225092573548455,16.0,19.06,3.0599999999999987
9786,True,17,5,2,1.0,2,36,0.2,-8,1,8,False,0,0.3294117647058824,0.2995094027788462,2.0,0.7999999999999998,-1.2000000000000002
9788,True,19,3,67,0.2,-8,7,1.0,7,3,4,False,0,0.7052631578947368,0.3153017676423058,7.0,7.0,0.0
9789,True,15,4,21,1.0,21,51,0.4,3,0,1,False,0,0.4266666666666667,0.3453086955726647,21.0,22.200000000000003,1.2000000000000028
9792,True,19,3,22,1.0,22,53,0.25,11,0,1,True,0,0.6736842105263158,0.2921987627610088,22.0,21.5,-0.5
9797,True,18,3,5,0.99,-31,8,0.99,-1,0,1,False,0,0.8777777777777778,0.1555088632070458,4.64,7.91,3.2700000000000005
9798,True,17,3,3,0.8,-22,-1,0.99,-7,0,1,False,1,0.2470588235294117,0.3043797937175354,-1.9999999999999982,-1.06,0.9399999999999982
9800,True,17,3,20,0.95,2,108,0.2,-1,1,2,True,-1,0.6235294117647061,0.3455600739464592,19.1,20.8,1.6999999999999993
9802,True,15,3,5,0.25,5,81,0.2,-13,0,1,False,0,0.2933333333333333,0.3369329451445933,5.0,5.799999999999999,0.7999999999999989
9809,True,21,2,13,0.75,-39,29,0.4,-15,1,8,False,0,0.4952380952380953,0.3827220799433846,0.0,2.6000000000000014,2.6000000000000014
9813,True,17,5,4,1.0,4,29,0.01,5,3,2,False,0,0.8352941176470589,0.2760008525136023,4.0,5.24,1.2400000000000002
9816,True,19,2,14,1.0,14,50,0.6,-38,1,8,False,0,0.6631578947368421,0.3130681968939559,14.0,14.799999999999999,0.7999999999999989
9817,True,15,4,-5,0.4,-10,-8,1.0,-8,1,4,True,0,0.3733333333333333,0.376955220278534,-8.0,-8.0,0.0
9818,True,15,3,57,0.05,5,8,1.0,8,0,1,False,0,0.4533333333333333,0.4103424818136094,7.6,8.0,0.40000000000000036
9819,True,17,2,1,1.0,1,90,0.01,-2,2,2,True,0,0.5882352941176471,0.4029304421069108,1.0,-1.08,-2.08
9820,True,17,3,23,1.0,23,30,0.8,3,2,5,False,0,0.7176470588235294,0.3468344239648925,23.0,24.6,1.6000000000000014
9825,True,16,4,19,1.0,19,49,0.5,-13,2,3,False,0,0.375,0.3415650255319866,19.0,18.0,-1.0
9826,True,16,5,2,1.0,2,54,0.05,0,1,8,False,0,0.4000000000000001,0.3502380143083653,2.0,2.7,0.7000000000000002
9833,True,17,4,22,0.2,-1,31,0.6,-36,1,2,False,0,0.5529411764705883,0.4214819792393613,3.6000000000000005,4.1999999999999975,0.599999999999997
9835,True,18,3,22,0.6,20,57,0.1,15,2,6,False,0,0.3333333333333333,0.4172740670816047,21.2,19.2,-2.0
9837,True,18,5,-9,1.0,-9,-8,0.95,-27,0,1,False,0,0.4444444444444444,0.4730653756862815,-9.0,-8.950000000000001,0.049999999999998934
9839,True,17,5,26,1.0,26,26,0.95,23,1,6,False,0,0.2352941176470588,0.4014678948412129,26.0,25.85,-0.14999999999999858
9840,True,17,2,40,0.1,1,5,0.9,-24,2,3,False,0,0.5647058823529412,0.4137347829083691,4.9,2.1000000000000005,-2.8
9841,True,16,5,51,0.01,20,81,0.4,-20,0,1,False,0,0.075,0.2516611478423583,20.310000000000002,20.4,0.0899999999999963
9842,True,19,4,14,1.0,14,73,0.25,-9,1,4,False,0,0.2631578947368421,0.3714992542474786,14.0,11.5,-2.5
9843,True,17,5,29,1.0,29,39,0.2,28,0,1,True,0,0.6000000000000001,0.4183300132670378,29.0,30.200000000000003,1.2000000000000028
9846,True,16,4,26,0.75,6,113,0.4,-40,3,4,True,0,0.2875,0.35,21.0,21.200000000000003,0.20000000000000284
9851,True,16,5,-9,1.0,-9,-1,0.4,-16,0,1,False,0,0.375,0.3415650255319866,-9.0,-10.0,-1.0
9854,True,32,4,25,1.0,25,89,0.5,-38,3,5,True,0,0.53125,0.361392914581453,25.0,25.5,0.5
9856,True,17,4,23,1.0,23,23,0.1,20,0,1,False,0,0.1176470588235294,0.2128241472367711,23.0,20.3,-2.6999999999999993
9858,True,16,4,13,1.0,13,34,0.75,-44,0,1,False,0,0.4624999999999999,0.4047633053197058,13.0,14.5,1.5
9859,True,17,5,26,0.1,17,20,0.95,-45,0,1,False,0,0.3411764705882353,0.37924072752246,17.900000000000002,16.75,-1.1500000000000021
9860,True,16,2,17,1.0,17,48,0.1,11,1,6,False,0,0.4125,0.3685557397915997,17.0,14.700000000000001,-2.299999999999999
9863,True,15,4,60,0.6,-35,35,0.6,2,1,6,False,0,0.7466666666666666,0.324844285041017,22.0,21.8,-0.1999999999999993
9864,True,18,4,5,0.25,1,1,0.8,0,0,1,False,0,0.1333333333333333,0.2656844656620286,2.0,0.8,-1.2
9865,True,15,4,8,1.0,8,12,0.95,0,0,1,True,0,0.4533333333333333,0.324844285041017,8.0,11.399999999999999,3.3999999999999986
9866,True,18,3,10,1.0,10,60,0.1,3,3,3,False,0,0.4111111111111112,0.3462214335447066,10.0,8.7,-1.3000000000000007
9868,True,17,2,-10,1.0,-10,85,0.01,-13,1,8,False,0,0.5764705882352942,0.3455600739464592,-10.0,-12.02,-2.0199999999999996
9870,True,18,2,10,0.8,-12,69,0.4,-32,1,4,False,0,0.4111111111111112,0.3724148365163724,5.6000000000000005,8.400000000000002,2.8000000000000016
9871,True,17,4,10,0.6,-22,1,0.25,-6,0,1,True,-1,0.4941176470588236,0.2838806708709095,-2.8000000000000007,-4.25,-1.4499999999999993
9873,True,17,2,12,0.9,-18,67,0.01,9,3,6,False,0,0.7529411764705882,0.3356293473811988,9.000000000000002,9.58,0.5799999999999983
9875,True,17,5,3,0.6,-20,20,0.5,-27,0,1,False,0,0.6705882352941177,0.3531372004659678,-6.2,-3.5,2.7
9878,True,15,5,1,1.0,1,12,0.4,-7,2,7,False,0,0.5599999999999999,0.3224903099319419,1.0,0.6000000000000005,-0.39999999999999947
9879,True,19,2,5,1.0,5,26,0.1,1,1,4,True,0,0.5684210526315788,0.3350831266333564,5.0,3.5,-1.5
9880,True,15,5,1,1.0,1,1,1.0,1,3,4,False,0,0.56,0.3794733192202055,1.0,1.0,0.0
9881,True,19,4,-8,1.0,-8,8,0.6,-30,0,1,False,0,0.6842105263157895,0.3287402856946445,-8.0,-7.2,0.7999999999999998
9882,True,18,5,2,1.0,2,40,0.05,-1,1,8,False,0,0.2666666666666667,0.2743977362280141,2.0,1.05,-0.95
9885,True,17,4,-5,1.0,-5,20,0.4,-25,0,1,False,0,0.5764705882352942,0.3527205192583533,-5.0,-7.0,-2.0
9888,True,17,2,-2,1.0,-2,41,0.25,-17,0,1,False,0,0.4941176470588236,0.3944467458277704,-2.0,-2.5,-0.5
9889,True,19,5,7,0.5,-7,0,1.0,0,0,1,False,0,0.4947368421052632,0.3423346059868039,0.0,0.0,0.0
9892,True,17,4,9,1.0,9,13,0.4,7,1,2,False,0,0.5647058823529412,0.4197338092032084,9.0,9.4,0.40000000000000036
9895,True,17,5,46,0.75,-47,39,0.5,3,0,1,False,0,0.3764705882352941,0.3733788487660788,22.75,21.0,-1.75
9898,True,15,5,21,1.0,21,78,0.01,20,0,1,True,0,0.6400000000000001,0.4355620342893601,21.0,20.580000000000002,-0.41999999999999815
9905,True,16,3,13,0.75,-27,24,0.25,-4,0,1,False,0,0.4000000000000001,0.39327683210007,3.0,3.0,0.0
9906,True,16,5,-3,1.0,-3,5,0.25,-4,1,6,False,0,0.7749999999999999,0.3172801075810878,-3.0,-1.75,1.25
9907,True,17,4,-5,1.0,-5,35,0.5,-45,2,6,False,0,0.811764705882353,0.3038962671315174,-5.0,-5.0,0.0
9908,True,17,5,13,1.0,13,23,0.4,8,0,1,False,0,0.6941176470588235,0.3325480947082957,13.0,14.0,1.0
9910,True,18,2,83,0.2,3,22,0.99,7,0,1,False,0,0.7,0.3772968873135194,19.0,21.85,2.8500000000000014
9912,True,19,3,23,0.25,23,69,0.05,20,0,1,False,0,0.4526315789473684,0.4046513191112561,23.0,22.45,-0.5500000000000007
9913,True,17,2,69,0.4,-19,13,0.99,11,0,1,False,0,0.5176470588235295,0.4186814035123352,16.200000000000003,12.979999999999999,-3.220000000000004
9915,True,15,3,39,0.2,0,69,0.25,-16,1,2,False,-1,0.36,0.3561701038227982,7.800000000000001,5.25,-2.5500000000000007
9919,True,15,4,21,0.05,20,58,0.2,10,0,1,False,-1,0.4933333333333334,0.3534860406754147,20.05,19.6,-0.4499999999999993
9923,True,16,3,8,1.0,8,27,0.5,-10,2,3,False,0,0.5375,0.3159641329855864,8.0,8.5,0.5
9927,True,17,5,8,1.0,8,36,0.5,-20,1,4,False,0,0.5529411764705883,0.3907007279536723,8.0,8.0,0.0
9928,True,18,3,34,0.8,-10,25,1.0,25,0,1,False,0,0.4333333333333334,0.3378130356555584,25.200000000000003,25.0,-0.20000000000000284
9932,True,15,5,19,0.5,9,43,0.2,5,1,2,False,0,0.3333333333333333,0.3518657752744984,14.0,12.6,-1.4000000000000004
9934,True,16,5,-7,1.0,-7,10,0.75,-49,1,8,False,0,0.7625000000000001,0.311715682420161,-7.0,-4.75,2.25
9935,True,16,3,9,0.25,1,5,0.99,1,1,2,False,0,0.55,0.3759432581299116,3.0,4.96,1.96
9938,True,16,5,89,0.01,28,29,1.0,29,0,1,False,0,0.675,0.3255764119219941,28.61,29.0,0.39000000000000057
9939,True,17,2,28,0.9,-28,50,0.05,18,0,1,False,0,0.4117647058823529,0.3838657853683636,22.4,19.599999999999998,-2.8000000000000007
9940,True,20,2,1,1.0,1,5,0.9,-18,0,1,False,0,0.56,0.3589458249696713,1.0,2.7,1.7000000000000002
9944,True,19,3,19,1.0,19,29,0.1,19,0,1,False,0,0.6421052631578946,0.3863156301288769,19.0,20.0,1.0
9945,True,16,2,97,0.2,-32,81,0.05,-8,2,5,True,1,0.775,0.2294921930407801,-6.199999999999999,-3.55,2.6499999999999995
9950,True,15,2,15,1.0,15,50,0.25,1,0,1,False,0,0.3466666666666667,0.3814758308514571,15.0,13.25,-1.75
9952,True,15,2,24,1.0,24,41,0.4,18,0,1,True,0,0.68,0.3363671463488329,24.0,27.200000000000003,3.200000000000003
9953,True,15,5,30,0.4,10,24,0.9,-22,2,2,True,0,0.2933333333333333,0.3195234546871921,18.0,19.400000000000002,1.4000000000000021
9954,True,18,3,25,1.0,25,26,0.9,17,1,6,False,0,0.6888888888888889,0.3771236166328253,25.0,25.1,0.10000000000000142
9956,True,16,4,42,0.25,25,49,0.25,21,0,1,False,0,0.3625,0.4209117088733297,29.25,28.0,-1.25
9958,True,15,4,9,0.8,2,14,0.05,8,0,1,True,0,0.6266666666666666,0.3195234546871921,7.6,8.299999999999999,0.6999999999999993
9959,True,16,3,1,1.0,1,95,0.25,-34,0,1,False,0,0.35,0.2875181153713043,1.0,-1.75,-2.75
9962,True,16,3,27,1.0,27,30,0.5,22,0,1,False,0,0.2625,0.2895398648430529,27.0,26.0,-1.0
9963,True,17,4,62,0.5,-40,14,0.9,-7,1,4,False,-1,0.7294117647058824,0.2443478715948661,11.0,11.9,0.9000000000000004
9971,True,15,2,21,1.0,21,62,0.4,-4,0,1,False,0,0.5866666666666667,0.3739111175259754,21.0,22.400000000000002,1.4000000000000021
9972,True,16,5,48,0.2,-12,5,0.6,-8,0,1,False,0,0.5750000000000001,0.405791407827552,0.0,-0.20000000000000018,-0.20000000000000018
9973,True,15,4,9,1.0,9,38,0.25,0,0,1,False,0,0.4533333333333333,0.341983012666391,9.0,9.5,0.5
9975,True,15,4,20,1.0,20,39,0.75,-48,0,1,False,0,0.4666666666666667,0.4186144947778269,20.0,17.25,-2.75
9976,True,17,2,62,0.4,-10,55,0.05,18,3,4,False,0,0.7294117647058824,0.2640187159141207,18.8,19.849999999999998,1.0499999999999972
9977,True,17,4,-1,1.0,-1,-1,1.0,-1,1,6,False,0,0.7176470588235295,0.3468344239648925,-1.0,-1.0,0.0
9982,True,15,3,-8,1.0,-8,15,0.2,-15,1,4,True,0,0.7822222222222223,0.2525635757356151,-8.0,-9.0,-1.0
9985,True,15,5,8,0.6,-2,7,0.99,-3,1,4,False,0,0.7066666666666668,0.3104528182847635,4.0,6.8999999999999995,2.8999999999999995
9988,True,15,4,-2,1.0,-2,7,0.2,-6,0,1,False,0,0.3066666666666667,0.3283436063174123,-2.0,-3.4000000000000004,-1.4000000000000004
9989,True,17,2,19,1.0,19,33,0.75,-36,0,1,True,0,0.3529411764705883,0.31248529377161,19.0,15.75,-3.25
9990,True,15,3,24,1.0,24,30,0.5,18,0,1,False,0,0.4133333333333333,0.39617216074881,24.0,24.0,0.0
9993,True,19,5,71,0.2,-18,0,0.9,-16,0,1,False,0,0.5578947368421052,0.4140796883500729,-0.1999999999999993,-1.5999999999999996,-1.4000000000000004
9994,True,16,5,8,0.2,-11,3,0.01,-9,0,1,False,-1,0.4125,0.2963668897386031,-7.200000000000001,-8.88,-1.6799999999999997
9995,True,15,4,15,1.0,15,17,0.8,0,1,8,False,0,0.6533333333333334,0.3814758308514571,15.0,13.600000000000001,-1.3999999999999986
10000,True,19,3,14,1.0,14,40,0.5,-7,0,1,False,0,0.6210526315789474,0.3765028365961036,14.0,16.5,2.5
10001,True,31,5,36,0.25,9,17,0.5,17,1,4,False,0,0.5548387096774193,0.3491310257171075,15.75,17.0,1.25
10002,True,16,5,9,1.0,9,26,0.8,-43,1,4,True,0,0.7625000000000001,0.3030401513551189,9.0,12.200000000000003,3.200000000000003
10005,True,16,5,43,0.05,23,49,0.75,-50,1,2,False,0,0.625,0.3714835124201341,23.999999999999996,24.25,0.25000000000000355
10006,True,19,5,27,0.5,-39,41,0.4,-42,0,1,False,0,0.431578947368421,0.2849027740182163,-6.0,-8.799999999999997,-2.799999999999997
10008,True,16,4,10,0.95,-5,43,0.05,4,0,1,False,0,0.3875000000000001,0.3612478373637688,9.25,5.949999999999999,-3.3000000000000007
10011,True,16,4,-6,1.0,-6,20,0.1,-11,1,2,False,0,0.6625,0.3242941051987634,-6.0,-7.9,-1.9000000000000004
10012,True,17,3,-4,1.0,-4,37,0.25,-20,0,1,True,0,0.7176470588235294,0.3244905509364777,-4.0,-5.75,-1.75
10016,True,19,5,10,1.0,10,18,0.6,0,2,7,False,0,0.4631578947368422,0.400292290868379,10.0,10.799999999999999,0.7999999999999989
10017,True,18,4,15,0.9,-17,104,0.05,5,3,4,False,0,0.7222222222222223,0.3299831645537221,11.8,9.95,-1.8500000000000014
10020,True,16,4,29,1.0,29,30,0.95,-30,0,1,True,0,0.2875,0.3862210075418823,29.0,27.0,-2.0
10021,True,19,3,10,0.6,-20,-3,0.99,-4,0,1,False,0,0.3894736842105264,0.2865401597645515,-2.0,-3.01,-1.0099999999999998
10022,True,17,2,18,1.0,18,26,0.01,21,0,1,False,0,0.7999999999999998,0.3162277660168379,18.0,21.05,3.0500000000000007
10023,True,16,4,20,1.0,20,20,0.9,-9,3,3,False,0,0.275,0.3642343567906062,20.0,17.1,-2.8999999999999986
10025,True,16,5,19,0.4,-18,31,0.6,-46,3,2,True,0,0.8375,0.1668332500832293,-3.1999999999999984,0.19999999999999574,3.399999999999994
10026,True,15,2,27,0.05,8,7,0.95,1,1,8,False,1,0.2,0.2390457218668787,8.95,6.699999999999999,-2.25
10027,True,15,3,37,0.4,-5,38,0.6,-21,0,1,False,0,0.3866666666666667,0.3888934240098375,11.8,14.4,2.5999999999999996
10028,True,16,5,22,0.95,-24,83,0.05,19,1,8,False,0,0.625,0.3492849839314596,19.699999999999996,22.200000000000003,2.500000000000007
10031,True,16,2,53,0.4,6,22,0.99,5,1,8,False,0,0.35,0.2966479394838265,24.800000000000004,21.830000000000002,-2.9700000000000024
10034,True,16,4,2,1.0,2,32,0.05,0,0,1,True,0,0.55,0.322490309931942,2.0,1.6,-0.3999999999999999
10037,True,18,5,97,0.25,-30,2,1.0,2,0,1,False,0,0.6333333333333333,0.3646109933485114,1.75,2.0,0.25
10040,True,16,3,45,0.5,-31,74,0.25,-18,1,8,True,0,0.6125000000000002,0.3138470965295043,7.0,5.0,-2.0
10041,True,16,2,29,1.0,29,32,0.9,-7,0,1,False,0,0.5875,0.3383784863137726,29.0,28.1,-0.8999999999999986
10042,True,16,3,19,0.2,-4,7,0.2,-4,0,1,False,1,0.225,0.2175622516277429,0.6000000000000001,-1.8,-2.4000000000000004
10045,True,16,2,31,0.75,-25,93,0.2,-2,1,6,False,0,0.35,0.3464101615137754,17.0,17.0,0.0
10046,True,18,2,0,1.0,0,67,0.01,-2,0,1,False,0,0.4,0.4172740670816047,0.0,-1.31,-1.31
10050,True,15,4,27,0.4,-13,7,0.01,1,0,1,False,0,0.7466666666666667,0.2669046557070431,3.000000000000001,1.06,-1.9400000000000008
10051,True,16,5,23,0.8,-12,22,0.1,15,1,4,False,0,0.6,0.4195235392680606,16.000000000000004,15.7,-0.30000000000000426
10052,True,16,5,87,0.2,7,56,0.4,-3,0,1,False,0,0.4125000000000001,0.2963668897386031,23.000000000000004,20.6,-2.400000000000002
10053,True,15,4,13,1.0,13,11,0.1,10,0,1,False,0,0.0933333333333333,0.1830950832868253,13.0,10.1,-2.9000000000000004
10054,True,16,5,-9,1.0,-9,-9,1.0,-9,2,6,False,0,0.6499999999999999,0.322490309931942,-9.0,-9.0,0.0
10057,True,33,5,26,1.0,26,48,0.4,15,0,1,True,0,0.5030303030303029,0.3504326330452549,26.0,28.200000000000003,2.200000000000003
10059,True,17,5,78,0.5,-48,71,0.05,10,0,1,False,-1,0.6117647058823531,0.3425681555201396,15.0,13.05,-1.9499999999999993
10062,True,18,3,29,1.0,29,31,0.2,29,0,1,False,0,0.8333333333333334,0.330774492223754,29.0,29.400000000000002,0.40000000000000213
10065,True,15,4,9,0.01,-8,-8,1.0,-8,1,6,False,0,0.4533333333333334,0.3739111175259754,-7.83,-8.0,-0.16999999999999993
10066,True,18,4,22,1.0,22,38,0.75,-26,0,1,False,0,0.4555555555555556,0.3275977128093365,22.0,22.0,0.0
10067,True,19,5,78,0.25,-19,34,0.5,-30,1,8,False,0,0.6315789473684209,0.3844948079102519,5.25,2.0,-3.25
10070,True,16,2,-5,1.0,-5,-1,0.6,-13,0,1,False,0,0.65,0.3306559138036598,-5.0,-5.8,-0.7999999999999998
10071,True,15,5,10,1.0,10,20,0.8,-26,0,1,False,0,0.5600000000000002,0.3641035959331197,10.0,10.8,0.8000000000000007
10074,True,16,4,28,1.0,28,78,0.5,-23,0,1,False,0,0.5375000000000001,0.3324154027718932,28.0,27.5,-0.5
10076,True,16,4,-8,0.2,-9,6,0.5,-25,1,8,True,0,0.5875,0.3383784863137726,-8.8,-9.5,-0.6999999999999993
10079,True,17,5,24,0.75,23,59,0.25,9,3,5,False,0,0.3999999999999999,0.4242640687119285,23.75,21.5,-2.25
10080,True,16,3,6,1.0,6,118,0.25,-35,0,1,True,0,0.5249999999999999,0.3855731664245668,6.0,3.25,-2.75
10084,True,17,3,7,0.4,0,81,0.01,2,0,1,False,0,0.5647058823529413,0.3951916884098593,2.8000000000000003,2.79,-0.010000000000000231
10087,True,17,3,42,0.01,2,50,0.25,-10,2,2,False,1,0.4470588235294117,0.3776864557056944,2.4,5.0,2.6
10092,True,16,2,31,0.01,29,60,0.05,29,0,1,False,0,0.8375,0.3442382895611701,29.02,30.549999999999997,1.5299999999999976
10094,True,19,2,-6,1.0,-6,-8,0.8,-8,0,1,False,0,0.1789473684210526,0.3258816202386331,-6.0,-8.0,-2.0
10097,True,19,2,51,0.1,20,46,0.01,24,0,1,False,0,0.6736842105263158,0.4279695021106552,23.1,24.22,1.1199999999999974
10098,True,16,2,28,1.0,28,35,0.9,-5,3,5,False,0,0.6125,0.3964425136973413,28.0,31.0,3.0
10101,True,16,3,-5,1.0,-5,26,0.4,-28,3,3,True,0,0.8125000000000001,0.2362907813126304,-5.0,-6.4,-1.4000000000000004
10102,True,18,3,13,1.0,13,18,0.9,-13,2,2,False,0,0.4666666666666667,0.4115966043420212,13.0,14.899999999999999,1.8999999999999986
10108,True,17,2,25,1.0,25,81,0.01,24,1,2,False,0,0.6117647058823529,0.3903241488512728,25.0,24.569999999999997,-0.43000000000000327
10109,True,16,4,11,1.0,11,76,0.25,-9,0,1,False,0,0.4611111111111112,0.3227964232518656,11.0,12.25,1.25
10110,True,16,2,8,0.05,6,10,0.9,-5,0,1,False,0,0.6000000000000001,0.3723797345005051,6.1,8.5,2.4000000000000004
10112,True,16,4,69,0.2,19,32,0.95,21,0,1,False,0,0.6499999999999999,0.2875181153713043,29.0,31.45,2.4499999999999993
10113,True,16,4,29,1.0,29,37,0.6,19,0,1,True,0,0.5375,0.4303099657998484,29.0,29.8,0.8000000000000007
10116,True,31,4,20,0.75,4,35,0.4,8,0,1,False,-1,0.4838709677419356,0.3088654228986559,16.0,18.8,2.8000000000000007
10117,True,15,4,36,0.05,20,88,0.01,17,0,1,False,0,0.24,0.2848558532711889,20.8,17.709999999999997,-3.0900000000000034
10119,True,16,3,30,0.6,28,40,0.75,10,0,1,False,0,0.5375,0.3556683848755747,29.200000000000003,32.5,3.299999999999997
10121,True,16,2,12,1.0,12,30,0.75,-36,0,1,False,0,0.475,0.3087609647175843,12.0,13.5,1.5
10123,True,33,5,-10,1.0,-10,1,0.6,-32,0,1,True,0,0.5636363636363637,0.3444362983722297,-10.0,-12.200000000000001,-2.200000000000001
10125,True,16,5,30,1.0,30,31,0.8,13,0,1,False,0,0.2375,0.3283798613394758,30.0,27.4,-2.6000000000000014
10127,True,15,5,16,1.0,16,44,0.4,2,2,2,False,0,0.4933333333333334,0.3011090610836324,16.0,18.8,2.8000000000000007
10129,True,16,3,17,0.75,13,15,0.75,10,3,5,False,0,0.25,0.3540244812627134,16.0,13.75,-2.25
10130,True,17,4,23,0.2,4,26,0.4,-8,0,1,False,-1,0.3058823529411765,0.3249434339913912,7.800000000000001,5.6000000000000005,-2.2
10131,True,18,5,23,0.8,3,46,0.4,-3,0,1,False,0,0.2555555555555556,0.2454820521107333,19.000000000000004,16.6,-2.400000000000002
10132,True,16,4,-6,1.0,-6,19,0.25,-12,0,1,False,0,0.6125,0.3052321520853704,-6.0,-4.25,1.75
10133,True,15,2,12,0.75,-7,40,0.5,-30,0,1,False,0,0.5466666666666666,0.3583028779970269,7.25,5.0,-2.25
10136,True,18,5,11,0.01,-9,24,0.2,-16,0,1,False,0,0.6,0.4,-8.8,-8.0,0.8000000000000007
10138,True,17,3,30,0.9,-26,45,0.01,25,0,1,False,0,0.7411764705882353,0.2980327656680801,24.4,25.2,0.8000000000000007
10140,True,18,5,-8,0.99,-19,-9,0.6,-10,0,1,True,0,0.3888888888888889,0.3786801985983127,-8.11,-9.399999999999999,-1.2899999999999991
10146,True,31,2,33,0.6,20,28,1.0,28,0,1,False,0,0.5290322580645159,0.3707591746557296,27.8,28.0,0.1999999999999993
10148,True,16,4,2,1.0,2,29,0.05,1,1,2,False,0,0.5625,0.3283798613394758,2.0,2.4000000000000004,0.40000000000000036
10149,True,16,2,86,0.2,-26,-6,0.99,-35,0,1,False,0,0.5375,0.3159641329855864,-3.6000000000000014,-6.29,-2.6899999999999986
10152,True,16,3,20,1.0,20,24,0.9,-1,1,6,False,0,0.6499999999999999,0.3386246693120078,20.0,21.5,1.5
10155,True,31,4,-3,1.0,-3,78,0.05,-5,1,6,False,0,0.5483870967741935,0.3793599590028231,-3.0,-0.8499999999999996,2.1500000000000004
10156,True,33,3,105,0.2,-30,-3,1.0,-3,0,1,False,0,0.5090909090909093,0.2832441927511889,-3.0,-3.0,0.0
10158,True,16,3,28,0.95,-41,30,0.75,17,2,5,False,0,0.5625,0.4272001872658765,24.549999999999997,26.75,2.200000000000003
10162,True,16,3,28,1.0,28,38,0.6,21,0,1,False,0,0.6,0.2828427124746189,28.0,31.200000000000003,3.200000000000003
10163,True,16,4,-4,1.0,-4,0,0.6,-14,3,2,False,0,0.4749999999999999,0.3568379650952703,-4.0,-5.6000000000000005,-1.6000000000000005
10165,True,16,5,62,0.05,3,7,0.5,5,1,8,False,0,0.4375000000000001,0.3518996068956789,5.949999999999999,6.0,0.05000000000000071
10171,True,16,5,29,1.0,29,31,0.99,-4,3,3,False,0,0.4625,0.4047633053197058,29.0,30.650000000000002,1.6500000000000021
10172,True,16,4,7,1.0,7,28,0.05,4,0,1,False,0,0.4375000000000001,0.3667424164178449,7.0,5.2,-1.7999999999999998
10176,True,16,5,9,1.0,9,38,0.6,-38,1,4,False,0,0.4875,0.3649200825751669,9.0,7.6,-1.4000000000000004
10177,True,16,3,11,0.2,1,3,1.0,3,2,2,False,0,0.6625,0.3324154027718932,3.0,3.0,0.0
10179,True,16,5,37,0.01,-10,12,0.6,-37,3,2,False,-1,0.7687499999999999,0.3135150182473986,-9.530000000000001,-7.600000000000001,1.9299999999999997
10180,True,16,5,10,0.75,-5,6,1.0,6,2,6,False,0,0.59375,0.4234284670008225,6.25,6.0,-0.25
10184,True,16,2,-1,1.0,-1,5,0.01,-1,1,8,False,0,0.8999999999999999,0.1932183566158592,-1.0,-0.94,0.06000000000000005
10185,True,16,3,20,0.6,-10,9,0.6,5,0,1,False,0,0.5625,0.4145278438577236,8.0,7.3999999999999995,-0.6000000000000005
10186,True,16,4,10,1.0,10,13,0.25,12,2,6,False,0,0.8375,0.2552776266472772,10.0,12.25,2.25
10187,True,16,4,15,1.0,15,18,0.75,6,0,1,False,0,0.4,0.3794733192202056,15.0,15.0,0.0
10190,True,16,3,4,1.0,4,27,0.6,-27,0,1,True,0,0.45,0.3687817782917155,4.0,5.399999999999999,1.3999999999999986
10196,True,15,4,9,1.0,9,9,1.0,9,1,2,True,0,0.6533333333333334,0.358302877997027,9.0,9.0,0.0
10197,True,15,3,29,0.95,27,44,0.2,29,0,1,True,-1,0.7466666666666666,0.2972893411828826,28.9,32.0,3.1000000000000014
10201,True,15,3,15,0.6,-15,8,0.6,-9,0,1,False,0,0.3333333333333333,0.3829708431025353,3.0,1.1999999999999997,-1.8000000000000003
10203,True,15,4,-4,1.0,-4,59,0.2,-16,0,1,False,0,0.52,0.360951124510943,-4.0,-1.0,3.0
10205,True,15,4,55,0.4,-5,51,0.2,15,1,6,False,-1,0.7733333333333332,0.2604026186687143,19.0,22.200000000000003,3.200000000000003
10206,True,15,5,-5,1.0,-5,27,0.01,-5,0,1,True,0,0.8800000000000001,0.1971221521218324,-5.0,-4.68,0.3200000000000003
10207,True,15,5,0,1.0,0,-2,0.8,-9,1,2,False,0,0.2,0.2618614682831909,0.0,-3.3999999999999995,-3.3999999999999995
10208,True,15,5,26,0.75,1,22,0.9,13,3,6,False,0,0.3200000000000001,0.3764495792457281,19.75,21.1,1.3500000000000014
10209,True,15,3,23,1.0,23,40,0.6,3,0,1,True,0,0.5333333333333333,0.3265986323710904,23.0,25.2,2.1999999999999993
10211,True,15,4,94,0.2,-9,12,1.0,12,0,1,False,0,0.68,0.3447566429485338,11.600000000000001,12.0,0.3999999999999986
10212,True,15,2,35,0.6,-40,8,0.2,7,1,6,True,0,0.7066666666666667,0.384460041889302,5.0,7.200000000000001,2.200000000000001
10213,True,15,3,19,1.0,19,68,0.01,19,0,1,False,0,0.6666666666666665,0.3436498771936898,19.0,19.49,0.48999999999999844
10214,True,15,2,7,1.0,7,40,0.01,4,0,1,False,0,0.4666666666666667,0.4253849796976627,7.0,4.36,-2.6399999999999997
10215,True,15,2,48,0.4,18,30,1.0,30,0,1,False,0,0.6,0.3854496446637726,30.0,30.0,0.0
10216,True,15,2,17,1.0,17,84,0.25,-3,3,4,False,0,0.5466666666666666,0.4240395309514477,17.0,18.75,1.75
10218,True,15,2,16,0.8,15,112,0.25,-16,0,1,False,1,0.3333333333333333,0.3677473252630061,15.8,16.0,0.1999999999999993
10220,True,15,3,-5,1.0,-5,35,0.4,-36,1,8,False,0,0.6533333333333334,0.4307247491424304,-5.0,-7.599999999999998,-2.599999999999998
10223,True,15,2,47,0.6,-10,36,0.01,22,0,1,True,0,0.6999999999999998,0.3139608710833702,24.2,22.14,-2.0599999999999987
10224,True,15,3,3,1.0,3,5,0.2,4,1,8,False,0,0.8533333333333334,0.2199567056967174,3.0,4.2,1.2000000000000002
10225,True,15,2,1,1.0,1,46,0.5,-40,0,1,False,0,0.5066666666666667,0.2914659173083209,1.0,3.0,2.0
10226,True,15,4,-6,1.0,-6,35,0.4,-38,0,1,True,0,0.6533333333333332,0.341983012666391,-6.0,-8.8,-2.8000000000000007
10227,True,16,5,11,1.0,11,16,0.5,1,0,1,False,0,0.4053571428571428,0.3909477408227624,11.0,8.5,-2.5
10228,True,16,4,-2,1.0,-2,79,0.1,-11,1,2,False,0,0.4625,0.4112987559751022,-2.0,-2.0,0.0
10229,True,16,5,30,0.25,22,36,0.1,20,2,6,True,0,0.7125,0.3422961680572347,24.0,21.6,-2.3999999999999986
10230,True,16,5,30,0.99,-35,33,0.95,23,0,1,False,0,0.9000000000000001,0.2529822128134703,29.349999999999998,32.5,3.150000000000002
10232,True,16,4,14,0.8,14,25,0.25,11,1,6,False,0,0.4375,0.4014556845614054,14.0,14.5,0.5
10233,True,16,2,-10,1.0,-10,56,0.1,-15,3,3,False,0,0.5875,0.3964425136973414,-10.0,-7.8999999999999995,2.1000000000000005
10234,True,16,5,40,0.25,23,31,0.99,-15,0,1,False,0,0.375,0.3991657967979387,27.25,30.540000000000003,3.2900000000000027
10235,True,16,3,25,1.0,25,29,0.95,11,0,1,False,0,0.6875,0.3344149119482164,25.0,28.099999999999998,3.099999999999998
10236,True,16,3,29,1.0,29,30,0.8,24,0,1,False,0,0.5375,0.4773189010853576,29.0,28.799999999999997,-0.20000000000000284
10238,True,16,2,15,1.0,15,74,0.4,-28,3,7,True,0,0.3875,0.3827531841800928,15.0,12.8,-2.1999999999999993
10239,True,16,3,-6,1.0,-6,0,0.8,-18,0,1,False,0,0.7875000000000001,0.2872281323269015,-6.0,-3.599999999999999,2.400000000000001
10243,True,16,4,19,1.0,19,26,0.75,9,3,5,False,0,0.5125,0.3721558813185679,19.0,21.75,2.75
10247,True,16,3,15,1.0,15,87,0.4,-29,0,1,False,0,0.3875000000000001,0.3757215280851852,15.0,17.400000000000006,2.4000000000000057
10248,True,16,3,107,0.1,13,56,0.05,23,2,7,False,-1,0.85,0.225092573548455,22.400000000000002,24.65,2.2499999999999964
10251,True,16,3,28,0.6,6,26,0.1,20,0,1,False,0,0.5999999999999999,0.3723797345005051,19.200000000000003,20.6,1.3999999999999986
10252,True,16,5,11,1.0,11,19,0.4,6,1,2,False,0,0.5875,0.3612478373637689,11.0,11.2,0.1999999999999993
10254,True,16,2,3,1.0,3,9,0.75,-8,0,1,False,0,0.375,0.3642343567906063,3.0,4.75,1.75
10255,True,16,2,45,0.01,22,22,1.0,22,0,1,False,0,0.1625,0.2848976424378879,22.23,22.0,-0.23000000000000043
10256,True,16,2,21,1.0,21,24,0.25,21,0,1,False,0,0.6,0.4381780460041329,21.0,21.75,0.75
10257,True,16,3,25,1.0,25,65,0.05,21,0,1,False,0,0.5250000000000001,0.4057914078275521,25.0,23.2,-1.8000000000000007
10258,True,16,2,6,0.6,-14,-2,1.0,-2,2,4,False,0,0.5125000000000002,0.3792536530256938,-2.000000000000001,-2.0,8.881784197001252e-16
10260,True,16,3,21,1.0,21,45,0.5,-5,0,1,False,0,0.2125,0.3612478373637688,21.0,20.0,-1.0
10261,True,16,2,44,0.5,2,58,0.2,18,2,3,False,0,0.5499999999999999,0.3464101615137755,23.0,26.0,3.0
10262,True,16,4,44,0.05,1,9,0.25,0,0,1,False,1,0.3125,0.4064070209367287,3.1500000000000004,2.25,-0.9000000000000004
10264,True,16,5,17,1.0,17,26,0.75,-20,1,8,False,0,0.525,0.4057914078275521,17.0,14.5,-2.5
10267,True,16,4,-1,1.0,-1,11,0.6,-12,0,1,False,0,0.6499999999999999,0.3540244812627134,-1.0,1.799999999999999,2.799999999999999
10270,True,16,4,-7,0.99,-39,96,0.25,-41,2,7,False,-1,0.6125,0.3612478373637688,-7.32,-6.75,0.5700000000000003
10271,True,16,4,11,0.6,-34,24,0.6,-48,1,4,True,0,0.7124999999999999,0.3930648801406709,-7.000000000000002,-4.800000000000004,2.1999999999999975
10275,True,15,4,22,1.0,22,110,0.4,-33,1,2,True,0,0.6,0.4140393356054125,22.0,24.2,2.1999999999999993
10278,True,15,4,40,0.6,-32,55,0.05,10,0,1,True,0,0.7733333333333334,0.3195234546871921,11.2,12.25,1.0500000000000007
10279,True,15,5,10,1.0,10,76,0.4,-36,0,1,False,0,0.4544927536231884,0.3881093395981368,10.0,8.800000000000004,-1.1999999999999957
10280,True,15,3,6,0.95,-25,30,0.1,3,3,2,False,0,0.7466666666666667,0.341983012666391,4.449999999999998,5.7,1.2500000000000018
10281,True,15,4,-10,1.0,-10,54,0.1,-20,0,1,False,0,0.6933333333333332,0.3453086955726647,-10.0,-12.6,-2.5999999999999996
10282,True,15,5,3,1.0,3,5,0.75,4,2,6,True,0,0.84,0.2164651077128664,3.0,4.75,1.75
10283,True,15,3,0,1.0,0,-2,0.75,-7,0,1,False,0,0.1199999999999999,0.2808151400069855,0.0,-3.25,-3.25
10285,True,15,5,24,1.0,24,47,0.05,23,0,1,False,0,0.8,0.3380617018914066,24.0,24.2,0.1999999999999993
10287,True,15,5,35,0.5,17,81,0.5,-30,0,1,False,0,0.3866666666666666,0.3502380143083653,26.0,25.5,-0.5
10289,True,15,5,6,0.1,-3,-2,1.0,-2,2,8,False,0,0.7999999999999999,0.3116774889895918,-2.1,-2.0,0.10000000000000009
10293,True,15,4,23,0.05,10,52,0.5,-29,1,8,False,0,0.4933333333333334,0.3614784456460256,10.65,11.5,0.8499999999999996
10296,True,15,3,7,1.0,7,32,0.4,-10,0,1,False,0,0.3866666666666667,0.3502380143083653,7.0,6.800000000000001,-0.1999999999999993
10300,True,15,2,38,0.8,-12,61,0.01,30,0,1,True,0,0.6,0.3295017884191656,28.000000000000004,30.31,2.309999999999995
10301,True,15,5,20,1.0,20,33,0.25,14,1,8,False,0,0.5599999999999999,0.4014260294784796,20.0,18.75,-1.25
10304,True,15,4,15,1.0,15,27,0.25,9,1,4,False,0,0.66,0.2823371844342961,15.0,13.5,-1.5
10305,True,15,3,28,1.0,28,57,0.01,31,0,1,False,0,0.8666666666666667,0.2794552524023087,28.0,31.26,3.2600000000000016
10306,True,15,2,51,0.1,-3,57,0.25,-16,0,1,False,0,0.4666666666666667,0.3829708431025353,2.4000000000000004,2.25,-0.15000000000000036
10308,True,15,2,16,1.0,16,28,0.5,0,1,4,False,0,0.5733333333333334,0.3369329451445933,16.0,14.0,-2.0
10309,True,15,3,7,1.0,7,67,0.4,-33,0,1,False,0,0.4533333333333333,0.3159264531651691,7.0,7.0,0.0
10314,True,15,2,-6,1.0,-6,-6,0.2,-7,2,6,True,0,0.7333333333333333,0.3352326839390103,-6.0,-6.800000000000001,-0.8000000000000007
10316,True,15,3,9,1.0,9,31,0.5,-12,1,8,False,0,0.5466666666666666,0.3159264531651691,9.0,9.5,0.5
10317,True,15,5,8,1.0,8,8,0.6,5,1,6,False,0,0.3066666666666667,0.3453086955726647,8.0,6.8,-1.2000000000000002
10318,True,15,5,33,0.1,-7,36,0.4,-30,0,1,False,0,0.5333333333333333,0.4320493798938573,-2.9999999999999996,-3.5999999999999996,-0.6000000000000001
10324,True,16,5,6,1.0,6,19,0.05,7,2,7,False,0,0.9,0.2190890230020664,6.0,7.6,1.5999999999999996
10327,True,16,2,-1,1.0,-1,79,0.2,-17,1,2,False,0,0.5663461538461538,0.3503379602477193,-1.0,2.1999999999999993,3.1999999999999993
10328,True,16,5,32,0.5,0,19,0.95,-32,0,1,False,-1,0.4375000000000001,0.4080441152620633,16.0,16.45,0.4499999999999993
10330,True,16,4,6,0.99,-20,41,0.2,1,0,1,False,0,0.75,0.3386246693120078,5.739999999999999,9.000000000000002,3.2600000000000025
10332,True,16,2,15,1.0,15,15,1.0,15,1,2,True,0,0.375,0.3924283374069717,15.0,15.0,0.0
10333,True,16,5,35,0.25,23,28,0.1,23,2,2,False,0,0.2,0.3265986323710904,26.0,23.5,-2.5
10334,True,16,5,-1,0.95,-37,-3,1.0,-3,0,1,False,0,0.3875,0.3827531841800928,-2.8000000000000016,-3.0,-0.1999999999999984
10335,True,16,2,80,0.5,-42,22,0.6,8,0,1,False,0,0.6250000000000001,0.3855731664245668,19.0,16.4,-2.6000000000000014
10338,True,16,3,-3,1.0,-3,40,0.25,-16,0,1,False,0,0.475,0.3714835124201342,-3.0,-2.0,1.0
10339,True,16,5,11,1.0,11,112,0.1,1,0,1,False,0,0.575,0.3855731664245669,11.0,12.100000000000001,1.1000000000000014
10340,True,16,5,68,0.1,25,32,0.5,27,1,2,True,0,0.5750000000000001,0.405791407827552,29.3,29.5,0.1999999999999993
10344,True,16,2,8,1.0,8,8,1.0,8,3,4,False,0,0.6250000000000001,0.3568379650952703,8.0,8.0,0.0
10347,True,16,4,80,0.1,19,38,0.4,16,1,4,False,0,0.475,0.405791407827552,25.1,24.8,-0.3000000000000007
10348,True,16,2,13,1.0,13,18,0.75,-1,0,1,False,0,0.4291666666666667,0.4080441152620633,13.0,13.25,0.25
10350,True,16,5,-6,0.8,-16,47,0.2,-19,0,1,True,0,0.6296875000000001,0.3522805167760488,-8.0,-5.800000000000001,2.1999999999999993
10351,True,16,3,3,1.0,3,7,0.01,2,0,1,False,0,0.3750000000000001,0.3855731664245667,3.0,2.05,-0.9500000000000002
10353,True,16,4,-3,1.0,-3,1,0.05,-6,0,1,False,0,0.1798076923076923,0.2014322483872314,-3.0,-5.6499999999999995,-2.6499999999999995
10354,True,16,2,36,0.1,-11,-3,0.25,-8,0,1,False,0,0.3178571428571429,0.3987565707560045,-6.300000000000001,-6.75,-0.4499999999999993
10355,True,16,5,16,1.0,16,37,0.01,13,1,6,True,0,0.6875,0.35,16.0,13.239999999999998,-2.7600000000000016
10359,True,16,2,23,1.0,23,44,0.6,-14,0,1,False,0,0.4135416666666666,0.3383630939291892,23.0,20.799999999999997,-2.200000000000003
10360,True,16,2,54,0.5,4,28,0.95,-2,0,1,False,0,0.3375,0.3403429642777023,29.0,26.499999999999996,-2.5000000000000036
10364,True,16,4,12,1.0,12,12,1.0,12,3,3,False,0,0.75,0.3386246693120078,12.0,12.0,0.0
10368,True,16,2,6,1.0,6,10,0.95,-4,1,2,False,0,0.6755952380952381,0.3717047202995552,6.0,9.3,3.3000000000000007
10369,True,16,2,82,0.4,-31,39,0.01,15,0,1,False,0,0.6375,0.3283798613394757,14.200000000000006,15.24,1.0399999999999938
10370,True,16,5,-3,1.0,-3,73,0.25,-28,3,7,False,0,0.4375000000000001,0.4080441152620633,-3.0,-2.75,0.25
10372,True,17,2,89,0.25,4,49,0.05,25,0,1,False,0,0.6320855614973262,0.3264844934343544,25.25,26.2,0.9499999999999993
10373,True,17,5,21,1.0,21,55,0.01,19,0,1,False,0,0.5882352941176472,0.3966773766885005,21.0,19.36,-1.6400000000000006
10374,True,17,4,18,1.0,18,31,0.25,13,3,6,False,0,0.4117647058823529,0.4090879381947976,18.0,17.5,-0.5
10376,True,17,2,-6,1.0,-6,15,0.2,-15,0,1,False,0,0.611764705882353,0.3966773766885006,-6.0,-9.0,-3.0
10378,True,17,2,17,1.0,17,69,0.01,17,2,6,False,0,0.9058823529411764,0.2135140166221357,17.0,17.52,0.5199999999999996
10380,True,17,4,24,1.0,24,30,0.9,-26,1,2,False,0,0.5647058823529413,0.4014678948412129,24.0,24.4,0.3999999999999986
10381,True,17,2,19,1.0,19,19,1.0,19,1,2,False,0,0.5897058823529412,0.4091777982591862,19.0,19.0,0.0
10384,True,17,5,2,0.25,1,2,0.8,0,0,1,False,0,0.4284313725490196,0.4247452139012588,1.25,1.6,0.3500000000000001
10388,True,16,5,38,0.2,28,96,0.1,23,3,5,False,0,0.625,0.3785938897200182,30.000000000000004,30.3,0.29999999999999716
10389,True,16,2,28,0.95,7,76,0.4,-7,3,3,False,0,0.3,0.282842712474619,26.95,26.200000000000003,-0.7499999999999964
10393,True,16,4,30,1.0,30,30,0.99,-20,3,2,False,0,0.1625,0.233452350598575,30.0,29.5,-0.5
10394,True,16,2,28,0.5,-20,9,0.75,-18,1,4,False,0,0.75,0.2875181153713043,4.0,2.25,-1.75
10398,True,16,2,23,1.0,23,39,0.75,-17,0,1,False,0,0.2375,0.3442382895611701,23.0,25.0,2.0
10400,True,16,2,-5,1.0,-5,16,0.6,-30,1,8,False,0,0.8375,0.2446085307860977,-5.0,-2.4000000000000004,2.5999999999999996
10401,True,16,2,24,1.0,24,40,0.2,23,0,1,False,0,0.775,0.3172801075810878,24.0,26.400000000000002,2.400000000000002
10408,True,15,5,5,1.0,5,15,0.5,-9,0,1,False,0,0.2666666666666666,0.3265986323710904,5.0,3.0,-2.0
10409,True,15,4,17,1.0,17,17,0.9,4,1,4,False,0,0.28,0.2704493615131253,17.0,15.700000000000001,-1.299999999999999
10412,True,15,2,20,0.8,20,56,0.4,-7,0,1,False,0,0.48,0.3277629805645711,20.0,18.200000000000003,-1.7999999999999972
10414,True,15,4,6,1.0,6,30,0.25,-3,1,6,True,0,0.4533333333333334,0.2972893411828826,6.0,5.25,-0.75
10417,True,15,4,28,0.05,-7,2,0.2,-3,0,1,False,0,0.5733333333333334,0.3453086955726647,-5.249999999999999,-2.0000000000000004,3.2499999999999987
10420,True,16,5,16,0.9,-22,12,1.0,12,1,8,False,0,0.613235294117647,0.3299120850353386,12.200000000000001,12.0,-0.20000000000000107
10422,True,16,2,87,0.25,-25,65,0.1,-1,1,6,False,0,0.65,0.3898717737923586,3.0,5.6,2.5999999999999996
10425,True,16,4,24,1.0,24,30,0.95,-32,3,6,True,0,0.3625,0.4014556845614054,24.0,26.9,2.8999999999999986
10430,True,16,4,22,1.0,22,21,0.95,18,3,5,False,0,0.4,0.4320493798938574,22.0,20.85,-1.1499999999999986
10435,True,16,2,27,0.75,15,26,0.95,4,0,1,False,1,0.3250000000000001,0.3492849839314596,24.0,24.9,0.8999999999999986
10437,True,16,5,16,0.9,-20,25,0.25,12,3,2,False,0,0.7875,0.3461695153148719,12.4,15.25,2.8499999999999996
10438,True,16,5,49,0.2,19,28,0.75,8,0,1,False,0,0.6,0.3425395354310701,25.0,23.0,-2.0
10442,True,16,5,-10,1.0,-10,29,0.1,-13,0,1,False,0,0.7,0.3346640106136302,-10.0,-8.8,1.1999999999999993
10443,True,16,3,-2,1.0,-2,5,0.25,-6,0,1,False,0,0.6875,0.3180670788790733,-2.0,-3.25,-1.25
10444,True,16,2,16,1.0,16,33,0.25,12,0,1,False,0,0.55,0.3966526608171605,16.0,17.25,1.25
10448,True,16,3,20,0.8,-5,44,0.2,7,1,8,False,0,0.5624999999999999,0.3593976442141304,15.0,14.400000000000002,-0.5999999999999979
10449,True,16,4,15,0.5,9,15,0.95,-3,2,6,False,0,0.475,0.4312771730569565,12.0,14.1,2.0999999999999996
10450,True,16,4,15,0.5,-15,0,1.0,0,0,1,False,0,0.425,0.3172801075810879,0.0,0.0,0.0
10452,True,16,2,55,0.25,-13,6,0.99,-19,2,7,False,0,0.7249999999999999,0.3492849839314596,4.0,5.749999999999999,1.7499999999999991
10453,True,16,3,-10,1.0,-10,8,0.6,-38,1,2,False,0,0.7,0.3265986323710904,-10.0,-10.400000000000002,-0.40000000000000213
10455,True,16,3,-3,0.25,-8,3,0.1,-8,1,8,False,0,0.5875,0.3964425136973414,-6.75,-6.9,-0.15000000000000036
10457,True,16,3,26,1.0,26,61,0.05,27,2,6,False,0,0.925,0.1437590576856521,26.0,28.7,2.6999999999999993
10459,True,16,4,30,0.1,0,1,0.99,-7,0,1,False,0,0.3,0.3346640106136303,3.0,0.9199999999999999,-2.08
10461,True,16,2,29,0.2,10,24,0.25,7,0,1,False,0,0.3222222222222222,0.3314018112410177,13.8,11.25,-2.5500000000000007
10462,True,16,4,18,1.0,18,28,0.25,19,2,7,False,0,0.775,0.2909753712372692,18.0,21.25,3.25
10463,True,16,4,16,1.0,16,28,0.75,-19,1,6,False,0,0.6500000000000001,0.2683281572999748,16.0,16.25,0.25
10464,True,16,2,42,0.1,-4,1,1.0,1,0,1,False,0,0.5499999999999999,0.3540244812627134,0.6000000000000001,1.0,0.3999999999999999
10466,True,16,2,4,1.0,4,8,0.5,-4,0,1,True,0,0.25,0.2129162589689509,4.0,2.0,-2.0
10468,True,16,4,12,1.0,12,16,0.5,13,1,6,True,0,0.8625,0.2276693508870557,12.0,14.5,2.5
10469,True,16,2,24,0.75,-11,66,0.01,13,1,2,False,1,0.7625,0.3117156824201609,15.25,13.53,-1.7200000000000006
10470,True,16,4,20,1.0,20,54,0.1,20,0,1,False,0,0.825,0.3087609647175843,20.0,23.4,3.3999999999999986
10472,True,16,4,7,1.0,7,15,0.01,6,3,4,True,0,0.6625,0.3774917217635375,7.0,6.09,-0.9100000000000001
10473,True,16,4,16,1.0,16,48,0.01,15,3,3,False,0,0.625,0.3924283374069717,16.0,15.33,-0.6699999999999999
10474,True,16,3,35,0.4,-17,24,0.75,-45,0,1,False,0,0.425,0.3991657967979388,3.8000000000000007,6.75,2.9499999999999993
10475,True,16,5,99,0.25,7,32,0.99,16,0,1,False,-1,0.4375,0.3810074364978545,30.0,31.84,1.8399999999999999
10477,True,16,2,9,1.0,9,49,0.2,-2,1,8,False,0,0.5624999999999999,0.4272001872658765,9.0,8.200000000000001,-0.7999999999999989
10480,True,16,4,19,0.9,15,20,0.95,-8,2,4,True,0,0.4625,0.4177319714841085,18.6,18.6,0.0
10481,True,16,4,13,1.0,13,27,0.05,9,1,2,False,0,0.4,0.39327683210007,13.0,9.899999999999999,-3.1000000000000014
10482,True,16,5,26,1.0,26,36,0.25,19,3,6,False,0,0.5874999999999999,0.4096746676734275,26.0,23.25,-2.75
10487,True,16,4,60,0.5,-2,29,1.0,29,1,2,False,0,0.6749999999999999,0.3492849839314596,29.0,29.0,0.0
10488,True,32,2,27,1.0,27,36,0.8,-5,3,2,False,0,0.475,0.3959472105576539,27.0,27.8,0.8000000000000007
10490,True,16,4,22,1.0,22,19,0.75,18,1,6,True,0,0.275,0.3336665001664586,22.0,18.75,-3.25
10493,True,16,5,1,0.75,-34,43,0.25,-22,0,1,False,0,0.4500000000000001,0.322490309931942,-7.75,-5.75,2.0
10497,True,16,2,16,1.0,16,20,0.9,11,2,5,False,0,0.825,0.3172801075810879,16.0,19.1,3.1000000000000014
10498,True,16,4,2,1.0,2,53,0.1,-7,0,1,False,0,0.3,0.3864367132317184,2.0,-0.9999999999999991,-2.999999999999999
10500,True,16,5,-7,1.0,-7,29,0.25,-16,1,8,False,0,0.6625,0.3403429642777023,-7.0,-4.75,2.25
10501,True,16,2,5,1.0,5,5,1.0,5,2,2,False,0,0.35,0.3540244812627134,5.0,5.0,0.0
10502,True,16,5,19,1.0,19,19,0.95,0,0,1,False,0,0.125,0.2516611478423583,19.0,18.05,-0.9499999999999993
10503,True,16,2,21,1.0,21,91,0.01,22,0,1,False,0,0.8125000000000001,0.2680174123696692,21.0,22.69,1.6900000000000013
10504,True,32,5,46,0.2,-12,7,0.6,-8,1,2,False,0,0.49375,0.3766897414190126,-0.40000000000000036,1.0,1.4000000000000004
10508,True,32,3,82,0.2,-14,43,0.4,-16,0,1,False,0,0.5,0.3835319728439187,5.200000000000001,7.6,2.3999999999999986
10512,True,16,5,65,0.2,-26,-8,1.0,-8,0,1,False,0,0.3500000000000001,0.2966479394838265,-7.800000000000001,-8.0,-0.1999999999999993
10515,True,16,5,14,1.0,14,14,1.0,14,2,6,False,0,0.575,0.3855731664245667,14.0,14.0,0.0
10518,True,16,3,33,0.6,-17,18,0.01,11,0,1,False,0,0.7375000000000002,0.25,13.0,11.07,-1.9299999999999997
10519,True,16,2,1,1.0,1,42,0.05,0,1,4,True,0,0.4833333333333333,0.4011095721731021,1.0,2.1,1.1
10520,True,16,4,27,0.9,4,48,0.05,26,0,1,True,0,0.7375,0.2986078811194819,24.7,27.1,2.400000000000002
10521,True,16,2,98,0.25,-18,11,1.0,11,1,4,False,0,0.475,0.3255764119219941,11.0,11.0,0.0
10523,True,16,5,12,0.05,12,82,0.4,-37,0,1,False,0,0.3625,0.2941088233970548,11.999999999999998,10.600000000000005,-1.3999999999999932
10529,True,16,3,23,0.6,-32,24,0.2,-9,0,1,False,0,0.2895604395604395,0.2730109147011316,0.9999999999999982,-2.3999999999999995,-3.3999999999999977
10531,True,16,4,14,1.0,14,15,0.25,12,0,1,False,0,0.2625,0.3630886025935451,14.0,12.75,-1.25
10534,True,16,4,-5,0.95,-20,11,0.01,-7,0,1,False,0,0.575,0.3714835124201342,-5.750000000000001,-6.819999999999999,-1.0699999999999985
10535,True,16,4,22,1.0,22,46,0.2,12,0,1,False,0,0.5375,0.3844910055298216,22.0,18.800000000000004,-3.1999999999999957
10539,True,16,3,-6,0.25,-9,15,0.5,-38,2,7,True,0,0.725,0.2909753712372693,-8.25,-11.5,-3.25
10540,True,16,4,24,1.0,24,71,0.6,-47,1,6,False,0,0.4791666666666667,0.3110019649812878,24.0,23.8,-0.1999999999999993
10544,True,16,5,24,1.0,24,29,0.9,-12,0,1,False,0,0.4249999999999999,0.3785938897200183,24.0,24.900000000000002,0.9000000000000021
10548,True,31,4,-5,1.0,-5,40,0.1,-8,0,1,False,0,0.5863799283154122,0.3217584104748009,-5.0,-3.2,1.7999999999999998
10550,True,16,4,42,0.1,19,21,1.0,21,0,1,False,0,0.6375000000000001,0.3283798613394758,21.3,21.0,-0.3000000000000007
10551,True,16,4,8,0.9,1,10,0.95,-18,1,6,False,0,0.5750000000000001,0.3642343567906062,7.3,8.6,1.2999999999999998
10553,True,16,5,-8,1.0,-8,62,0.05,-13,0,1,True,0,0.5875,0.3052321520853704,-8.0,-9.25,-1.25
10554,True,16,3,18,1.0,18,21,0.6,13,1,6,False,0,0.6375000000000001,0.3593976442141304,18.0,17.8,-0.1999999999999993
10559,True,16,5,52,0.25,-5,16,0.8,-31,0,1,False,0,0.45,0.3141125063837265,9.25,6.600000000000002,-2.6499999999999977
10560,True,16,4,24,1.0,24,21,0.8,20,1,6,False,0,0.19375,0.310845620847391,24.0,20.8,-3.1999999999999993
10561,True,16,4,16,1.0,16,63,0.05,11,0,1,False,0,0.425,0.3991657967979388,16.0,13.6,-2.4000000000000004
10563,True,17,5,42,0.1,16,19,0.8,6,0,1,False,-1,0.4823529411764706,0.4003674782584855,18.6,16.400000000000002,-2.1999999999999993
10564,True,17,2,55,0.2,-25,30,0.1,-12,0,1,False,0,0.4705882352941176,0.3386825687172889,-9.0,-7.800000000000001,1.1999999999999993
10565,True,17,5,4,0.4,-18,52,0.05,-9,0,1,False,0,0.5411764705882353,0.3063062673400019,-9.2,-5.949999999999999,3.25
10567,True,17,3,36,0.8,-44,53,0.4,1,3,3,False,0,0.6705882352941177,0.2910427500435996,20.000000000000004,21.800000000000004,1.8000000000000007
10568,True,17,3,67,0.05,26,56,0.6,-22,1,4,True,0,0.5647058823529412,0.3408466966074856,28.05,24.8,-3.25
10571,True,17,5,38,0.01,2,2,1.0,2,0,1,False,0,0.2359477124183006,0.3387415301607233,2.36,2.0,-0.3599999999999999
10573,True,17,4,7,1.0,7,10,0.9,-14,0,1,True,0,0.2836601307189542,0.2551360580820042,7.0,7.6000000000000005,0.6000000000000005
10574,True,17,3,28,1.0,28,65,0.4,5,3,6,False,0,0.4705882352941176,0.3869184440588755,28.0,29.0,1.0
10575,True,17,2,43,0.05,18,56,0.6,-30,1,8,False,0,0.4823529411764706,0.3539690913724796,19.249999999999996,21.6,2.350000000000005
10577,True,17,2,29,0.95,29,60,0.2,19,0,1,True,0,0.4928104575163399,0.3460745739692573,29.0,27.200000000000003,-1.7999999999999972
10581,True,15,4,2,0.99,1,2,1.0,2,0,1,False,0,0.7866666666666666,0.3888934240098375,1.99,2.0,0.010000000000000009
10583,True,15,4,29,1.0,29,78,0.1,25,0,1,False,0,0.6133333333333333,0.4627042663464841,29.0,30.3,1.3000000000000007
10584,True,15,5,15,1.0,15,21,0.5,14,3,5,False,0,0.6266666666666666,0.3692979181920098,15.0,17.5,2.5
10585,True,15,3,8,1.0,8,14,0.75,1,1,4,False,0,0.5466666666666667,0.3888934240098375,8.0,10.75,2.75
10588,True,15,2,16,0.01,2,11,0.4,0,3,3,False,0,0.4800000000000001,0.352946778667023,2.14,4.4,2.2600000000000002
10589,True,15,2,22,1.0,22,36,0.75,-30,1,4,False,0,0.2533333333333333,0.341983012666391,22.0,19.5,-2.5
10590,True,15,2,-5,0.95,-14,71,0.1,-14,1,6,False,0,0.4933333333333334,0.4061433010064071,-5.450000000000001,-5.499999999999999,-0.049999999999998046
10594,True,15,2,61,0.5,-11,25,1.0,25,1,6,False,0,0.5866666666666667,0.3814758308514571,25.0,25.0,0.0
10600,True,17,2,80,0.25,0,106,0.05,18,1,2,False,1,0.7647058823529411,0.2760008525136023,20.0,22.4,2.3999999999999986
10601,True,17,4,11,1.0,11,46,0.01,12,0,1,False,0,0.9529411764705882,0.1124591429076774,11.0,12.34,1.3399999999999999
10603,True,17,5,22,1.0,22,24,0.8,1,1,4,False,0,0.4588235294117646,0.4287464628562721,22.0,19.400000000000002,-2.599999999999998
10606,True,17,5,1,1.0,1,49,0.01,-2,0,1,False,0,0.1647058823529412,0.3019544180637788,1.0,-1.49,-2.49
10610,True,17,5,32,0.9,13,30,1.0,30,2,6,False,0,0.4470588235294118,0.3970479301337931,30.1,30.0,-0.10000000000000142
10613,True,16,5,-4,1.0,-4,-4,1.0,-4,2,6,False,0,0.5750000000000001,0.4494441010848846,-4.0,-4.0,0.0
10614,True,16,5,-7,1.0,-7,18,0.01,-7,3,6,False,0,0.9,0.2190890230020664,-7.0,-6.75,0.25
10616,True,31,4,42,0.01,5,47,0.2,-2,0,1,True,0,0.464516129032258,0.3592106040535497,5.37,7.800000000000001,2.4300000000000006
10617,True,16,3,22,0.99,-17,27,0.95,-13,0,1,True,0,0.3125000000000001,0.3180670788790734,21.61,24.999999999999996,3.389999999999997
10618,True,16,4,-4,1.0,-4,66,0.2,-19,2,4,False,0,0.5375,0.3774917217635375,-4.0,-2.0,2.0
10620,True,16,3,17,0.1,17,17,1.0,17,1,6,False,0,0.5625000000000001,0.4455333881989093,17.0,17.0,0.0
10622,True,16,2,35,0.5,23,26,0.95,21,0,1,False,0,0.175,0.2516611478423583,29.0,25.75,-3.25
10624,True,16,4,10,1.0,10,15,0.25,4,0,1,False,0,0.15,0.171269767715535,10.0,6.75,-3.25
10625,True,16,3,9,1.0,9,6,0.99,-5,1,2,False,0,0.2125,0.3138470965295043,9.0,5.89,-3.1100000000000003
10626,True,16,5,19,1.0,19,61,0.25,1,1,4,True,0,0.6249999999999999,0.3492849839314596,19.0,16.0,-3.0
10630,True,16,3,12,1.0,12,62,0.2,-2,0,1,True,0,0.5499999999999999,0.3464101615137754,12.0,10.8,-1.1999999999999993
10631,True,16,5,12,0.95,-31,55,0.05,10,0,1,False,0,0.8625,0.2276693508870558,9.849999999999998,12.25,2.400000000000002
10632,True,16,4,29,1.0,29,31,0.4,25,1,6,False,0,0.4625,0.4716990566028302,29.0,27.4,-1.6000000000000014
10635,True,16,3,30,1.0,30,71,0.2,23,0,1,False,0,0.6458333333333333,0.4064070209367287,30.0,32.6,2.6000000000000014
10638,True,16,3,35,0.5,11,64,0.6,-33,0,1,False,0,0.1763888888888888,0.1917592369046967,23.0,25.199999999999996,2.1999999999999957
10643,True,16,2,5,0.4,2,36,0.5,-33,1,4,False,0,0.45,0.3540244812627134,3.2,1.5,-1.7000000000000002
10646,True,16,5,5,1.0,5,23,0.5,-9,1,4,True,0,0.5875,0.3222318006239194,5.0,7.0,2.0
10647,True,16,5,35,0.2,20,43,0.5,7,0,1,False,0,0.5875,0.3383784863137726,23.0,25.0,2.0
10652,True,16,4,26,0.99,-5,33,0.8,10,1,4,True,0,0.6250000000000001,0.2909753712372692,25.689999999999998,28.400000000000002,2.7100000000000044
10656,True,16,5,-2,1.0,-2,0,0.75,-13,0,1,False,0,0.6375000000000002,0.4014556845614055,-2.0,-3.25,-1.25
10657,True,16,3,24,1.0,24,37,0.6,13,1,6,False,0,0.575,0.405791407827552,24.0,27.4,3.3999999999999986
10658,True,16,4,29,0.1,29,64,0.25,21,1,6,True,0,0.7125,0.3180670788790734,29.0,31.75,2.75
10661,True,16,3,40,0.1,1,13,0.6,-11,1,2,True,0,0.475,0.3991657967979388,4.9,3.3999999999999995,-1.5000000000000009
10666,True,16,2,59,0.2,9,23,0.9,-4,3,2,True,0,0.5671875000000001,0.3243864400680152,19.0,20.3,1.3000000000000007
10668,True,16,5,71,0.1,20,56,0.4,3,0,1,False,0,0.4125,0.3757215280851852,25.1,24.200000000000003,-0.8999999999999986
10669,True,16,3,13,0.2,-5,22,0.5,-28,0,1,True,-1,0.3625000000000001,0.3030401513551189,-1.4,-3.0,-1.6
10670,True,16,3,-10,1.0,-10,44,0.05,-15,0,1,False,0,0.4138888888888889,0.3956866199842597,-10.0,-12.05,-2.0500000000000007
10672,True,16,4,-2,0.9,-22,36,0.2,-14,2,7,False,0,0.7,0.3011090610836324,-3.999999999999999,-4.000000000000001,-1.7763568394002505e-15
10674,True,16,2,33,0.8,-2,27,0.9,-2,0,1,False,1,0.2999999999999999,0.3011090610836324,26.000000000000004,24.1,-1.9000000000000021
10675,True,15,3,12,1.0,12,15,0.8,-7,0,1,True,0,0.32,0.352946778667023,12.0,10.6,-1.4000000000000004
10676,True,15,3,4,1.0,4,4,0.95,2,2,8,False,0,0.2933333333333333,0.3283436063174123,4.0,3.9,-0.10000000000000009
10678,True,15,5,26,1.0,26,30,0.9,-16,0,1,False,0,0.2533333333333333,0.3335237551331168,26.0,25.4,-0.6000000000000014
10680,True,15,2,42,0.4,19,33,0.6,28,0,1,False,1,0.499607843137255,0.3647293748645817,28.200000000000003,31.0,2.799999999999997
10682,True,15,3,97,0.05,-10,-3,0.99,-44,1,6,False,0,0.5866666666666666,0.3661901665736508,-4.6499999999999995,-3.41,1.2399999999999993
10687,True,15,5,24,0.8,19,51,0.1,18,1,6,False,0,0.5866666666666666,0.3814758308514571,23.0,21.3,-1.6999999999999993
10690,True,15,5,-8,1.0,-8,8,0.05,-10,2,5,True,0,0.7333333333333333,0.3265986323710904,-8.0,-9.1,-1.0999999999999996
10692,True,15,5,-5,1.0,-5,0,0.25,-9,0,1,False,0,0.3199999999999999,0.2908116719999879,-5.0,-6.75,-1.75
10694,True,15,2,19,0.5,11,15,1.0,15,0,1,False,0,0.3333333333333333,0.3352326839390103,15.0,15.0,0.0
10695,True,15,3,21,1.0,21,28,0.2,20,0,1,True,0,0.76,0.3869293032509759,21.0,21.6,0.6000000000000014
10697,True,15,4,19,1.0,19,45,0.5,-11,0,1,False,0,0.5400000000000001,0.3418437404094784,19.0,17.0,-2.0
10698,True,15,5,10,1.0,10,44,0.01,12,0,1,False,0,0.8800000000000001,0.2484236013632475,10.0,12.319999999999999,2.3199999999999985
10700,True,15,3,20,1.0,20,38,0.05,22,0,1,True,0,0.7466666666666667,0.3739111175259754,20.0,22.799999999999997,2.799999999999997
10703,True,15,3,29,1.0,29,41,0.5,16,1,6,False,0,0.5466666666666666,0.4103424818136094,29.0,28.5,-0.5
10705,True,15,4,34,0.05,5,10,0.5,5,0,1,False,1,0.6,0.4276179870598789,6.45,7.5,1.0499999999999998
10706,True,15,5,20,1.0,20,101,0.2,1,0,1,False,0,0.480952380952381,0.3978684703867488,20.0,21.000000000000004,1.0000000000000036
10708,True,16,3,56,0.4,3,47,0.1,18,0,1,False,0,0.325,0.3255764119219941,24.200000000000003,20.9,-3.3000000000000043
10709,True,16,4,22,1.0,22,84,0.25,1,0,1,False,0,0.4625,0.3844910055298216,22.0,21.75,-0.25
10710,True,16,2,22,1.0,22,23,0.99,4,0,1,False,0,0.4624999999999999,0.3480900266693469,22.0,22.81,0.8099999999999987
10711,True,16,3,27,1.0,27,43,0.6,0,2,3,False,0,0.5750000000000001,0.3568379650952703,27.0,25.8,-1.1999999999999993
10712,True,16,4,12,1.0,12,14,0.95,8,2,3,True,0,0.7125,0.3422961680572347,12.0,13.7,1.6999999999999993
10713,True,16,2,1,0.6,-2,59,0.2,-19,0,1,False,-1,0.4125,0.3052321520853704,-0.20000000000000007,-3.4000000000000004,-3.2
10714,True,16,4,20,1.0,20,20,0.99,-3,1,6,False,0,0.525,0.4057914078275521,20.0,19.77,-0.23000000000000043
10719,True,16,5,15,0.75,10,34,0.4,3,1,2,False,0,0.425,0.4123105625617661,13.75,15.400000000000002,1.6500000000000021
10720,True,16,2,0,1.0,0,1,0.8,0,1,2,False,0,0.8000000000000002,0.3011090610836324,0.0,0.8,0.8
10722,True,16,4,15,0.6,-28,-1,0.8,-2,0,1,False,0,0.275,0.3415650255319866,-2.200000000000001,-1.2,1.000000000000001
10724,True,16,5,24,1.0,24,28,0.9,9,0,1,True,0,0.575,0.3924283374069717,24.0,26.099999999999998,2.099999999999998
10726,True,31,5,33,0.4,-12,6,0.2,2,0,1,False,0,0.5247311827956989,0.2945137539309163,6.000000000000002,2.8000000000000003,-3.2000000000000015
10727,True,16,3,17,1.0,17,64,0.5,-25,1,6,False,0,0.5750000000000001,0.4187282332651254,17.0,19.5,2.5
10729,True,16,4,26,1.0,26,28,0.2,26,1,2,False,0,0.7125,0.4500000000000001,26.0,26.400000000000002,0.40000000000000213
10730,True,16,5,14,0.9,-36,36,0.5,-12,0,1,False,0,0.6499999999999999,0.3687817782917156,9.0,12.0,3.0
10731,True,33,2,-5,1.0,-5,28,0.2,-16,0,1,False,0,0.4848484848484848,0.3937965941647509,-5.0,-7.2,-2.2
10733,True,16,4,51,0.6,-24,21,1.0,21,0,1,False,0,0.6125000000000002,0.2872281323269014,20.999999999999996,21.0,3.552713678800501e-15
10736,True,16,4,2,1.0,2,13,0.75,-36,0,1,True,0,0.35,0.3306559138036599,2.0,0.75,-1.25
10737,True,16,5,17,1.0,17,46,0.05,15,0,1,False,0,0.7375,0.3630886025935451,17.0,16.55,-0.4499999999999993
10739,True,17,5,27,0.5,-35,28,0.05,-9,0,1,False,-1,0.2352941176470588,0.3757345746510897,-4.0,-7.149999999999999,-3.1499999999999986
10740,True,17,4,-1,1.0,-1,30,0.4,-18,1,6,False,0,0.7176470588235294,0.3166924654093602,-1.0,1.200000000000001,2.200000000000001
10742,True,17,2,4,0.8,-11,3,0.9,-13,0,1,False,0,0.5764705882352941,0.3929526239966878,1.0000000000000009,1.4000000000000004,0.39999999999999947
10743,True,17,2,23,0.25,7,11,1.0,11,0,1,False,0,0.3235294117647059,0.2862023142916254,11.0,11.0,0.0
10745,True,17,5,35,0.6,10,40,0.5,9,0,1,False,0,0.5327731092436975,0.3490425938090037,25.0,24.5,-0.5
10747,True,17,3,16,0.9,13,16,1.0,16,1,2,False,0,0.5294117647058824,0.4412548949903458,15.7,16.0,0.3000000000000007
10750,True,17,5,44,0.4,-3,46,0.01,13,1,8,True,0,0.8235294117647058,0.2990180006385609,15.8,13.33,-2.4700000000000006
10751,True,17,5,29,1.0,29,37,0.75,-6,1,6,False,0,0.5529411764705882,0.3842486939776496,29.0,26.25,-2.75
10756,True,15,4,50,0.5,10,70,0.01,32,0,1,False,0,0.4074074074074074,0.39303160040674,30.0,32.38,2.3800000000000026
10758,True,15,2,-4,1.0,-4,35,0.25,-14,0,1,False,0,0.4933333333333333,0.3369329451445933,-4.0,-1.75,2.25
10761,True,15,2,49,0.4,9,34,0.01,26,0,1,False,0,0.5066666666666666,0.3104528182847635,25.0,26.08,1.0799999999999983
10762,True,15,5,-9,1.0,-9,43,0.05,-14,1,4,False,0,0.5866666666666666,0.3159264531651691,-9.0,-11.149999999999999,-2.1499999999999986
10763,True,15,4,-5,1.0,-5,21,0.6,-39,0,1,False,0,0.642962962962963,0.2824017260249058,-5.0,-3.0000000000000018,1.9999999999999982
10764,True,15,4,11,0.05,6,11,0.2,3,2,5,False,1,0.4799999999999999,0.3687817782917155,6.249999999999999,4.6000000000000005,-1.6499999999999986
10765,True,15,5,-1,0.99,-24,7,0.8,-43,1,4,False,0,0.7955555555555556,0.2232041796654037,-1.2300000000000002,-2.9999999999999973,-1.7699999999999971
10768,True,15,2,43,0.2,11,37,0.5,-5,0,1,False,0,0.3866666666666666,0.2972893411828826,17.4,16.0,-1.3999999999999986
10769,True,15,2,86,0.05,0,14,0.05,6,0,1,False,0,0.7200000000000001,0.3189267717114474,4.3,6.3999999999999995,2.0999999999999996
10770,True,15,4,27,1.0,27,35,0.5,16,1,4,False,0,0.4133333333333333,0.3502380143083653,27.0,25.5,-1.5
10771,True,15,2,26,0.1,14,39,0.5,-12,1,8,False,0,0.4400000000000001,0.3135055251278903,15.2,13.5,-1.6999999999999993
10772,True,15,5,39,0.05,14,48,0.4,-1,2,7,False,0,0.44,0.4222389303293981,15.25,18.6,3.3500000000000014
10774,True,15,4,24,1.0,24,27,0.5,15,0,1,False,0,0.24,0.2848558532711889,24.0,21.0,-3.0
10776,True,15,4,-6,0.95,-46,-7,0.9,-13,0,1,True,0,0.4000000000000001,0.3779644730092272,-8.000000000000002,-7.6,0.40000000000000213
10778,True,15,3,26,1.0,26,42,0.25,22,0,1,False,0,0.5866666666666666,0.341983012666391,26.0,27.0,1.0
10781,True,15,4,13,0.99,-19,16,0.25,11,0,1,False,0,0.56,0.3794733192202055,12.68,12.25,-0.4299999999999997
10783,True,15,2,47,0.25,23,72,0.01,29,3,6,False,1,0.6266666666666667,0.4061433010064071,29.0,29.43,0.4299999999999997
10784,True,15,2,33,0.05,11,10,0.6,8,1,2,True,0,0.1333333333333333,0.1951800145897066,12.1,9.2,-2.9000000000000004
10785,True,15,3,51,0.5,-9,21,1.0,21,2,2,True,0,0.6666666666666666,0.2350278605572013,21.0,21.0,0.0
10788,True,18,5,13,1.0,13,81,0.1,8,0,1,False,0,0.3555555555555556,0.339934634239519,13.0,15.3,2.3000000000000007
10789,True,18,5,27,0.6,-26,6,1.0,6,0,1,False,0,0.6222222222222222,0.2365326878431407,5.799999999999999,6.0,0.20000000000000107
10790,True,18,3,40,0.25,-4,8,0.95,-17,1,2,False,0,0.5777777777777778,0.3209463131860412,7.0,6.749999999999999,-0.2500000000000009
10791,True,18,5,1,1.0,1,45,0.2,-6,1,4,False,0,0.4444444444444445,0.3601016559450666,1.0,4.199999999999999,3.1999999999999993
10792,True,18,5,54,0.4,-49,32,0.05,-10,0,1,True,-1,0.5,0.3307744922237541,-7.799999999999997,-7.9,-0.1000000000000032
10793,True,18,4,19,1.0,19,24,0.9,1,2,2,False,0,0.7654320987654323,0.2929550167072194,19.0,21.700000000000003,2.700000000000003
10794,True,18,4,30,1.0,30,64,0.2,20,0,1,False,0,0.4888888888888889,0.3160210136142084,30.0,28.8,-1.1999999999999993
10798,True,18,3,-9,1.0,-9,32,0.05,-12,0,1,False,0,0.6999999999999998,0.358099558946457,-9.0,-9.799999999999999,-0.7999999999999989
10802,True,18,5,9,1.0,9,65,0.5,-46,2,7,False,0,0.6444444444444444,0.3257971621264882,9.0,9.5,0.5
10804,True,16,2,-7,1.0,-7,34,0.01,-7,0,1,False,0,0.8125000000000001,0.2680174123696692,-7.0,-6.59,0.41000000000000014
10805,True,16,2,24,1.0,24,44,0.4,5,0,1,False,0,0.4625,0.307408522978788,24.0,20.6,-3.3999999999999986
10806,True,16,2,36,0.6,11,40,0.05,25,0,1,False,0,0.4125,0.3685557397915997,26.0,25.75,-0.25
10807,True,32,3,6,1.0,6,62,0.5,-44,1,6,True,0,0.59375,0.3500575989471521,6.0,9.0,3.0
10809,True,16,2,24,0.1,-8,-5,1.0,-5,3,2,False,0,0.45,0.2966479394838265,-4.8,-5.0,-0.20000000000000018
10812,True,16,5,-5,1.0,-5,12,0.2,-7,0,1,False,0,0.6375,0.2941088233970548,-5.0,-3.2,1.7999999999999998
10813,True,31,4,6,1.0,6,41,0.05,3,1,6,True,0,0.5903225806451614,0.3037047236046633,6.0,4.9,-1.0999999999999996
10814,True,16,2,92,0.01,-8,17,0.5,-27,0,1,False,0,0.6125,0.3461695153148719,-7.0,-5.0,2.0
10815,True,16,5,7,1.0,7,9,0.9,-44,1,2,False,0,0.4240384615384615,0.3569305370573155,7.0,3.700000000000001,-3.299999999999999
10816,True,16,2,-6,1.0,-6,2,0.75,-18,0,1,True,0,0.7750000000000001,0.2620432534271139,-6.0,-3.0,3.0
10821,True,16,2,23,0.2,8,12,0.95,-2,0,1,False,0,0.3625,0.3739429546512855,11.0,11.299999999999999,0.29999999999999893
10822,True,16,2,42,0.4,12,72,0.6,-49,1,8,False,0,0.4375,0.3283798613394758,24.0,23.599999999999994,-0.4000000000000057
10823,True,16,4,-5,0.75,-22,61,0.05,-12,0,1,False,0,0.6000000000000001,0.3346640106136302,-9.25,-8.349999999999998,0.9000000000000021
10824,True,16,5,-1,1.0,-1,-1,1.0,-1,3,5,False,0,0.6375000000000001,0.3739429546512855,-1.0,-1.0,0.0
10825,True,16,5,9,0.95,9,44,0.2,-2,0,1,False,0,0.35,0.3614784456460256,9.0,7.200000000000001,-1.799999999999999
10826,True,31,2,8,1.0,8,13,0.75,-8,1,4,False,0,0.5290322580645159,0.3917427288302845,8.0,7.75,-0.25
10827,True,16,3,21,1.0,21,75,0.4,-18,1,8,False,0,0.5249999999999999,0.3255764119219941,21.0,19.200000000000003,-1.7999999999999972
10828,True,16,3,57,0.5,-41,50,0.2,1,0,1,False,0,0.825,0.2175622516277428,8.0,10.8,2.8000000000000007
10829,True,16,5,12,0.8,-18,10,0.9,-45,1,4,False,0,0.425,0.3855731664245668,6.000000000000002,4.500000000000001,-1.5000000000000009
10830,True,32,5,30,0.05,24,92,0.1,15,0,1,True,1,0.5187499999999999,0.3587051084647523,24.299999999999997,22.700000000000003,-1.5999999999999943
10833,True,16,5,-4,1.0,-4,7,0.6,-27,1,4,False,0,0.65,0.2875181153713043,-4.0,-6.6000000000000005,-2.6000000000000005
10835,True,16,4,20,0.25,0,80,0.05,3,0,1,False,0,0.675,0.2909753712372692,5.0,6.85,1.8499999999999996
10837,True,16,4,27,0.05,26,62,0.01,24,0,1,False,0,0.4874999999999999,0.3008321791298265,26.05,24.38,-1.6700000000000017
10840,True,31,3,5,0.9,-17,66,0.25,-20,1,8,True,1,0.5096774193548386,0.3048003048004572,2.8000000000000003,1.5,-1.3000000000000003
10843,True,16,4,18,0.4,11,16,0.01,12,2,4,False,0,0.5499999999999999,0.3540244812627134,13.8,12.04,-1.7600000000000016
10844,True,16,2,-9,0.75,-10,4,0.6,-23,1,8,False,0,0.65,0.3464101615137754,-9.25,-6.800000000000001,2.4499999999999993
10846,True,16,3,41,0.6,-26,14,1.0,14,1,6,False,0,0.6749999999999998,0.3642343567906063,14.199999999999998,14.0,-0.1999999999999975
10850,True,16,3,20,1.0,20,102,0.01,18,1,4,False,0,0.3875000000000001,0.3612478373637689,20.0,18.84,-1.1600000000000001
10851,True,18,3,29,0.6,-41,14,0.5,-11,1,2,False,-1,0.4555555555555555,0.341660688613412,0.9999999999999964,1.5,0.5000000000000036
10852,True,18,4,5,1.0,5,8,0.9,-18,0,1,False,0,0.4888888888888888,0.3771236166328253,5.0,5.4,0.40000000000000036
10853,True,18,4,8,1.0,8,77,0.01,9,1,8,True,0,0.8666666666666668,0.181497042594606,8.0,9.68,1.6799999999999997
10854,True,18,5,40,0.6,-15,20,0.9,-8,1,2,True,0,0.2777777777777778,0.2755861252282136,18.0,17.2,-0.8000000000000007
10861,True,18,2,10,1.0,10,48,0.4,-18,0,1,True,0,0.4111111111111112,0.3103866448174691,10.0,8.400000000000004,-1.599999999999996
10863,True,18,3,30,1.0,30,85,0.4,-5,0,1,False,0,0.3333333333333333,0.3067859955389482,30.0,31.0,1.0
10864,True,18,5,0,0.9,-6,-1,0.99,-12,0,1,False,0,0.2555555555555556,0.341660688613412,-0.5999999999999999,-1.11,-0.5100000000000002
10869,True,16,3,19,1.0,19,52,0.6,-27,2,7,False,0,0.6375,0.311715682420161,19.0,20.4,1.3999999999999986
10871,True,16,4,-6,1.0,-6,17,0.25,-14,0,1,False,0,0.6,0.3651483716701106,-6.0,-6.25,-0.25
10872,True,16,3,7,1.0,7,13,0.1,7,0,1,False,0,0.8125,0.3052321520853704,7.0,7.6,0.5999999999999996
10875,True,16,3,47,0.4,-35,23,0.6,-42,0,1,False,0,0.3500000000000001,0.3306559138036598,-2.1999999999999993,-3.0000000000000018,-0.8000000000000025
10876,True,16,5,29,1.0,29,48,0.8,-36,2,5,False,0,0.7875000000000001,0.2872281323269014,29.0,31.200000000000006,2.2000000000000064
10879,True,16,4,-4,1.0,-4,7,0.75,-24,0,1,False,0,0.775,0.2408318915758459,-4.0,-0.75,3.25
10883,True,16,4,1,1.0,1,9,0.75,-28,0,1,False,0,0.35,0.3141125063837265,1.0,-0.25,-1.25
10885,True,16,2,27,0.2,22,43,0.4,9,1,6,False,0,0.425,0.3415650255319866,23.0,22.599999999999998,-0.40000000000000213
10889,True,16,5,4,1.0,4,6,0.9,-15,0,1,False,0,0.2875,0.2918332857414772,4.0,3.900000000000001,-0.0999999999999992
10890,True,33,3,10,1.0,10,91,0.25,-17,0,1,True,0,0.4262626262626262,0.3940316519785471,10.0,10.0,0.0
10891,True,16,2,27,1.0,27,40,0.8,-30,0,1,False,0,0.4375,0.3442382895611701,27.0,26.0,-1.0
10893,True,33,4,101,0.05,21,25,0.9,16,1,4,False,0,0.4606060606060607,0.3888600277890762,25.0,24.1,-0.8999999999999986
10894,True,16,4,8,1.0,8,16,0.2,7,0,1,False,0,0.4875,0.3095695936834452,8.0,8.8,0.8000000000000007
10895,True,16,3,-5,1.0,-5,41,0.2,-20,2,5,False,0,0.7,0.3098386676965933,-5.0,-7.799999999999999,-2.799999999999999
10896,True,16,5,65,0.05,24,37,0.75,-12,1,6,False,0,0.3875,0.4161329915623929,26.049999999999997,24.75,-1.2999999999999972
10897,True,31,3,1,1.0,1,2,0.95,-13,1,4,False,0,0.4774193548387097,0.4152988300965582,1.0,1.2499999999999993,0.24999999999999933
10898,True,16,4,32,0.2,7,42,0.4,-8,2,2,False,0,0.3125,0.3095695936834452,12.0,12.0,0.0
10899,True,16,2,50,0.2,15,33,0.8,-12,0,1,True,0,0.3125,0.3263433774416144,22.0,24.000000000000004,2.0000000000000036
10900,True,16,4,27,1.0,27,39,0.75,-9,1,4,False,0,0.525,0.2516611478423583,27.0,27.0,0.0
10902,True,16,2,11,1.0,11,48,0.05,9,0,1,False,0,0.6124999999999999,0.3612478373637689,11.0,10.95,-0.05000000000000071
10904,True,16,5,1,1.0,1,21,0.4,-16,1,4,True,0,0.5750000000000001,0.3568379650952703,1.0,-1.1999999999999993,-2.1999999999999993
10909,True,16,3,-9,1.0,-9,38,0.4,-39,0,1,False,0,0.525,0.3924283374069716,-9.0,-8.199999999999998,0.8000000000000025
10910,True,16,3,13,1.0,13,41,0.05,14,0,1,False,0,0.8375000000000001,0.3030401513551189,13.0,15.35,2.3499999999999996
10912,True,16,4,37,0.4,4,33,0.6,-5,1,2,False,0,0.3,0.3265986323710904,17.2,17.8,0.6000000000000014
10916,True,15,3,7,1.0,7,18,0.05,8,3,2,False,0,0.7066666666666668,0.4364630568559039,7.0,8.5,1.5
10917,True,15,2,86,0.25,-6,82,0.2,4,2,7,True,0,0.8000000000000002,0.3464101615137754,17.0,19.6,2.6000000000000014
10919,True,15,4,2,0.8,1,24,0.25,-10,0,1,True,0,0.4533333333333334,0.3855731664245668,1.8,-1.5,-3.3
10920,True,15,4,78,0.01,18,40,0.1,17,0,1,False,0,0.4799999999999999,0.4472135954999579,18.6,19.3,0.6999999999999993
10925,True,15,3,29,1.0,29,91,0.4,-8,1,2,False,0,0.2666666666666666,0.3055050463303893,29.0,31.599999999999998,2.599999999999998
10927,True,15,4,19,0.4,-26,37,0.2,-20,0,1,False,0,0.2666666666666666,0.3336665001664586,-7.999999999999999,-8.6,-0.6000000000000005
10928,True,15,4,13,1.0,13,28,0.5,-5,0,1,False,0,0.4266666666666667,0.4544227107000705,13.0,11.5,-1.5
10929,True,15,5,14,1.0,14,15,0.01,13,0,1,False,0,0.16,0.2780887148615228,14.0,13.02,-0.9800000000000004
10931,True,16,3,-9,1.0,-9,-6,0.25,-14,0,1,False,0,0.1,0.2190890230020664,-9.0,-12.0,-3.0
10934,True,16,4,76,0.25,-39,11,0.01,-13,0,1,False,0,0.3875,0.4287578959428425,-10.25,-12.76,-2.51
10935,True,16,3,29,1.0,29,76,0.5,-21,1,2,False,0,0.4375000000000001,0.4145278438577237,29.0,27.5,-1.5
10936,True,16,4,22,1.0,22,40,0.4,6,1,8,False,0,0.4375000000000001,0.4080441152620633,22.0,19.6,-2.3999999999999986
10939,True,16,4,13,0.4,-25,19,0.4,-33,1,8,False,0,0.45,0.4412104562073146,-9.8,-12.2,-2.3999999999999986
10941,True,16,5,47,0.05,25,58,0.01,24,1,6,True,1,0.7375,0.4047633053197057,26.1,24.339999999999996,-1.7600000000000051
10944,True,16,5,29,1.0,29,67,0.4,2,1,8,False,0,0.3125,0.3575378767813745,29.0,28.0,-1.0
10945,True,16,2,15,1.0,15,15,0.8,-1,0,1,False,0,0.0,0.0,15.0,11.8,-3.1999999999999993
10946,True,16,2,1,1.0,1,24,0.5,-24,2,4,True,0,0.5375,0.3630886025935451,1.0,0.0,-1.0
10947,True,16,5,0,1.0,0,40,0.4,-28,1,2,False,0,0.6624999999999999,0.307408522978788,0.0,-0.8000000000000007,-0.8000000000000007
10949,True,16,4,40,0.1,-6,2,0.75,0,0,1,False,0,0.7750000000000001,0.2816617356570347,-1.4000000000000004,1.5,2.9000000000000004
10950,True,16,2,26,1.0,26,32,0.75,7,0,1,False,0,0.3875,0.3612478373637689,26.0,25.75,-0.25
10951,True,16,3,57,0.6,-40,46,0.1,15,0,1,False,0,0.8125000000000001,0.2963668897386031,18.199999999999996,18.1,-0.09999999999999432
10955,True,16,5,54,0.4,4,40,0.4,12,3,5,False,0,0.4200000000000001,0.3651483716701107,24.0,23.2,-0.8000000000000007
10957,True,31,3,7,1.0,7,21,0.01,6,0,1,False,0,0.4322580645161291,0.3867704717910384,7.0,6.1499999999999995,-0.8500000000000005
10958,True,16,5,8,1.0,8,72,0.01,10,0,1,False,0,0.975,0.0683130051063973,8.0,10.620000000000001,2.620000000000001
10960,True,16,4,12,1.0,12,96,0.05,8,1,6,False,0,0.45,0.409878030638384,12.0,12.4,0.40000000000000036
10961,True,16,5,33,0.6,0,55,0.01,22,1,8,False,1,0.7375,0.3324154027718932,19.8,22.330000000000002,2.530000000000001
10963,True,15,4,-1,1.0,-1,69,0.2,-15,1,6,False,0,0.68,0.3764495792457281,-1.0,1.8000000000000007,2.8000000000000007
10965,True,15,2,45,0.2,-24,21,0.4,-26,0,1,False,0,0.4266666666666668,0.3453086955726647,-10.200000000000003,-7.199999999999999,3.0000000000000036
10967,True,15,3,17,1.0,17,24,0.05,14,0,1,False,0,0.2666666666666667,0.3598941643369749,17.0,14.5,-2.5
10969,True,15,4,2,1.0,2,7,0.8,-11,0,1,False,0,0.5733333333333331,0.3918211448145818,2.0,3.4000000000000012,1.4000000000000012
10970,True,15,2,38,0.4,0,15,1.0,15,1,4,False,0,0.5733333333333334,0.3283436063174123,15.200000000000001,15.0,-0.20000000000000107
10972,True,15,4,33,0.8,-22,22,1.0,22,0,1,False,0,0.5333333333333333,0.4186144947778269,22.000000000000004,22.0,-3.552713678800501e-15
10976,True,15,3,16,1.0,16,21,0.9,-19,0,1,False,0,0.6400000000000001,0.3541589635016618,16.0,17.000000000000004,1.0000000000000036
10978,True,15,5,-3,1.0,-3,43,0.4,-31,1,6,False,0,0.7466666666666666,0.3335237551331168,-3.0,-1.3999999999999986,1.6000000000000014
10981,True,16,4,25,1.0,25,33,0.9,-50,0,1,False,0,0.65,0.322490309931942,25.0,24.7,-0.3000000000000007
10982,True,16,5,26,0.25,1,12,0.6,0,0,1,False,-1,0.35,0.3687817782917155,7.25,7.199999999999999,-0.05000000000000071
10983,True,16,3,30,1.0,30,30,1.0,30,1,6,False,0,0.2,0.2529822128134703,30.0,30.0,0.0
10988,True,16,4,25,1.0,25,43,0.05,27,1,4,False,0,0.908653846153846,0.1548142616857432,25.0,27.799999999999997,2.799999999999997
10991,True,16,4,45,0.25,17,24,1.0,24,2,2,False,0,0.6125,0.3537890143385838,24.0,24.0,0.0
10997,True,17,4,30,1.0,30,31,0.99,0,2,3,False,0,0.5176470588235295,0.4304580323876636,30.0,30.69,0.6900000000000013
11004,True,17,4,14,0.75,2,14,0.6,4,0,1,False,1,0.4,0.4183300132670378,11.0,10.0,-1.0
11012,True,15,3,70,0.4,-35,64,0.4,-27,3,5,False,-1,0.7037037037037037,0.2139189493065726,7.0,9.400000000000002,2.400000000000002
11013,True,15,5,30,0.75,23,33,0.1,28,0,1,False,0,0.5333333333333333,0.2225394561056747,28.25,28.5,0.25
11014,True,15,2,29,0.8,-33,39,0.6,-21,2,6,False,0,0.6,0.3625307868699863,16.600000000000005,14.999999999999998,-1.6000000000000068
11016,True,15,3,28,0.5,-6,35,0.2,4,0,1,False,0,0.6266666666666667,0.2814926202195987,11.0,10.2,-0.8000000000000007
11017,True,15,2,8,1.0,8,40,0.2,2,0,1,False,0,0.4666666666666667,0.2690370836538197,8.0,9.6,1.5999999999999996
11018,True,15,3,10,1.0,10,77,0.1,6,1,4,False,0,0.4533333333333333,0.4103424818136094,10.0,13.100000000000001,3.1000000000000014
11020,True,15,2,43,0.05,10,14,0.05,11,1,6,False,0,0.4019047619047619,0.3381421831928424,11.65,11.149999999999999,-0.5000000000000018
11021,True,15,2,-6,0.75,-11,-9,0.99,-34,0,1,False,1,0.16,0.188224789622864,-7.25,-9.25,-2.0
11023,True,15,5,8,0.6,-14,0,0.99,-3,0,1,False,0,0.5066666666666667,0.3283436063174123,-0.8000000000000007,-0.030000000000000027,0.7700000000000007
11025,True,15,2,8,1.0,8,52,0.2,0,2,3,False,0,0.3733333333333333,0.4061433010064071,8.0,10.4,2.4000000000000004
11027,True,16,5,30,1.0,30,39,0.75,0,2,7,False,0,0.5375,0.4425306015783918,30.0,29.25,-0.75
11028,True,16,4,70,0.1,18,26,0.01,24,1,8,False,0,0.6124999999999999,0.3757215280851853,23.2,24.02,0.8200000000000003
11030,True,16,5,14,0.01,-1,34,0.01,-4,1,6,False,0,0.2375,0.3283798613394758,-0.85,-3.62,-2.77
11034,True,16,2,6,1.0,6,23,0.05,3,0,1,False,0,0.1625,0.2941088233970548,6.0,4.0,-2.0
11035,True,16,3,78,0.25,-26,0,1.0,0,0,1,False,0,0.65,0.3829708431025353,0.0,0.0,0.0
11036,True,16,2,1,1.0,1,33,0.25,-13,1,6,False,0,0.1875,0.2777888886666756,1.0,-1.5,-2.5
11038,True,16,2,12,1.0,12,116,0.1,2,1,8,False,0,0.3125000000000001,0.3792536530256937,12.0,13.400000000000002,1.4000000000000021
11041,True,16,2,35,0.01,4,50,0.05,5,0,1,False,0,0.7374999999999999,0.3774917217635375,4.31,7.25,2.9400000000000004
11042,True,16,5,24,1.0,24,88,0.1,20,1,2,False,0,0.3875000000000001,0.4470272176650246,24.0,26.8,2.8000000000000007
11043,True,15,2,-8,0.75,-9,57,0.05,-12,0,1,True,0,0.64,0.2947153590452029,-8.25,-8.549999999999999,-0.29999999999999893
11044,True,15,5,17,0.75,4,14,1.0,14,1,8,True,0,0.4400000000000001,0.322490309931942,13.75,14.0,0.25
11046,True,15,2,111,0.4,-47,77,0.4,-20,3,5,False,0,0.52,0.2908116719999879,16.200000000000006,18.8,2.5999999999999943
11051,True,15,4,49,0.6,2,87,0.25,10,1,8,False,0,0.5333333333333334,0.3518657752744984,30.2,29.25,-0.9499999999999993
11053,True,15,5,48,0.4,-19,19,0.01,8,0,1,False,0,0.7792592592592593,0.2727438043909105,7.8000000000000025,8.11,0.30999999999999694
11054,True,15,5,6,1.0,6,38,0.1,0,0,1,False,0,0.3200000000000001,0.3839642840533107,6.0,3.8000000000000003,-2.1999999999999997
11055,True,15,5,7,0.5,-19,10,0.6,-37,3,6,True,0,0.5422222222222222,0.3094969463312356,-6.0,-8.8,-2.8000000000000007
11059,True,16,3,-6,1.0,-6,-3,0.5,-8,0,1,False,0,0.775,0.3255764119219941,-6.0,-5.5,0.5
11060,True,16,4,14,1.0,14,30,0.01,14,0,1,False,0,0.925,0.161245154965971,14.0,14.16,0.16000000000000014
11061,True,16,2,-7,1.0,-7,17,0.01,-7,0,1,False,0,0.8624999999999999,0.2276693508870557,-7.0,-6.76,0.2400000000000002
11062,True,16,2,50,0.4,-2,37,0.25,12,0,1,False,0,0.6500000000000001,0.3687817782917155,18.8,18.25,-0.5500000000000007
11063,True,16,3,-4,1.0,-4,30,0.01,-5,0,1,False,0,0.6874999999999999,0.372155881318568,-4.0,-4.65,-0.6500000000000004
11067,True,16,3,27,0.8,23,24,0.9,19,0,1,False,0,0.2,0.2633122354417533,26.2,23.5,-2.6999999999999993
11070,True,16,5,76,0.25,15,76,0.25,14,0,1,False,0,0.3083333333333333,0.3336665001664586,30.25,29.5,-0.75
11072,True,16,3,13,1.0,13,85,0.4,-34,0,1,False,0,0.3375000000000001,0.2986078811194819,13.0,13.600000000000001,0.6000000000000014
11074,True,16,4,23,1.0,23,75,0.2,6,1,2,False,0,0.4,0.3864367132317184,23.0,19.8,-3.1999999999999993
11075,True,15,4,16,1.0,16,91,0.4,-33,0,1,False,0,0.28,0.3189267717114474,16.0,16.599999999999998,0.5999999999999979
11076,True,15,4,-5,1.0,-5,-6,0.99,-19,2,7,False,0,0.4533333333333333,0.358302877997027,-5.0,-6.13,-1.13
11079,True,15,5,-3,1.0,-3,14,0.4,-10,1,2,True,0,0.6545454545454545,0.3508128526937292,-3.0,-0.39999999999999947,2.6000000000000005
11081,True,15,2,13,1.0,13,44,0.01,11,1,8,False,0,0.5466666666666666,0.3739111175259754,13.0,11.33,-1.67
11084,True,15,3,-8,1.0,-8,-6,0.6,-13,1,6,False,0,0.4533333333333333,0.3814758308514571,-8.0,-8.8,-0.8000000000000007
11085,True,15,2,-10,1.0,-10,-2,0.75,-46,0,1,True,0,0.64,0.3397478056273085,-10.0,-13.0,-3.0
11086,True,15,3,23,1.0,23,44,0.75,-40,0,1,False,0,0.4888888888888889,0.2733294618386293,23.0,23.0,0.0
11087,True,15,5,108,0.1,14,23,1.0,23,0,1,False,0,0.64,0.3561701038227982,23.4,23.0,-0.3999999999999986
11091,True,16,3,4,1.0,4,71,0.01,1,0,1,False,0,0.4125,0.3964425136973414,4.0,1.7,-2.3
11092,True,16,2,5,1.0,5,8,0.95,-3,3,2,True,0,0.6,0.3577708763999663,5.0,7.449999999999999,2.4499999999999993
11093,True,16,4,15,1.0,15,24,0.8,-8,0,1,False,0,0.6875,0.3862210075418822,15.0,17.6,2.6000000000000014
11094,True,16,4,50,0.25,-19,3,0.9,-42,0,1,True,0,0.325,0.2620432534271139,-1.75,-1.4999999999999991,0.2500000000000009
11098,True,16,4,4,1.0,4,16,0.01,6,0,1,False,0,0.7375,0.3630886025935451,4.0,6.1,2.0999999999999996
11099,True,16,4,14,1.0,14,21,0.8,-2,0,1,False,0,0.6875,0.3575378767813745,14.0,16.400000000000002,2.400000000000002
11101,True,16,4,17,1.0,17,28,0.8,-24,0,1,False,0,0.64375,0.3405265530517897,17.0,17.6,0.6000000000000014
11102,True,16,3,5,0.4,0,2,0.75,-11,0,1,False,0,0.3777777777777778,0.3927742416939679,2.0,-1.25,-3.25
11103,True,16,4,81,0.05,-14,49,0.1,-18,0,1,False,0,0.425,0.3785938897200182,-9.25,-11.299999999999999,-2.049999999999999
11104,True,16,3,24,1.0,24,71,0.1,15,1,6,False,0,0.6000000000000001,0.4066120181860508,24.0,20.6,-3.3999999999999986
11108,True,20,4,25,0.9,8,32,0.4,13,0,1,False,0,0.4016666666666666,0.3393276806477792,23.3,20.6,-2.6999999999999993
11111,True,20,2,66,0.2,-9,52,0.1,-2,1,4,False,0,0.58,0.3548164833292068,6.000000000000001,3.4000000000000004,-2.6000000000000005
11112,True,20,4,7,0.4,2,53,0.2,-10,2,5,False,-1,0.36,0.3647638024515965,4.0,2.6000000000000014,-1.3999999999999986
11114,True,20,5,15,0.75,7,32,0.25,4,0,1,True,0,0.45,0.3546681176596094,13.0,11.0,-2.0
11117,True,20,3,96,0.25,-17,42,0.4,-4,1,8,False,1,0.6799999999999999,0.3396592719956745,11.25,14.4,3.1500000000000004
11119,True,20,3,9,1.0,9,65,0.25,-8,0,1,False,0,0.3,0.3276712087636501,9.0,10.25,1.25
11123,True,16,3,28,1.0,28,26,0.99,14,0,1,True,0,0.2,0.2732520204255893,28.0,25.88,-2.120000000000001
11130,True,16,5,36,0.8,-23,41,0.75,-34,1,2,False,-1,0.4875,0.3721558813185679,24.200000000000003,22.25,-1.9500000000000028
11133,True,16,2,-1,1.0,-1,2,0.99,1,0,1,True,0,0.9375,0.1408308678285174,-1.0,1.99,2.99
11134,True,16,5,15,0.9,12,60,0.05,12,0,1,False,0,0.5375000000000001,0.3981205847478877,14.7,14.399999999999999,-0.3000000000000007
11139,True,15,5,22,0.25,7,86,0.05,6,1,8,False,0,0.2666666666666667,0.3086066999241838,10.75,10.0,-0.75
11140,True,15,4,1,1.0,1,10,0.25,0,1,6,False,0,0.4,0.3380617018914066,1.0,2.5,1.5
11141,True,15,4,29,0.2,6,8,0.95,1,0,1,False,0,0.4799999999999999,0.3764495792457281,10.600000000000001,7.6499999999999995,-2.950000000000002
11143,True,15,4,89,0.4,-16,36,0.75,-17,1,6,False,0,0.6,0.3023715784073818,26.0,22.75,-3.25
11144,True,15,3,-5,1.0,-5,-7,0.2,-8,1,2,False,0,0.0666666666666666,0.1234426799696735,-5.0,-7.800000000000001,-2.8000000000000007
11147,True,15,4,19,1.0,19,34,0.25,13,0,1,True,0,0.56,0.3042555317022659,19.0,18.25,-0.75
11149,True,15,4,21,0.4,-2,11,0.25,4,0,1,False,0,0.5066666666666666,0.3195234546871921,7.2,5.75,-1.4500000000000002
11151,True,15,2,7,1.0,7,52,0.25,-10,0,1,False,0,0.3733333333333333,0.3614784456460256,7.0,5.5,-1.5
11152,True,15,2,-1,1.0,-1,44,0.25,-20,0,1,False,0,0.4933333333333334,0.3369329451445933,-1.0,-4.0,-3.0
11155,True,15,5,31,0.9,-21,79,0.01,27,0,1,False,0,0.5866666666666667,0.3888934240098375,25.800000000000004,27.52,1.7199999999999953
11158,True,15,3,4,0.99,-27,6,0.4,5,1,8,False,-1,0.8266666666666667,0.2711527420547495,3.6899999999999995,5.4,1.7100000000000009
11163,True,15,2,11,0.95,-42,68,0.2,-4,0,1,False,0,0.4800000000000002,0.3277629805645711,8.349999999999998,10.400000000000002,2.0500000000000043
11166,True,15,2,25,1.0,25,25,1.0,25,1,4,False,0,0.5866666666666667,0.4627042663464841,25.0,25.0,0.0
11167,True,15,4,7,0.5,-11,-2,1.0,-2,3,2,False,0,0.2666666666666666,0.2992052966172383,-2.0,-2.0,0.0
11168,True,15,4,87,0.1,24,40,0.2,27,1,4,False,0,0.3866666666666666,0.3739111175259753,30.300000000000004,29.6,-0.7000000000000028
11169,True,15,2,14,1.0,14,14,0.8,7,1,4,False,0,0.3155555555555556,0.3522865596440207,14.0,12.600000000000001,-1.3999999999999986
11170,True,15,3,8,1.0,8,15,0.8,-14,0,1,True,0,0.24,0.2292846016884444,8.0,9.200000000000001,1.200000000000001
11172,True,16,5,37,0.6,-20,14,1.0,14,0,1,False,0,0.625,0.3255764119219941,14.2,14.0,-0.1999999999999993
11173,True,16,5,20,1.0,20,68,0.1,17,2,6,False,0,0.65,0.3829708431025353,20.0,22.1,2.1000000000000014
11177,True,16,2,1,1.0,1,9,0.6,-9,0,1,False,0,0.5826923076923076,0.3705478645480292,1.0,1.7999999999999994,0.7999999999999994
11178,True,16,2,24,1.0,24,67,0.01,22,1,8,False,0,0.55,0.3898717737923586,24.0,22.450000000000003,-1.5499999999999972
11181,True,16,5,-2,1.0,-2,31,0.1,-5,0,1,False,0,0.5375,0.3324154027718933,-2.0,-1.4,0.6000000000000001
11184,True,16,5,6,1.0,6,88,0.2,-15,2,5,False,0,0.3875,0.3222318006239194,6.0,5.600000000000001,-0.3999999999999986
11187,True,16,4,-6,1.0,-6,5,0.5,-14,2,7,False,0,0.675,0.3855731664245668,-6.0,-4.5,1.5
11191,True,16,4,22,1.0,22,23,0.9,-14,1,8,False,0,0.45,0.4351245032554859,22.0,19.3,-2.6999999999999993
11192,True,16,4,26,0.4,-9,2,0.99,-2,1,2,False,-1,0.5625,0.3879432948254165,5.000000000000001,1.96,-3.040000000000001
11194,True,16,5,60,0.25,1,17,0.8,7,1,4,False,0,0.5569444444444445,0.3660010794020378,15.75,15.000000000000002,-0.7499999999999982
11198,True,16,4,20,1.0,20,29,0.6,5,1,2,False,0,0.6375000000000001,0.3879432948254165,20.0,19.4,-0.6000000000000014
11199,True,16,2,13,1.0,13,45,0.6,-29,0,1,True,0,0.425,0.3642343567906062,13.0,15.399999999999999,2.3999999999999986
11201,True,16,5,18,1.0,18,103,0.1,5,1,2,True,0,0.6125000000000002,0.4224926034855522,18.0,14.8,-3.1999999999999993
11202,True,16,4,1,0.95,-7,23,0.4,-16,0,1,False,0,0.475,0.3568379650952703,0.5999999999999996,-0.3999999999999986,-0.9999999999999982
11205,True,16,4,12,1.0,12,13,0.6,9,1,6,False,0,0.4125,0.4161329915623931,12.0,11.4,-0.5999999999999996
11212,True,16,3,20,1.0,20,38,0.5,2,0,1,False,0,0.5875000000000001,0.3222318006239194,20.0,20.0,0.0
11214,True,16,5,8,1.0,8,22,0.5,-4,0,1,False,0,0.6499999999999999,0.3540244812627134,8.0,9.0,1.0
11215,True,16,5,24,1.0,24,89,0.2,8,1,6,False,0,0.35,0.2780887148615228,24.0,24.200000000000003,0.20000000000000284
11216,True,16,3,25,1.0,25,82,0.2,12,0,1,False,0,0.35,0.3055050463303893,25.0,26.000000000000004,1.0000000000000036
11217,True,16,2,10,1.0,10,21,0.5,-7,3,2,False,0,0.425,0.3568379650952703,10.0,7.0,-3.0
11220,True,15,5,1,1.0,1,5,0.75,-23,2,3,False,0,0.6,0.3854496446637726,1.0,-2.0,-3.0
11222,True,15,5,84,0.2,11,45,0.5,12,0,1,False,0,0.6933333333333334,0.3104528182847635,25.6,28.5,2.8999999999999986
11224,True,15,3,37,0.25,-18,-1,0.9,-30,1,4,False,1,0.3866666666666666,0.3888934240098375,-4.25,-3.899999999999999,0.350000000000001
11225,True,15,2,87,0.05,0,11,0.25,1,0,1,False,0,0.7066666666666666,0.3195234546871921,4.3500000000000005,3.5,-0.8500000000000005
11226,True,15,2,-3,0.8,-4,0,0.75,-21,0,1,False,-1,0.5333333333333333,0.3598941643369749,-3.2,-5.25,-2.05
11228,True,15,2,27,0.6,-3,17,0.9,6,0,1,False,0,0.5733333333333334,0.4399134113934349,15.0,15.9,0.9000000000000004
11232,True,15,3,19,1.0,19,43,0.01,18,0,1,True,0,0.7866666666666666,0.3502380143083653,19.0,18.25,-0.75
11240,True,15,5,46,0.2,-14,7,0.2,-3,0,1,False,0,0.3466666666666667,0.3814758308514571,-2.0,-1.0000000000000002,0.9999999999999998
11243,True,15,3,3,1.0,3,25,0.6,-24,1,2,False,0,0.68,0.3447566429485338,3.0,5.399999999999999,2.3999999999999986
11244,True,15,3,22,1.0,22,110,0.2,-4,2,4,False,0,0.4666666666666667,0.3829708431025353,22.0,18.8,-3.1999999999999993
11245,True,15,2,50,0.2,1,10,0.95,-10,0,1,True,0,0.2,0.2618614682831908,10.8,9.0,-1.8000000000000007
11248,True,15,3,30,1.0,30,62,0.1,30,0,1,False,0,0.7200000000000001,0.4126568965687042,30.0,33.2,3.200000000000003
11249,True,15,4,21,0.95,19,60,0.2,15,0,1,True,0,0.4533333333333334,0.4373077809027587,20.9,24.0,3.1000000000000014
11250,True,15,5,25,1.0,25,35,0.75,-6,0,1,False,0,0.2,0.3295017884191657,25.0,24.75,-0.25
11251,True,16,4,3,1.0,3,22,0.25,-5,1,2,False,0,0.4375,0.3810074364978545,3.0,1.75,-1.25
11253,True,16,4,20,0.99,12,73,0.4,-12,0,1,False,0,0.3875,0.3827531841800928,19.92,22.000000000000004,2.080000000000002
11255,True,16,3,12,1.0,12,16,0.01,13,1,4,True,0,0.7625000000000001,0.3593976442141304,12.0,13.03,1.0299999999999994
11259,True,16,5,26,1.0,26,81,0.05,26,0,1,False,0,0.7625,0.2848976424378879,26.0,28.75,2.75
11265,True,16,4,3,1.0,3,6,0.6,6,1,8,False,0,0.8125,0.2872281323269015,3.0,6.0,3.0
11266,True,16,3,4,0.2,-9,29,0.1,-14,0,1,False,0,0.3039634146341463,0.2653868879157607,-6.4,-9.7,-3.299999999999999
11267,True,16,3,3,1.0,3,19,0.05,2,1,8,False,0,0.65,0.3898717737923586,3.0,2.85,-0.1499999999999999
11270,True,16,5,18,0.8,-17,53,0.1,9,1,4,False,0,0.6875,0.3792536530256938,11.0,13.4,2.4000000000000004
11272,True,16,5,44,0.4,9,27,0.9,16,1,4,False,1,0.5874999999999999,0.3537890143385838,23.0,25.9,2.8999999999999986
11274,True,16,5,34,0.6,21,71,0.5,-16,0,1,False,1,0.3250000000000001,0.3172801075810878,28.799999999999997,27.5,-1.2999999999999972
11277,True,16,5,-2,1.0,-2,5,0.4,-3,0,1,True,0,0.7625000000000002,0.3283798613394758,-2.0,0.20000000000000018,2.2
11281,True,16,4,25,1.0,25,35,0.01,28,0,1,False,0,0.9125,0.1927865832122834,25.0,28.07,3.0700000000000003
11283,True,16,3,15,1.0,15,62,0.01,16,0,1,False,0,0.725,0.3336665001664586,15.0,16.46,1.4600000000000009
11284,True,32,3,7,1.0,7,7,1.0,7,2,8,False,0,0.50625,0.4157678477537752,7.0,7.0,0.0
11285,True,16,4,12,1.0,12,12,0.8,-4,0,1,True,0,0.15,0.2250925735484551,12.0,8.8,-3.1999999999999993
11286,True,16,4,43,0.1,3,7,0.9,-19,1,2,False,-1,0.4375,0.4145278438577237,7.0,4.4,-2.5999999999999996
11290,True,16,2,27,1.0,27,61,0.1,24,0,1,False,0,0.6,0.3651483716701107,27.0,27.700000000000003,0.7000000000000028
11291,True,16,2,10,1.0,10,101,0.25,-16,2,5,False,0,0.4232142857142857,0.3327426739611706,10.0,13.25,3.25
11292,True,16,5,2,1.0,2,28,0.5,-19,0,1,True,0,0.475,0.3568379650952703,2.0,4.5,2.5
11294,True,32,4,9,0.8,-41,45,0.25,-12,1,4,False,0,0.5125000000000001,0.3799405726027131,-0.9999999999999973,2.25,3.2499999999999973
11297,True,32,4,20,1.0,20,39,0.2,11,1,4,False,0,0.55,0.4127015636572768,20.0,16.6,-3.3999999999999986
11303,True,17,3,14,0.8,-4,10,1.0,10,0,1,False,0,0.4941176470588234,0.4130232866245167,10.400000000000002,10.0,-0.40000000000000213
11305,True,17,5,20,1.0,20,56,0.5,-17,1,4,False,0,0.3790849673202614,0.2732374027949491,20.0,19.5,-0.5
11308,True,17,5,100,0.1,0,14,0.25,11,0,1,False,0,0.6705882352941177,0.3531372004659679,10.0,11.75,1.75
11309,True,17,4,19,0.6,-31,77,0.25,-30,2,6,True,0,0.6470588235294119,0.31248529377161,-1.0,-3.25,-2.25
11311,True,17,2,45,0.2,11,20,0.8,12,1,4,False,0,0.6588235294117648,0.32988411512494,17.8,18.4,0.5999999999999979
11313,True,17,2,7,1.0,7,38,0.2,0,0,1,True,0,0.5058823529411766,0.3472581680740104,7.0,7.6000000000000005,0.6000000000000005
11314,True,17,5,31,0.1,-5,-3,0.99,-8,3,4,False,0,0.4823529411764706,0.3244905509364777,-1.4,-3.05,-1.65
11316,True,16,4,-8,1.0,-8,22,0.5,-37,2,7,False,0,0.8250000000000001,0.2816617356570348,-8.0,-7.5,0.5
11318,True,16,3,45,0.5,9,37,0.8,-2,1,8,False,0,0.4375,0.3442382895611701,27.0,29.200000000000003,2.200000000000003
11320,True,16,4,12,1.0,12,28,0.6,-5,0,1,False,0,0.4375000000000001,0.3593976442141304,12.0,14.8,2.8000000000000007
11321,True,16,4,58,0.5,-34,96,0.4,-49,0,1,True,0,0.6,0.3425395354310701,12.0,9.000000000000007,-2.999999999999993
11322,True,16,4,-2,1.0,-2,48,0.01,-2,0,1,False,0,0.8374999999999999,0.3283798613394758,-2.0,-1.5,0.5
11326,True,16,4,20,0.4,2,14,0.9,-11,0,1,False,0,0.4125,0.3964425136973415,9.2,11.5,2.3000000000000007
11327,True,16,4,9,1.0,9,13,0.2,9,1,2,False,0,0.625,0.4494441010848846,9.0,9.8,0.8000000000000007
11329,True,16,4,5,0.9,-3,88,0.05,2,1,4,False,0,0.725,0.3855731664245668,4.2,6.300000000000001,2.1000000000000005
11330,True,16,4,22,0.6,-36,-1,1.0,-1,0,1,False,0,0.475,0.3415650255319866,-1.200000000000001,-1.0,0.20000000000000107
11331,True,16,3,10,1.0,10,8,0.01,7,0,1,False,0,0.075,0.161245154965971,10.0,7.01,-2.99
11332,True,16,5,16,1.0,16,21,0.95,-23,0,1,False,0,0.5791666666666667,0.3649200825751669,16.0,18.799999999999997,2.799999999999997
11333,True,16,2,22,1.0,22,22,0.6,15,1,4,False,0,0.2875,0.3422961680572347,22.0,19.2,-2.8000000000000007
11338,True,16,5,3,1.0,3,77,0.05,-1,0,1,False,0,0.1875,0.2963668897386031,3.0,2.9000000000000004,-0.09999999999999964
11341,True,16,3,7,1.0,7,9,0.5,5,0,1,False,0,0.7125,0.3930648801406709,7.0,7.0,0.0
11345,True,16,2,93,0.2,-18,17,0.6,-12,0,1,False,0,0.6375000000000001,0.4209117088733297,4.200000000000001,5.399999999999999,1.1999999999999975
11346,True,16,5,35,0.4,-3,46,0.01,11,1,8,False,0,0.6375,0.3879432948254165,12.2,11.350000000000001,-0.8499999999999979
11347,True,16,3,28,1.0,28,53,0.5,1,0,1,False,0,0.5875,0.3138470965295043,28.0,27.0,-1.0
11349,True,16,3,14,0.2,-10,9,0.6,-34,1,8,False,-1,0.6625000000000001,0.3480900266693469,-5.199999999999999,-8.200000000000003,-3.0000000000000036
11350,True,16,2,29,1.0,29,38,0.9,-42,1,8,False,0,0.5625,0.3593976442141304,29.0,30.000000000000004,1.0000000000000036
11353,True,16,3,-10,1.0,-10,-5,0.6,-20,0,1,True,0,0.6125,0.3222318006239194,-10.0,-11.0,-1.0
11354,True,16,5,84,0.4,-46,45,0.05,4,0,1,False,0,0.65,0.3464101615137754,6.0000000000000036,6.05,0.04999999999999627
11356,True,16,5,1,1.0,1,20,0.4,-11,3,5,True,0,0.7749999999999999,0.2620432534271139,1.0,1.4000000000000004,0.40000000000000036
11357,True,16,3,5,1.0,5,39,0.01,6,0,1,False,0,0.7625000000000001,0.3442382895611701,5.0,6.329999999999999,1.3299999999999992
11363,True,15,3,-7,0.1,-9,-7,0.95,-31,3,3,False,0,0.2,0.3380617018914066,-8.799999999999999,-8.200000000000001,0.5999999999999979
11364,True,15,2,29,1.0,29,38,0.75,2,0,1,False,0,0.4,0.3625307868699863,29.0,29.0,0.0
11365,True,15,5,26,1.0,26,38,0.8,-9,2,7,False,0,0.8,0.3295017884191656,26.0,28.6,2.6000000000000014
11366,True,15,5,26,1.0,26,54,0.6,-22,0,1,False,0,0.5066666666666666,0.3990464825532174,26.0,23.599999999999998,-2.400000000000002
11367,True,15,5,25,1.0,25,76,0.4,-11,0,1,False,0,0.4933333333333334,0.4772939595359697,25.0,23.800000000000004,-1.1999999999999957
11370,True,15,5,41,0.4,-37,40,0.2,-20,2,2,False,0,0.2666666666666666,0.3086066999241839,-5.799999999999997,-8.0,-2.200000000000003
11376,True,15,2,21,1.0,21,63,0.5,-20,0,1,True,0,0.3733333333333333,0.3918211448145819,21.0,21.5,0.5
11377,True,15,5,45,0.75,-15,67,0.5,-11,1,4,False,0,0.5066666666666667,0.3844600418893019,30.0,28.0,-2.0
11381,True,15,5,10,1.0,10,33,0.6,-23,3,6,False,0,0.5466666666666667,0.3661901665736508,10.0,10.6,0.5999999999999996
11383,True,15,3,27,0.5,-37,-5,1.0,-5,1,8,True,0,0.3866666666666668,0.3067494712224262,-5.0,-5.0,0.0
11385,True,15,5,12,0.95,3,12,1.0,12,0,1,False,0,0.7733333333333334,0.2914659173083208,11.549999999999999,12.0,0.45000000000000107
11386,True,15,4,27,0.6,17,23,1.0,23,0,1,False,0,0.6399999999999999,0.3042555317022659,23.0,23.0,0.0
11390,True,15,5,21,1.0,21,51,0.25,15,1,6,True,0,0.6,0.3464101615137754,21.0,24.0,3.0
11394,True,15,2,17,0.99,-31,48,0.2,6,1,2,False,0,0.4133333333333333,0.3739111175259754,16.52,14.400000000000002,-2.1199999999999974
11395,True,15,4,25,1.0,25,87,0.2,10,0,1,False,0,0.2666666666666666,0.2794552524023087,25.0,25.400000000000002,0.40000000000000213
11397,True,15,5,11,0.99,-20,26,0.01,8,1,6,True,0,0.5333333333333333,0.2992052966172383,10.690000000000001,8.18,-2.5100000000000016
11398,True,15,2,51,0.5,-17,15,0.95,3,0,1,True,0,0.4933333333333334,0.3369329451445933,17.0,14.4,-2.5999999999999996
11400,True,15,2,-2,0.5,-6,10,0.5,-13,1,2,True,0,0.5866666666666667,0.324844285041017,-4.0,-1.5,2.5
11401,True,15,3,46,0.05,-13,-8,0.8,-15,3,3,True,0,0.4933333333333333,0.3369329451445933,-10.049999999999999,-9.399999999999999,0.6500000000000004
11402,True,15,5,7,1.0,7,52,0.25,-5,0,1,False,0,0.3733333333333333,0.3692979181920098,7.0,9.25,2.25
11404,True,15,3,30,1.0,30,35,0.2,26,0,1,True,0,0.3466666666666666,0.3159264531651691,30.0,27.8,-2.1999999999999993
11405,True,15,3,22,0.25,2,48,0.01,9,1,8,False,0,0.6133333333333333,0.341983012666391,7.0,9.39,2.3900000000000006
11413,True,16,4,23,1.0,23,32,0.4,20,1,2,False,0,0.6625000000000001,0.3403429642777023,23.0,24.8,1.8000000000000007
11416,True,16,5,29,1.0,29,83,0.2,12,2,4,False,0,0.5125000000000001,0.3344149119482164,29.0,26.200000000000003,-2.799999999999997
11419,True,16,5,-4,0.9,-27,24,0.5,-32,0,1,True,0,0.8,0.1788854381999832,-6.299999999999999,-4.0,2.299999999999999
11421,True,16,5,10,1.0,10,77,0.2,-5,1,2,False,0,0.3625,0.3739429546512855,10.0,11.4,1.4000000000000004
11422,True,32,5,9,1.0,9,66,0.1,2,0,1,False,0,0.49375,0.4219291333250017,9.0,8.4,-0.5999999999999996
11423,True,30,2,32,0.75,-39,50,0.6,-45,1,6,False,0,0.4533333333333334,0.336035028278132,14.25,12.0,-2.25
11426,True,16,2,-1,1.0,-1,-1,1.0,-1,2,3,False,0,0.6499999999999999,0.3306559138036599,-1.0,-1.0,0.0
11428,True,15,2,14,0.99,3,70,0.01,16,0,1,False,0,0.9333333333333336,0.1234426799696735,13.889999999999999,16.54,2.6500000000000004
11429,True,15,4,91,0.1,-3,78,0.25,-15,0,1,False,0,0.4533333333333334,0.324844285041017,6.3999999999999995,8.25,1.8500000000000005
11431,True,15,5,-9,1.0,-9,-6,0.2,-12,2,6,False,0,0.5333333333333333,0.3677473252630061,-9.0,-10.8,-1.8000000000000007
11432,True,15,4,-3,1.0,-3,65,0.1,-9,0,1,False,0,0.4228571428571429,0.3643277286696018,-3.0,-1.5999999999999996,1.4000000000000004
11434,True,15,2,19,0.99,-4,21,0.2,16,0,1,False,0,0.5866666666666666,0.39617216074881,18.77,17.0,-1.7699999999999996
11436,True,15,5,29,0.4,12,72,0.4,-17,1,8,False,0,0.3066666666666667,0.3104528182847635,18.8,18.6,-0.1999999999999993
11437,True,15,5,24,1.0,24,55,0.25,12,2,6,False,0,0.6533333333333334,0.3583028779970269,24.0,22.75,-1.25
11438,True,15,3,2,1.0,2,6,0.6,-3,0,1,True,0,0.4666666666666666,0.3265986323710904,2.0,2.3999999999999995,0.39999999999999947
11440,True,15,4,115,0.25,-21,52,0.4,-10,0,1,False,-1,0.4800000000000001,0.3839642840533107,13.0,14.8,1.8000000000000007
11441,True,15,4,30,1.0,30,89,0.2,19,1,4,False,0,0.6133333333333333,0.3661901665736507,30.0,33.0,3.0
11443,True,16,5,11,0.8,-4,8,1.0,8,2,4,False,0,0.6625,0.3242941051987634,8.0,8.0,0.0
11444,True,16,2,24,1.0,24,92,0.01,25,1,8,True,0,0.825,0.3336665001664586,24.0,25.67,1.6700000000000017
11446,True,16,3,2,1.0,2,2,0.99,-18,0,1,False,0,0.225,0.3087609647175843,2.0,1.7999999999999998,-0.20000000000000018
11451,True,16,4,62,0.2,-22,-4,0.8,-22,0,1,False,0,0.5657608695652174,0.3884983936779651,-5.200000000000001,-7.599999999999999,-2.3999999999999977
11462,True,16,3,6,0.9,3,104,0.05,-3,0,1,False,0,0.2,0.3011090610836324,5.7,2.3500000000000005,-3.3499999999999996
11464,True,16,2,22,1.0,22,21,0.99,13,1,8,True,0,0.2375,0.2655183609470351,22.0,20.919999999999998,-1.0800000000000018
11465,True,16,4,23,1.0,23,65,0.5,-24,1,4,False,0,0.3750000000000001,0.3087609647175843,23.0,20.5,-2.5
11467,True,32,5,3,1.0,3,25,0.25,-1,0,1,False,0,0.50625,0.3627293490264625,3.0,5.5,2.5
11469,True,31,5,23,1.0,23,31,0.5,10,0,1,True,0,0.4064516129032258,0.3520752607714888,23.0,20.5,-2.5
11471,True,16,4,29,0.8,19,82,0.1,22,0,1,False,-1,0.4381944444444444,0.3457435180114207,27.0,28.0,1.0
11472,True,16,4,17,1.0,17,21,0.9,6,0,1,False,0,0.7625,0.311715682420161,17.0,19.500000000000004,2.5000000000000036
11473,True,33,5,8,1.0,8,14,0.01,6,0,1,True,0,0.4787878787878787,0.4060153751380418,8.0,6.079999999999999,-1.9200000000000008
11474,True,16,3,16,0.05,-9,106,0.2,-35,1,8,False,-1,0.4625000000000001,0.2895398648430529,-7.749999999999999,-6.799999999999997,0.950000000000002
11477,True,15,3,110,0.4,-28,57,0.1,27,1,6,True,1,0.72,0.352946778667023,27.2,30.0,2.8000000000000007
11478,True,15,3,13,0.8,3,18,0.01,9,2,4,False,0,0.5466666666666667,0.4501851470969101,11.0,9.09,-1.9100000000000001
11479,True,15,3,18,1.0,18,38,0.75,-45,0,1,False,0,0.3466666666666667,0.324844285041017,18.0,17.25,-0.75
11484,True,15,4,12,0.01,2,8,0.8,-20,0,1,False,0,0.4266666666666665,0.3990464825532174,2.1,2.4000000000000012,0.30000000000000115
11485,True,15,5,-10,1.0,-10,0,0.05,-12,0,1,False,0,0.32,0.405674042269688,-10.0,-11.399999999999999,-1.3999999999999986
11494,True,15,3,-5,1.0,-5,110,0.2,-35,0,1,False,0,0.5866666666666667,0.3583028779970269,-5.0,-6.0,-1.0
11497,True,15,3,19,0.4,-4,5,1.0,5,3,3,False,0,0.52,0.4195235392680606,5.200000000000001,5.0,-0.20000000000000107
11498,True,15,2,34,0.5,16,51,0.2,20,0,1,True,0,0.6742857142857143,0.3973380815129707,25.0,26.200000000000003,1.2000000000000028
11499,True,15,3,8,1.0,8,10,0.75,-4,0,1,False,0,0.16,0.2414243448488869,8.0,6.5,-1.5
11505,True,15,3,35,0.2,14,20,0.95,-25,2,7,False,0,0.58,0.4246006527146587,18.200000000000003,17.75,-0.45000000000000284
11507,True,16,3,17,1.0,17,56,0.4,-4,3,2,False,0,0.525,0.3991657967979388,17.0,20.000000000000004,3.0000000000000036
11510,True,16,2,5,0.2,1,40,0.5,-35,3,3,False,0,0.7124999999999999,0.3180670788790734,1.8,2.5,0.7
11512,True,16,2,8,1.0,8,42,0.6,-44,1,2,False,0,0.4000000000000001,0.3651483716701108,8.0,7.599999999999998,-0.40000000000000213
11515,True,16,5,16,1.0,16,16,1.0,16,3,5,False,0,0.6,0.3932768321000701,16.0,16.0,0.0
11518,True,16,2,30,1.0,30,29,0.9,19,1,6,False,0,0.2,0.3265986323710904,30.0,28.0,-2.0
11519,True,16,4,26,0.95,-10,28,0.95,-13,1,2,False,0,0.6375000000000002,0.4080441152620633,24.2,25.949999999999996,1.7499999999999964
11520,True,16,4,12,0.6,7,56,0.05,8,3,5,True,0,0.7875000000000001,0.2680174123696692,10.0,10.4,0.40000000000000036
11521,True,16,2,82,0.25,-1,23,0.75,13,0,1,False,0,0.5625000000000001,0.3739429546512854,19.75,20.5,0.75
11523,True,15,2,10,1.0,10,28,0.25,1,3,5,False,0,0.5549999999999999,0.2612128305752664,10.0,7.75,-2.25
11527,True,15,4,-10,1.0,-10,32,0.05,-14,1,2,True,0,0.8933333333333333,0.2491891612715892,-10.0,-11.7,-1.6999999999999993
11528,True,15,3,54,0.01,12,48,0.6,-33,0,1,False,0,0.32,0.3687817782917155,12.419999999999998,15.599999999999996,3.179999999999998
11529,True,15,2,10,0.95,9,75,0.5,-49,0,1,False,0,0.3200000000000001,0.3687817782917155,9.950000000000001,13.0,3.049999999999999
11533,True,15,4,30,1.0,30,81,0.1,28,0,1,False,0,0.72,0.3764495792457281,30.0,33.3,3.299999999999997
11536,True,15,4,102,0.25,-17,20,0.6,0,1,4,False,1,0.5044444444444445,0.3556497890998566,12.75,12.0,-0.75
11537,True,15,3,40,0.05,17,80,0.1,13,0,1,False,0,0.5066666666666667,0.4061433010064071,18.15,19.700000000000003,1.5500000000000043
11541,True,16,3,39,0.6,-36,20,0.8,-40,2,6,False,0,0.6375000000000001,0.3030401513551188,8.999999999999998,8.000000000000002,-0.9999999999999964
11544,True,16,4,-5,1.0,-5,48,0.1,-8,0,1,False,0,0.6374999999999998,0.3810074364978545,-5.0,-2.3999999999999995,2.6000000000000005
11546,True,16,2,-7,1.0,-7,81,0.25,-34,0,1,True,0,0.5527777777777777,0.2668980477658737,-7.0,-5.25,1.75
11547,True,16,2,10,1.0,10,19,0.8,-12,3,2,True,0,0.375,0.3785938897200182,10.0,12.8,2.8000000000000007
11548,True,16,5,30,1.0,30,85,0.4,-3,0,1,False,0,0.325,0.3172801075810879,30.0,32.2,2.200000000000003
11549,True,16,4,23,1.0,23,53,0.25,17,0,1,True,0,0.6125,0.3685557397915997,23.0,26.0,3.0
11550,True,16,3,56,0.25,19,28,1.0,28,2,3,False,0,0.7,0.3183289703016885,28.25,28.0,-0.25
11551,True,16,3,15,0.75,-25,6,0.99,5,3,3,False,0,0.55,0.3898717737923586,5.0,5.989999999999999,0.9899999999999993
11555,True,16,2,38,0.6,3,43,0.75,-37,1,2,False,0,0.4785714285714286,0.3890333388997788,24.0,23.0,-1.0
11557,True,16,2,87,0.1,0,9,1.0,9,0,1,False,0,0.625,0.3714835124201341,8.700000000000001,9.0,0.29999999999999893
11558,True,16,4,38,0.5,-26,9,0.1,3,0,1,False,0,0.6124999999999999,0.2963668897386031,6.0,3.6,-2.4
11559,True,16,5,1,1.0,1,9,0.8,-44,0,1,False,0,0.575,0.3336665001664586,1.0,-1.599999999999997,-2.599999999999997
11561,True,16,2,48,0.5,-32,76,0.2,-10,0,1,False,0,0.475,0.2720294101747089,8.0,7.200000000000001,-0.7999999999999989
11564,True,16,5,46,0.6,-19,111,0.4,-36,0,1,False,0,0.325,0.3172801075810878,19.999999999999996,22.800000000000008,2.8000000000000114
11565,True,16,2,-7,1.0,-7,15,0.4,-19,0,1,False,0,0.6125,0.3461695153148719,-7.0,-5.4,1.5999999999999996
11567,True,16,4,28,1.0,28,57,0.4,13,3,6,True,0,0.5249999999999999,0.3255764119219941,28.0,30.6,2.6000000000000014
11569,True,16,3,25,1.0,25,29,0.9,3,0,1,False,0,0.625,0.3415650255319866,25.0,26.400000000000002,1.4000000000000021
11571,True,15,2,22,1.0,22,24,0.8,6,1,8,False,0,0.56,0.4084815085865489,22.0,20.400000000000002,-1.5999999999999979
11573,True,15,2,17,0.8,12,17,0.75,5,1,6,True,0,0.3466666666666667,0.3661901665736508,16.0,14.0,-2.0
11574,True,15,2,9,1.0,9,11,0.95,-11,0,1,False,0,0.6,0.3703280399090206,9.0,9.899999999999999,0.8999999999999986
11575,True,15,4,16,1.0,16,45,0.2,8,1,2,False,0,0.3733333333333333,0.3195234546871921,16.0,15.4,-0.5999999999999996
11576,True,15,3,30,1.0,30,38,0.2,31,1,6,False,0,0.8666666666666667,0.1799470821684874,30.0,32.4,2.3999999999999986
11577,True,15,2,10,1.0,10,28,0.25,1,0,1,False,0,0.3866666666666666,0.3335237551331168,10.0,7.75,-2.25
11578,True,15,2,17,0.2,4,10,0.75,2,3,2,False,0,0.7200000000000001,0.3447566429485338,6.6000000000000005,8.0,1.3999999999999995
11579,True,15,4,-9,1.0,-9,43,0.4,-41,3,5,False,0,0.7200000000000001,0.352946778667023,-9.0,-7.399999999999999,1.6000000000000014
11580,True,15,2,-10,1.0,-10,0,0.75,-47,0,1,False,0,0.5866666666666667,0.3335237551331168,-10.0,-11.75,-1.75
11583,True,15,5,2,1.0,2,5,0.2,4,1,8,False,0,0.92,0.1264911064067351,2.0,4.2,2.2
11584,True,15,2,-10,1.0,-10,13,0.1,-15,2,6,False,0,0.6400000000000001,0.3641035959331198,-10.0,-12.2,-2.1999999999999993
11586,True,15,4,-1,1.0,-1,70,0.01,-5,2,2,False,0,0.2,0.2618614682831909,-1.0,-4.25,-3.25
11588,True,15,3,24,1.0,24,29,0.25,23,1,6,False,0,0.6133333333333334,0.4501851470969102,24.0,24.5,0.5
11589,True,15,3,52,0.05,15,30,0.4,12,0,1,True,0,0.3600000000000001,0.2414243448488869,16.85,19.2,2.349999999999998
11592,True,15,4,23,1.0,23,37,0.8,-42,0,1,False,0,0.4266666666666668,0.3534860406754147,23.0,21.200000000000003,-1.7999999999999972
11594,True,15,4,8,1.0,8,6,0.99,1,0,1,False,0,0.1333333333333333,0.3177300441449957,8.0,5.949999999999999,-2.0500000000000007
11595,True,15,5,11,1.0,11,17,0.1,9,1,6,True,0,0.5733333333333335,0.3283436063174122,11.0,9.8,-1.1999999999999993
11596,True,15,5,25,1.0,25,73,0.1,22,0,1,False,0,0.44,0.4355620342893601,25.0,27.1,2.1000000000000014
11599,True,15,3,27,1.0,27,35,0.75,15,0,1,False,0,0.4933333333333334,0.3453086955726647,27.0,30.0,3.0
11600,True,15,2,44,0.1,10,13,0.1,11,0,1,False,0,0.3725490196078431,0.4056854148126705,13.4,11.200000000000001,-2.1999999999999993
11601,True,15,2,-10,1.0,-10,3,0.4,-18,0,1,False,0,0.6133333333333334,0.3159264531651691,-10.0,-9.599999999999998,0.40000000000000213
11603,True,16,4,26,1.0,26,101,0.25,5,0,1,False,0,0.5750000000000001,0.3785938897200182,26.0,29.0,3.0
11604,True,16,2,0,0.25,-1,8,0.8,-30,1,2,False,0,0.8,0.2921186973360886,-0.75,0.40000000000000213,1.1500000000000021
11605,True,16,2,6,1.0,6,9,0.2,6,0,1,False,0,0.8125,0.3383784863137726,6.0,6.6000000000000005,0.6000000000000005
11606,True,16,4,30,1.0,30,44,0.05,30,2,6,False,0,0.7999999999999999,0.3346640106136302,30.0,30.7,0.6999999999999993
11608,True,16,4,72,0.05,20,67,0.6,-37,0,1,True,0,0.325,0.3087609647175843,22.6,25.399999999999995,2.7999999999999936
11613,True,16,4,16,1.0,16,28,0.4,11,0,1,True,0,0.6375,0.3593976442141304,16.0,17.8,1.8000000000000007
11618,True,16,2,-9,1.0,-9,-6,0.6,-14,0,1,False,0,0.525,0.3714835124201341,-9.0,-9.2,-0.1999999999999993
11619,True,16,3,75,0.05,14,95,0.1,8,0,1,False,0,0.1388888888888889,0.2281433380926329,17.049999999999997,16.7,-0.34999999999999787
11620,True,16,3,13,1.0,13,47,0.2,8,1,4,False,0,0.4625,0.3913651321549567,13.0,15.8,2.8000000000000007
11621,True,16,2,3,1.0,3,9,0.8,-8,1,8,False,0,0.6125,0.3537890143385838,3.0,5.6000000000000005,2.6000000000000005
11622,True,16,4,32,0.2,4,10,1.0,10,1,2,False,0,0.6875,0.3721558813185679,9.600000000000001,10.0,0.3999999999999986
11624,True,16,5,37,0.4,-1,92,0.4,-37,0,1,False,0,0.275,0.3415650255319866,14.200000000000001,14.600000000000005,0.4000000000000039
11625,True,16,4,10,0.5,-20,10,0.5,-18,0,1,False,0,0.7375,0.2986078811194819,-5.0,-4.0,1.0
11627,True,16,2,-7,1.0,-7,62,0.01,-7,0,1,False,0,0.9125,0.1454876856186346,-7.0,-6.31,0.6900000000000004
11628,True,16,5,15,0.6,-33,-2,0.95,-5,0,1,False,0,0.25,0.2780887148615228,-4.200000000000001,-2.1500000000000004,2.0500000000000007
11630,True,16,2,5,1.0,5,42,0.01,8,0,1,False,0,0.8249999999999998,0.2816617356570347,5.0,8.34,3.34
11633,True,16,3,22,0.2,16,17,1.0,17,1,4,False,0,0.4125,0.4096746676734276,17.200000000000003,17.0,-0.20000000000000284
11635,True,16,5,31,0.95,18,29,0.8,19,0,1,True,-1,0.0625,0.1586400537905439,30.35,27.0,-3.3500000000000014
11636,True,16,5,15,0.1,-2,36,0.5,-35,0,1,False,0,0.7374999999999999,0.3324154027718932,-0.30000000000000004,0.5,0.8
11637,True,16,4,32,0.9,-11,39,0.4,25,1,6,True,0,0.7999999999999999,0.2732520204255893,27.700000000000003,30.6,2.8999999999999986
11638,True,16,4,19,1.0,19,18,0.95,-28,1,2,True,0,0.0875,0.1927865832122834,19.0,15.699999999999996,-3.3000000000000043
11639,True,16,2,23,1.0,23,24,0.05,22,0,1,False,0,0.2,0.3265986323710904,23.0,22.099999999999998,-0.9000000000000021
11643,True,16,2,3,0.6,-27,-8,0.95,-13,0,1,False,0,0.3125,0.4129164564412515,-9.0,-8.25,0.75
11644,True,16,3,12,1.0,12,59,0.4,-18,0,1,True,0,0.4125000000000001,0.3827531841800928,12.0,12.800000000000002,0.8000000000000025
11648,True,16,4,-7,1.0,-7,12,0.2,-13,2,2,False,0,0.6125,0.4224926034855522,-7.0,-8.0,-1.0
11650,True,16,5,11,1.0,11,26,0.2,5,1,2,False,0,0.3625,0.4272001872658766,11.0,9.2,-1.8000000000000007
11651,True,16,3,19,0.99,6,33,0.8,-23,0,1,False,0,0.4125,0.3685557397915997,18.869999999999997,21.800000000000004,2.930000000000007
11652,True,16,4,88,0.2,13,96,0.1,23,0,1,False,1,0.7250000000000001,0.3991657967979388,28.0,30.3,2.3000000000000007
11653,True,16,4,26,1.0,26,32,0.8,15,0,1,True,0,0.325,0.3336665001664586,26.0,28.6,2.6000000000000014
11654,True,16,2,1,1.0,1,32,0.4,-16,0,1,False,0,0.5375,0.4177319714841085,1.0,3.200000000000001,2.200000000000001
11657,True,32,3,20,1.0,20,34,0.2,18,1,2,False,0,0.5874999999999999,0.4426824391541683,20.0,21.200000000000003,1.2000000000000028
11660,True,16,4,-7,1.0,-7,26,0.1,-12,2,4,False,0,0.3875,0.3757215280851852,-7.0,-8.200000000000001,-1.200000000000001
11663,True,16,4,12,1.0,12,19,0.75,-6,1,4,False,0,0.4375,0.4014556845614054,12.0,12.75,0.75
11666,True,16,5,-1,1.0,-1,114,0.05,-6,3,5,False,0,0.3875000000000001,0.3964425136973413,-1.0,8.881784197001252e-16,1.0000000000000009
11672,True,15,3,44,0.5,16,58,0.25,18,1,6,False,0,0.4222222222222223,0.3851750100406156,30.0,28.0,-2.0
11673,True,15,4,10,1.0,10,10,1.0,10,1,8,False,0,0.5866666666666667,0.4373077809027587,10.0,10.0,0.0
11674,True,15,4,7,1.0,7,79,0.2,-11,3,3,False,0,0.4133333333333333,0.39617216074881,7.0,7.0,0.0
11676,True,15,2,32,0.05,-12,36,0.2,-17,0,1,True,0,0.6933333333333332,0.3453086955726647,-9.799999999999999,-6.400000000000001,3.3999999999999977
11677,True,15,5,21,0.9,-15,64,0.5,-32,0,1,False,0,0.3466666666666667,0.3067494712224262,17.400000000000002,16.0,-1.4000000000000021
11678,True,15,3,28,1.0,28,28,0.99,4,0,1,False,0,0.2,0.3207134902949092,28.0,27.759999999999998,-0.240000000000002
11679,True,15,2,23,1.0,23,31,0.75,-4,0,1,False,0,0.5733333333333334,0.3692979181920098,23.0,22.25,-0.75
11680,True,15,4,14,1.0,14,46,0.25,3,3,3,False,0,0.3333333333333333,0.3829708431025353,14.0,13.75,-0.25
11683,True,16,3,53,0.5,-5,27,0.8,10,0,1,False,-1,0.5875,0.2963668897386031,24.0,23.6,-0.3999999999999986
11689,True,16,4,104,0.4,-46,21,0.4,13,0,1,False,0,0.6053571428571429,0.3668166050885749,14.000000000000004,16.2,2.1999999999999957
11691,True,16,2,33,0.5,-39,5,0.6,-18,2,8,False,0,0.6125,0.2872281323269014,-3.0,-4.2,-1.2000000000000002
11693,True,16,2,27,0.6,-20,11,0.95,6,0,1,False,0,0.6125,0.3383784863137726,8.2,10.75,2.5500000000000007
11694,True,16,4,24,1.0,24,63,0.2,15,0,1,False,0,0.575,0.3924283374069717,24.0,24.6,0.6000000000000014
11696,True,31,2,64,0.25,-3,13,0.95,-7,1,6,False,0,0.5,0.3,13.75,12.0,-1.75
11698,True,16,3,10,0.01,-9,-9,1.0,-9,1,6,True,0,0.2625,0.2604483314082341,-8.81,-9.0,-0.1899999999999995
11699,True,15,3,15,1.0,15,16,0.95,0,2,4,False,0,0.6266666666666667,0.376955220278534,15.0,15.2,0.1999999999999993
11700,True,15,5,-10,1.0,-10,2,0.75,-44,1,4,True,0,0.7333333333333335,0.3436498771936898,-10.0,-9.5,0.5
11701,True,15,2,19,0.75,16,18,1.0,18,0,1,False,0,0.2133333333333332,0.3583028779970269,18.25,18.0,-0.25
11703,True,15,4,-3,1.0,-3,33,0.1,-7,0,1,False,0,0.6,0.3779644730092272,-3.0,-2.9999999999999996,4.440892098500626e-16
11704,True,15,2,54,0.5,-12,21,0.1,19,2,2,False,1,0.7777777777777778,0.2088010622527664,21.0,19.200000000000003,-1.7999999999999972
11708,True,15,5,72,0.2,4,35,0.75,-35,0,1,False,1,0.2933333333333333,0.384460041889302,17.6,17.5,-0.10000000000000142
11711,True,15,2,36,0.5,0,27,0.75,-13,2,2,False,0,0.4,0.4342481186734476,18.0,17.0,-1.0
11712,True,15,2,16,0.99,4,84,0.4,-27,3,5,False,0,0.2666666666666666,0.3754362541795624,15.879999999999999,17.400000000000002,1.5200000000000031
11716,True,16,3,32,0.6,10,47,0.05,21,1,2,True,-1,0.7118303571428571,0.3011110908462394,23.2,22.3,-0.8999999999999986
11718,True,16,5,65,0.2,20,38,0.8,8,0,1,False,0,0.375,0.3492849839314596,29.0,32.0,3.0
11721,True,16,5,-10,1.0,-10,94,0.2,-38,0,1,False,0,0.625,0.3336665001664586,-10.0,-11.600000000000001,-1.6000000000000014
11722,True,16,3,12,0.9,8,91,0.05,9,2,7,False,0,0.6774739583333333,0.349176626374461,11.600000000000001,13.099999999999998,1.4999999999999964
11723,True,16,3,8,0.95,0,37,0.5,-23,0,1,True,0,0.2625,0.3630886025935451,7.6,7.0,-0.5999999999999996
11724,True,16,5,83,0.2,-13,20,0.8,-39,3,5,False,0,0.525,0.3568379650952703,6.200000000000001,8.200000000000003,2.0000000000000018
11726,True,16,4,12,1.0,12,11,0.95,-34,0,1,False,0,0.125,0.1914854215512677,12.0,8.749999999999998,-3.2500000000000018
11727,True,16,5,12,1.0,12,72,0.01,9,1,6,True,0,0.6499999999999999,0.3141125063837265,12.0,9.63,-2.369999999999999
11729,True,16,3,21,0.2,17,23,0.9,-23,1,6,False,1,0.3875,0.3757215280851853,17.8,18.4,0.5999999999999979
11730,True,16,4,28,1.0,28,28,1.0,28,3,3,False,0,0.6749999999999999,0.3415650255319866,28.0,28.0,0.0
11731,True,16,2,91,0.05,14,26,0.1,14,0,1,False,0,0.125,0.2816617356570348,17.849999999999998,15.2,-2.6499999999999986
11732,True,16,3,17,1.0,17,17,0.6,10,0,1,True,0,0.275,0.3087609647175842,17.0,14.2,-2.8000000000000007
11733,True,16,2,8,0.75,0,6,1.0,6,1,8,False,0,0.3125000000000001,0.3344149119482164,6.0,6.0,0.0
11736,True,16,2,7,1.0,7,69,0.05,6,0,1,False,0,0.7,0.3723797345005051,7.0,9.149999999999999,2.1499999999999986
11737,True,32,5,7,1.0,7,43,0.4,-15,1,4,True,0,0.5875,0.4125061094366733,7.0,8.2,1.1999999999999993
11739,True,16,5,1,1.0,1,21,0.05,-1,1,8,False,0,0.225,0.3172801075810878,1.0,0.10000000000000009,-0.8999999999999999
11744,True,16,4,90,0.1,-10,47,0.01,1,1,6,False,0,0.7500000000000001,0.3540244812627134,0.0,1.46,1.46
11748,True,15,3,22,1.0,22,25,0.2,22,0,1,False,0,0.8400000000000001,0.274642624930238,22.0,22.6,0.6000000000000014
11749,True,15,2,7,1.0,7,45,0.4,-18,0,1,False,0,0.4266666666666667,0.3011090610836324,7.0,7.200000000000001,0.20000000000000107
11752,True,15,5,27,1.0,27,65,0.4,0,0,1,True,0,0.5333333333333334,0.3177300441449957,27.0,26.0,-1.0
11753,True,15,4,77,0.4,-16,40,0.6,-8,3,3,False,1,0.6625641025641025,0.2598176528567333,21.200000000000003,20.8,-0.40000000000000213
11755,True,15,3,1,0.75,-15,40,0.5,-42,2,4,False,0,0.7200000000000001,0.2704493615131253,-3.0,-1.0,2.0
11756,True,15,2,1,1.0,1,2,0.99,-3,0,1,False,0,0.7066666666666668,0.3104528182847635,1.0,1.95,0.95
11760,True,15,4,30,1.0,30,81,0.5,-22,1,6,False,0,0.4933333333333334,0.3195234546871921,30.0,29.5,-0.5
11761,True,15,4,14,0.4,-18,20,0.4,-25,2,2,False,0,0.4799999999999999,0.3764495792457281,-5.199999999999998,-7.0,-1.8000000000000016
11763,True,16,2,-2,1.0,-2,7,0.8,-39,1,8,False,0,0.7480769230769231,0.3052660752947144,-2.0,-2.1999999999999975,-0.1999999999999975
11765,True,16,3,26,0.75,-19,88,0.01,14,2,7,False,0,0.6000000000000001,0.3346640106136301,14.75,14.74,-0.009999999999999787
11766,True,16,5,20,0.4,18,24,0.01,22,0,1,False,0,0.875,0.1914854215512677,18.799999999999997,22.02,3.2200000000000024
11767,True,16,4,-3,1.0,-3,-4,0.5,-6,2,4,False,0,0.1625,0.3364025366531392,-3.0,-5.0,-2.0
11771,True,16,5,65,0.1,8,14,1.0,14,1,4,True,0,0.575,0.3924283374069717,13.7,14.0,0.3000000000000007
11775,True,16,4,29,0.99,-19,32,0.1,29,1,2,False,-1,0.925,0.1770122406313567,28.52,29.3,0.7800000000000011
11776,True,16,3,58,0.01,9,97,0.2,-12,0,1,False,0,0.3,0.3011090610836324,9.49,9.8,0.3100000000000005
11780,True,16,2,24,0.5,-26,27,0.2,-7,1,6,False,0,0.6874999999999999,0.2629955639676583,-1.0,-0.20000000000000018,0.7999999999999998
11781,True,16,2,32,0.75,12,27,1.0,27,1,4,False,0,0.3125000000000001,0.3263433774416144,27.0,27.0,0.0
11786,True,16,5,25,0.5,-15,7,0.01,2,0,1,False,-1,0.5625000000000001,0.3201562118716424,5.0,2.05,-2.95
11789,True,16,2,59,0.5,-13,25,0.01,20,1,8,False,0,0.7625000000000001,0.2848976424378879,23.0,20.05,-2.9499999999999993
11791,True,16,2,30,0.5,12,26,0.9,-37,1,6,True,0,0.2125,0.3304037933599835,21.0,19.700000000000003,-1.2999999999999972
11792,True,16,4,33,0.5,-35,10,0.2,-2,0,1,False,0,0.525,0.3336665001664586,-1.0,0.3999999999999999,1.4
11793,True,16,2,14,1.0,14,14,0.95,-8,0,1,False,0,0.1875,0.2872281323269014,14.0,12.899999999999999,-1.1000000000000014
11794,True,16,3,-5,1.0,-5,41,0.25,-16,0,1,False,0,0.6375,0.3593976442141304,-5.0,-1.75,3.25
11795,True,15,2,6,1.0,6,25,0.4,-7,2,4,False,0,0.5866666666666666,0.324844285041017,6.0,5.8,-0.20000000000000018
11798,True,15,5,-5,1.0,-5,40,0.1,-8,3,6,False,0,0.5866666666666667,0.4564876256602718,-5.0,-3.2,1.7999999999999998
11799,True,15,4,25,0.9,-22,24,0.99,-11,1,2,False,0,0.5333333333333333,0.4577377082170634,20.3,23.65,3.349999999999998
11802,True,15,5,30,1.0,30,39,0.2,27,0,1,False,0,0.2266666666666666,0.3195234546871921,30.0,29.400000000000002,-0.5999999999999979
11804,True,15,4,65,0.01,10,14,0.9,13,0,1,False,0,0.64,0.4355620342893601,10.55,13.899999999999999,3.349999999999998
11807,True,15,3,21,0.6,4,42,0.1,11,1,8,False,-1,0.36,0.4084815085865489,14.2,14.100000000000001,-0.09999999999999787
11809,True,15,4,54,0.1,12,16,1.0,16,1,4,False,0,0.6,0.4276179870598789,16.200000000000003,16.0,-0.20000000000000284
11810,True,15,2,13,1.0,13,80,0.05,8,0,1,False,0,0.4755555555555555,0.4658950536957879,13.0,11.6,-1.4000000000000004
11812,True,17,5,23,1.0,23,96,0.2,6,1,6,False,0,0.3411764705882353,0.4108814055317722,23.0,24.000000000000004,1.0000000000000036
11815,True,17,3,19,1.0,19,41,0.05,18,2,4,False,0,0.6000000000000001,0.4301162633521313,19.0,19.15,0.14999999999999858
11818,True,17,5,15,1.0,15,15,0.99,0,2,3,False,0,0.3647058823529412,0.431481715242066,15.0,14.85,-0.15000000000000036
11819,True,17,2,17,1.0,17,17,1.0,17,1,8,False,0,0.4470588235294117,0.3907007279536722,17.0,17.0,0.0
11820,True,17,4,26,1.0,26,25,0.1,24,0,1,False,0,0.0705882352941176,0.1992633492465214,26.0,24.1,-1.8999999999999986
11822,True,17,5,27,0.05,3,4,0.4,2,0,1,True,-1,0.1663865546218487,0.2776055221539589,4.199999999999999,2.8,-1.3999999999999995
11823,True,17,2,24,0.99,-8,97,0.2,7,1,6,False,0,0.4588235294117648,0.4169214907051023,23.68,25.000000000000004,1.3200000000000038
11824,True,17,3,16,0.8,-34,50,0.25,-11,0,1,False,0,0.3176470588235294,0.3468344239648925,6.000000000000002,4.25,-1.7500000000000018
11825,True,17,5,3,1.0,3,42,0.01,4,0,1,False,0,0.9058823529411764,0.1748949264390412,3.0,4.38,1.38
11826,True,17,5,13,0.8,-5,9,1.0,9,1,6,False,0,0.4823529411764706,0.3876778529230924,9.4,9.0,-0.40000000000000036
11828,True,16,5,-2,1.0,-2,8,0.01,0,0,1,False,0,0.8329545454545455,0.2460234708505804,-2.0,0.08,2.08
11829,True,33,5,0,1.0,0,10,0.6,-16,0,1,False,0,0.6121212121212122,0.3120071871744061,0.0,-0.40000000000000036,-0.40000000000000036
11831,True,16,3,17,1.0,17,17,1.0,17,2,2,False,0,0.3097222222222223,0.2797375313034579,17.0,17.0,0.0
11832,True,16,4,15,0.1,1,3,0.95,-32,0,1,False,0,0.4625,0.3981205847478877,2.4,1.2499999999999982,-1.1500000000000017
11833,True,16,5,25,0.6,-5,13,1.0,13,2,7,False,0,0.525,0.3568379650952703,13.0,13.0,0.0
11834,True,16,4,27,1.0,27,96,0.2,12,0,1,False,0,0.35,0.4098780306383839,27.0,28.800000000000004,1.8000000000000043
11836,True,16,3,85,0.1,-2,97,0.2,-13,0,1,False,-1,0.35,0.3898717737923586,6.7,9.000000000000002,2.3000000000000016
11837,True,16,5,18,1.0,18,23,0.6,5,0,1,False,0,0.4515625,0.3695119247060912,18.0,15.799999999999999,-2.200000000000001
11839,True,16,3,3,0.25,-13,76,0.01,-10,2,4,False,1,0.5625,0.3283798613394758,-9.0,-9.14,-0.14000000000000057
11840,True,16,2,1,1.0,1,45,0.2,-10,0,1,False,0,0.275,0.2816617356570348,1.0,1.0,0.0
11846,True,16,3,83,0.1,19,39,0.25,19,2,2,True,0,0.575,0.3415650255319866,25.400000000000002,24.0,-1.4000000000000021
11847,True,16,3,15,1.0,15,31,0.01,16,1,8,False,0,0.85,0.2875181153713043,15.0,16.15,1.1499999999999986
11848,True,16,3,24,1.0,24,59,0.1,21,1,8,False,0,0.5375,0.3981205847478877,24.0,24.800000000000004,0.8000000000000043
11850,True,16,3,12,1.0,12,12,0.9,-6,0,1,False,0,0.1875,0.3222318006239194,12.0,10.200000000000001,-1.799999999999999
11854,True,16,5,52,0.01,25,58,0.25,13,3,5,False,0,0.425,0.3087609647175843,25.27,24.25,-1.0199999999999996
11856,True,16,3,26,1.0,26,29,0.2,21,3,4,False,0,0.3625,0.3739429546512855,26.0,22.6,-3.3999999999999986
11857,True,16,2,-5,1.0,-5,16,0.1,-6,1,4,False,0,0.6749999999999999,0.3785938897200182,-5.0,-3.8000000000000003,1.1999999999999997
11860,True,15,3,35,0.1,-13,40,0.1,-13,0,1,False,0,0.6666666666666666,0.3265986323710904,-8.200000000000001,-7.700000000000001,0.5
11862,True,15,3,18,1.0,18,99,0.05,15,3,5,False,0,0.7066666666666668,0.3453086955726647,18.0,19.2,1.1999999999999993
11863,True,15,5,9,1.0,9,29,0.5,-10,1,4,False,0,0.6933333333333334,0.3614784456460256,9.0,9.5,0.5
11864,True,15,2,20,1.0,20,22,0.9,-11,0,1,False,0,0.4933333333333333,0.4267261863247181,20.0,18.700000000000003,-1.2999999999999972
11865,True,15,3,18,1.0,18,31,0.75,-11,0,1,False,0,0.5733333333333331,0.4199773236508757,18.0,20.5,2.5
11866,True,15,4,27,1.0,27,67,0.25,13,0,1,True,0,0.5599999999999999,0.3480558247506528,27.0,26.5,-0.5
11867,True,15,5,22,0.1,10,21,0.2,8,1,2,True,0,0.5481481481481482,0.3948224584070053,11.2,10.600000000000001,-0.5999999999999979
11870,True,15,4,9,1.0,9,9,1.0,9,1,6,False,0,0.6266666666666667,0.4061433010064071,9.0,9.0,0.0
11873,True,15,4,25,0.05,9,17,0.5,4,0,1,False,1,0.5333333333333333,0.3976119189552021,9.799999999999999,10.5,0.7000000000000011
11876,True,16,2,45,0.25,6,29,0.8,-33,0,1,False,0,0.45,0.3829708431025353,15.75,16.600000000000005,0.850000000000005
11877,True,16,5,13,1.0,13,49,0.01,10,3,2,True,0,0.6749999999999999,0.405791407827552,13.0,10.39,-2.6099999999999994
11879,True,16,3,21,0.75,20,62,0.4,-5,0,1,False,0,0.4875,0.3575378767813745,20.75,21.8,1.0500000000000007
11881,True,16,4,58,0.2,-25,3,0.75,-29,1,8,False,1,0.5375000000000001,0.4047633053197057,-8.399999999999999,-5.0,3.3999999999999986
11882,True,16,4,5,1.0,5,8,0.8,-9,0,1,True,0,0.3124999999999999,0.3263433774416144,5.0,4.6000000000000005,-0.39999999999999947
11883,True,16,5,75,0.2,-29,4,0.1,-6,0,1,False,-1,0.475,0.3568379650952703,-8.200000000000003,-5.0,3.200000000000003
11887,True,16,3,-4,1.0,-4,14,0.6,-24,0,1,False,0,0.6749999999999999,0.3785938897200182,-4.0,-1.200000000000001,2.799999999999999
11888,True,16,4,20,1.0,20,23,0.5,20,1,8,False,0,0.6874999999999999,0.3721558813185679,20.0,21.5,1.5
11895,True,17,4,23,1.0,23,28,0.75,19,1,6,False,0,0.7176470588235294,0.3468344239648925,23.0,25.75,2.75
11900,True,17,4,9,1.0,9,8,0.6,6,0,1,True,0,0.1411764705882353,0.1970368732287556,9.0,7.2,-1.7999999999999998
11902,True,17,3,4,1.0,4,31,0.25,-3,0,1,False,0,0.3529411764705882,0.3710081654405054,4.0,5.5,1.5
11904,True,17,2,22,1.0,22,66,0.5,-27,2,7,False,0,0.6614379084967321,0.3041411112313349,22.0,19.5,-2.5
11907,True,15,4,-8,1.0,-8,-8,1.0,-8,1,4,False,0,0.6799999999999999,0.3913347124174613,-8.0,-8.0,0.0
11909,True,15,5,28,1.0,28,29,0.99,-44,1,6,False,0,0.4400000000000001,0.3718678720805473,28.0,28.27,0.2699999999999996
11911,True,15,5,9,0.2,-11,-7,1.0,-7,2,7,False,0,0.6266666666666667,0.3614784456460256,-7.000000000000001,-7.0,8.881784197001252e-16
11912,True,15,4,21,1.0,21,25,0.95,-38,0,1,False,0,0.3733333333333333,0.4131182235954578,21.0,21.849999999999998,0.8499999999999979
11915,True,15,2,24,1.0,24,42,0.1,21,2,2,False,0,0.6666666666666666,0.3829708431025353,24.0,23.1,-0.8999999999999986
11917,True,15,3,23,1.0,23,90,0.01,22,2,3,False,0,0.6266666666666667,0.3692979181920098,23.0,22.68,-0.3200000000000003
11921,True,15,4,10,1.0,10,17,0.9,-26,0,1,False,0,0.4666666666666667,0.4047338925881101,10.0,12.700000000000001,2.700000000000001
11922,True,15,3,11,0.95,-3,24,0.75,-32,1,6,False,0,0.6266666666666668,0.4061433010064071,10.299999999999999,10.0,-0.29999999999999893
11923,True,15,3,-8,1.0,-8,-7,0.99,-14,2,7,True,0,0.7466666666666665,0.3159264531651691,-8.0,-7.07,0.9299999999999997
11927,True,15,4,3,0.95,-17,2,1.0,2,0,1,False,0,0.6399999999999999,0.4084815085865489,1.999999999999999,2.0,1.1102230246251565e-15
11934,True,15,3,78,0.2,8,64,0.1,20,0,1,False,0,0.7733333333333332,0.2491891612715892,22.0,24.4,2.3999999999999986
11936,True,15,4,-1,1.0,-1,0,0.9,-33,0,1,False,0,0.68,0.352946778667023,-1.0,-3.2999999999999994,-2.2999999999999994
11938,True,15,3,-9,1.0,-9,33,0.01,-8,0,1,False,0,0.8933333333333334,0.2604026186687142,-9.0,-7.59,1.4100000000000001
11941,True,15,4,-6,1.0,-6,4,0.2,-7,0,1,False,0,0.8133333333333332,0.2774029216723951,-6.0,-4.800000000000001,1.1999999999999993
11942,True,15,5,17,1.0,17,32,0.4,6,0,1,False,0,0.4533333333333334,0.3159264531651691,17.0,16.4,-0.6000000000000014
11944,True,15,3,26,1.0,26,25,0.5,21,1,6,False,0,0.1066666666666666,0.1830950832868254,26.0,23.0,-3.0
11945,True,15,2,25,0.4,-2,9,1.0,9,0,1,False,0,0.7066666666666666,0.2604026186687143,8.8,9.0,0.1999999999999993
11947,True,15,5,6,0.99,-12,6,0.95,4,0,1,False,0,0.6933333333333334,0.4199773236508757,5.819999999999999,5.8999999999999995,0.08000000000000007
11948,True,15,3,0,1.0,0,-1,0.4,-4,0,1,False,0,0.0933333333333333,0.2604026186687142,0.0,-2.8,-2.8
11949,True,15,3,-5,1.0,-5,-1,0.9,-15,2,7,False,0,0.6533333333333334,0.4437931736207543,-5.0,-2.3999999999999995,2.6000000000000005
11951,True,15,5,74,0.2,-12,9,0.1,7,0,1,True,0,0.8266666666666665,0.2914659173083209,5.199999999999999,7.2,2.000000000000001
11954,True,15,3,22,1.0,22,75,0.2,9,0,1,True,0,0.6029629629629628,0.3687881547932556,22.0,22.2,0.1999999999999993
11955,True,16,3,-8,1.0,-8,-2,0.6,-25,1,6,True,0,0.525,0.3642343567906063,-8.0,-11.2,-3.1999999999999993
11956,True,16,5,22,0.99,-1,28,0.25,19,3,2,True,0,0.675,0.3785938897200182,21.77,21.25,-0.5199999999999996
11958,True,16,5,62,0.1,13,63,0.01,18,0,1,False,0,0.65,0.3614784456460256,17.900000000000002,18.45,0.5499999999999972
11961,True,16,5,31,0.25,26,27,0.95,14,1,8,True,0,0.4125,0.3964425136973413,27.25,26.349999999999998,-0.9000000000000021
11962,True,16,2,29,0.01,16,16,1.0,16,0,1,False,0,0.1625,0.2753785273643051,16.13,16.0,-0.129999999999999
11964,True,16,3,51,0.2,-19,78,0.01,-5,0,1,False,0,0.7125,0.3180670788790734,-5.0,-4.17,0.8300000000000001
11965,True,16,4,4,1.0,4,98,0.25,-27,0,1,False,0,0.5375000000000001,0.3981205847478877,4.0,4.25,0.25
11966,True,16,5,13,1.0,13,37,0.6,-28,0,1,False,0,0.425,0.3,13.0,10.999999999999998,-2.0000000000000018
11967,True,16,2,29,0.01,-4,1,0.1,-6,0,1,False,0,0.4,0.4258325179379016,-3.67,-5.300000000000001,-1.6300000000000008
11969,True,16,3,23,1.0,23,66,0.01,23,0,1,False,0,0.775,0.3855731664245667,23.0,23.43,0.4299999999999997
11970,True,16,5,20,1.0,20,24,0.1,21,2,4,False,0,0.8875000000000001,0.2418677324489565,20.0,21.300000000000004,1.3000000000000043
11971,True,16,3,21,1.0,21,27,0.2,23,0,1,True,0,0.7999999999999999,0.3011090610836324,21.0,23.800000000000004,2.8000000000000043
11974,True,16,4,3,1.0,3,17,0.05,1,1,2,False,0,0.55,0.409878030638384,3.0,1.8,-1.2
11975,True,16,5,18,1.0,18,47,0.6,-29,0,1,True,0,0.4125,0.3138470965295043,18.0,16.599999999999998,-1.4000000000000021
11976,True,16,5,11,1.0,11,86,0.2,-5,1,6,True,0,0.5250000000000001,0.2620432534271139,11.0,13.2,2.1999999999999993
11978,True,16,5,28,0.2,3,24,0.05,7,1,2,False,1,0.6749999999999999,0.3172801075810877,8.0,7.85,-0.15000000000000036
11979,True,16,5,102,0.2,2,25,0.9,20,0,1,True,0,0.6375000000000002,0.3364025366531392,22.000000000000004,24.5,2.4999999999999964
11980,True,16,2,12,0.9,6,40,0.25,5,0,1,False,0,0.4625,0.3159641329855864,11.4,13.75,2.3499999999999996
11982,True,16,5,-10,1.0,-10,19,0.1,-11,0,1,False,0,0.7499999999999999,0.2581988897471611,-10.0,-8.0,2.0
11985,True,16,5,50,0.4,7,23,0.01,22,2,7,False,0,0.6749999999999999,0.3,24.2,22.01,-2.1899999999999977
11986,True,16,3,25,0.99,1,25,0.9,-4,0,1,False,0,0.1624999999999999,0.2848976424378879,24.76,22.1,-2.66
11988,True,16,3,3,0.5,-3,13,0.6,-23,0,1,True,1,0.4,0.2828427124746189,0.0,-1.4000000000000012,-1.4000000000000012
11989,True,16,5,19,0.6,1,20,0.75,-6,0,1,False,0,0.5625,0.3879432948254164,11.8,13.5,1.6999999999999993
11991,True,16,2,13,1.0,13,45,0.4,-5,0,1,False,0,0.3250000000000001,0.2720294101747089,13.0,15.0,2.0
11992,True,16,5,18,1.0,18,28,0.6,-4,0,1,False,0,0.3375,0.3324154027718932,18.0,15.200000000000001,-2.799999999999999
11993,True,16,3,26,1.0,26,46,0.75,-37,3,4,False,0,0.4625,0.3913651321549567,26.0,25.25,-0.75
11995,True,16,4,56,0.6,-32,21,1.0,21,0,1,False,0,0.6625,0.307408522978788,20.8,21.0,0.1999999999999993
11996,True,16,3,9,1.0,9,13,0.8,4,0,1,False,0,0.6125,0.389657969677682,9.0,11.2,2.1999999999999993
11998,True,16,2,61,0.01,0,33,0.2,-6,0,1,False,0,0.3124999999999999,0.3095695936834452,0.61,1.7999999999999998,1.19
11999,True,16,4,24,0.2,4,8,0.25,5,2,3,False,0,0.55,0.3386246693120079,8.0,5.75,-2.25
12002,True,16,4,17,0.5,-29,-6,1.0,-6,0,1,False,0,0.325,0.3,-6.0,-6.0,0.0
12005,True,15,2,19,1.0,19,83,0.05,19,1,8,True,0,0.5333333333333333,0.3976119189552021,19.0,22.200000000000003,3.200000000000003
12008,True,15,3,19,1.0,19,76,0.25,3,0,1,False,0,0.36,0.264034629763381,19.0,21.25,2.25
12009,True,15,3,9,1.0,9,15,0.6,-2,0,1,True,0,0.2533333333333333,0.2559761893688738,9.0,8.2,-0.8000000000000007
12010,True,15,4,12,1.0,12,69,0.5,-43,1,6,True,0,0.4266666666666665,0.3453086955726647,12.0,13.0,1.0
12014,True,15,5,55,0.1,25,36,0.8,9,0,1,True,-1,0.5333333333333333,0.3598941643369749,28.0,30.6,2.6000000000000014
12015,True,15,5,60,0.2,21,29,1.0,29,0,1,False,0,0.6533333333333334,0.341983012666391,28.8,29.0,0.1999999999999993
12016,True,15,3,-1,0.4,-16,24,0.05,-10,0,1,False,0,0.6,0.3545621041711673,-10.0,-8.3,1.6999999999999993
12017,True,15,5,9,1.0,9,9,1.0,9,1,2,False,0,0.32,0.3447566429485338,9.0,9.0,0.0
12018,True,15,4,78,0.5,-32,87,0.25,5,0,1,False,0,0.5866666666666667,0.3502380143083653,23.0,25.5,2.5
12019,True,16,3,7,1.0,7,72,0.01,9,2,6,False,0,0.9375,0.1408308678285174,7.0,9.63,2.630000000000001
12020,True,16,2,30,0.01,11,100,0.05,4,0,1,True,0,0.3,0.2732520204255893,11.190000000000001,8.8,-2.3900000000000006
12024,True,16,5,-3,1.0,-3,45,0.01,-5,1,6,False,0,0.5874999999999999,0.3685557397915997,-3.0,-4.5,-1.5
12026,True,16,4,22,1.0,22,41,0.01,24,1,8,False,0,0.8500000000000001,0.1861898672502524,22.0,24.169999999999998,2.169999999999998
12027,True,16,3,69,0.25,-3,31,0.25,14,0,1,False,1,0.7375,0.307408522978788,15.0,18.25,3.25
12029,True,16,5,1,0.6,-1,0,1.0,0,0,1,False,0,0.3750000000000001,0.3568379650952703,0.19999999999999996,0.0,-0.19999999999999996
12031,True,16,4,19,0.01,3,12,0.25,0,0,1,False,-1,0.3875,0.3461695153148719,3.1599999999999997,3.0,-0.1599999999999997
12032,True,32,4,-6,1.0,-6,68,0.1,-11,1,2,False,0,0.6,0.376743259887908,-6.0,-3.0999999999999996,2.9000000000000004
12034,True,16,2,-1,1.0,-1,-1,0.8,-2,0,1,False,0,0.1875,0.3461695153148719,-1.0,-1.2,-0.19999999999999996
12035,True,16,5,24,0.6,-6,24,0.4,5,0,1,False,0,0.6625000000000001,0.3774917217635375,11.999999999999998,12.600000000000001,0.6000000000000032
12036,True,16,3,29,1.0,29,88,0.25,12,1,8,False,0,0.425,0.3415650255319866,29.0,31.0,2.0
12040,True,16,2,30,0.8,-1,73,0.2,13,0,1,False,0,0.475,0.3642343567906062,23.8,25.0,1.1999999999999993
12041,True,31,3,20,1.0,20,36,0.25,17,0,1,False,0,0.5584229390681004,0.362648780218144,20.0,21.75,1.75
12043,True,16,2,21,1.0,21,26,0.9,5,1,6,False,0,0.725,0.3568379650952703,21.0,23.900000000000002,2.900000000000002
12045,True,16,5,25,1.0,25,66,0.6,-36,1,8,False,0,0.5750000000000001,0.3087609647175843,25.0,25.200000000000003,0.20000000000000284
12049,True,16,2,22,1.0,22,22,0.9,16,0,1,False,0,0.175,0.3255764119219941,22.0,21.4,-0.6000000000000014
12050,True,16,4,22,0.1,5,7,0.99,5,1,8,False,0,0.5375,0.3703601850451351,6.7,6.9799999999999995,0.27999999999999936
12052,True,15,5,15,1.0,15,93,0.4,-32,1,4,False,0,0.5466666666666666,0.3739111175259755,15.0,18.000000000000004,3.0000000000000036
12054,True,15,4,-7,1.0,-7,25,0.05,-6,1,8,False,0,0.8399999999999999,0.3135055251278903,-7.0,-4.449999999999999,2.5500000000000007
12057,True,15,5,29,1.0,29,62,0.1,26,0,1,False,0,0.4933333333333334,0.4463609472591607,29.0,29.6,0.6000000000000014
12058,True,15,2,1,1.0,1,34,0.6,-41,0,1,False,0,0.49,0.396502567096716,1.0,3.9999999999999964,2.9999999999999964
12060,True,15,3,-2,1.0,-2,21,0.05,-4,1,4,True,0,0.64,0.3561701038227982,-2.0,-2.75,-0.75
12061,True,15,5,1,1.0,1,-2,0.99,-37,0,1,False,0,0.0666666666666666,0.1234426799696735,1.0,-2.3500000000000005,-3.3500000000000005
12064,True,15,2,8,0.6,-5,21,0.6,-27,1,6,False,0,0.6,0.4140393356054125,2.8,1.799999999999999,-1.0000000000000009
12065,True,15,5,34,0.9,-16,27,0.9,26,0,1,False,0,0.5466666666666666,0.4373077809027587,29.0,26.9,-2.1000000000000014
12068,True,15,3,7,1.0,7,13,0.4,7,0,1,False,0,0.76,0.3480558247506528,7.0,9.4,2.4000000000000004
12071,True,15,5,56,0.2,-9,5,0.99,2,0,1,False,0,0.61,0.3566711170171838,4.000000000000001,4.970000000000001,0.9699999999999998
12072,True,15,5,1,1.0,1,14,0.05,0,0,1,False,0,0.2533333333333333,0.2972893411828826,1.0,0.7000000000000001,-0.29999999999999993
12073,True,15,5,7,1.0,7,5,0.95,-20,0,1,False,0,0.1333333333333333,0.2992052966172383,7.0,3.749999999999999,-3.250000000000001
12075,True,15,3,10,1.0,10,9,0.05,9,2,2,False,0,0.1466666666666666,0.2972893411828826,10.0,8.999999999999998,-1.0000000000000018
12077,True,15,3,-9,1.0,-9,1,0.4,-17,0,1,False,0,0.4933333333333334,0.384460041889302,-9.0,-9.799999999999999,-0.7999999999999989
12082,True,15,5,-3,1.0,-3,11,0.75,-41,1,6,False,0,0.8400000000000001,0.1549193338482966,-3.0,-2.0,1.0
12083,True,16,4,53,0.1,24,39,0.8,-18,1,8,False,-1,0.5696428571428571,0.3686295635214853,26.900000000000002,27.600000000000005,0.7000000000000028
12086,True,16,3,6,0.4,-19,5,0.1,-9,1,4,False,0,0.5624999999999999,0.2941088233970548,-9.0,-7.6,1.4000000000000004
12088,True,16,4,12,1.0,12,17,0.8,-12,0,1,False,0,0.3125,0.2526525941551627,12.0,11.200000000000003,-0.7999999999999972
12090,True,16,3,18,1.0,18,107,0.2,-1,2,5,False,0,0.5874999999999999,0.2963668897386031,18.0,20.6,2.6000000000000014
12091,True,16,5,16,0.05,-4,82,0.2,-28,1,6,False,0,0.35,0.3829708431025352,-3.0,-6.0,-3.0
12093,True,16,5,11,1.0,11,21,0.75,-14,0,1,False,0,0.5874999999999999,0.2578759391645526,11.0,12.25,1.25
12094,True,16,2,21,1.0,21,27,0.8,-13,1,6,True,0,0.5499999999999999,0.3306559138036598,21.0,19.0,-2.0
12096,True,16,5,-6,1.0,-6,-7,0.99,-23,1,2,False,0,0.175,0.3255764119219941,-6.0,-7.16,-1.1600000000000001
12097,True,16,3,-5,1.0,-5,21,0.05,-3,0,1,False,0,0.8749999999999999,0.2408318915758459,-5.0,-1.7999999999999996,3.2
12102,True,15,3,9,1.0,9,9,0.8,7,0,1,False,0,0.1866666666666666,0.3502380143083653,9.0,8.6,-0.40000000000000036
12103,True,15,3,71,0.01,18,19,1.0,19,0,1,False,0,0.5733333333333335,0.4131182235954578,18.53,19.0,0.46999999999999886
12106,True,15,3,18,1.0,18,43,0.4,7,0,1,False,0,0.6266666666666667,0.3918211448145818,18.0,21.4,3.3999999999999986
12107,True,15,2,42,0.5,-46,-2,1.0,-2,1,8,False,0,0.2666666666666666,0.2794552524023087,-2.0,-2.0,0.0
12108,True,15,2,13,1.0,13,67,0.1,7,1,8,False,0,0.3733333333333333,0.3990464825532174,13.0,13.0,0.0
12109,True,15,2,2,0.8,-23,42,0.05,-2,1,2,True,0,0.76,0.304255531702266,-2.9999999999999987,0.20000000000000018,3.199999999999999
12111,True,15,3,28,0.8,-7,21,0.4,20,3,6,False,0,0.3133333333333333,0.3833436851604327,21.000000000000004,20.4,-0.600000000000005
12115,True,18,2,63,0.05,-12,-8,1.0,-8,0,1,False,0,0.4555555555555555,0.4841271371936509,-8.249999999999998,-8.0,0.24999999999999822
12116,True,18,2,9,0.6,-1,53,0.25,-14,3,3,True,0,0.6472222222222223,0.4001735734514323,4.999999999999999,2.75,-2.249999999999999
12121,True,18,4,28,0.8,-12,26,0.1,17,1,8,False,0,0.5777777777777778,0.410960933531265,20.000000000000004,17.900000000000002,-2.1000000000000014
12122,True,18,3,2,1.0,2,39,0.25,-8,1,6,True,0,0.5777777777777778,0.399345870371795,2.0,3.75,1.75
12123,True,18,5,8,0.05,2,6,0.75,-17,0,1,False,0,0.1,0.2086370335408023,2.3,0.25,-2.05
12124,True,18,2,69,0.2,-21,40,0.4,-30,0,1,False,0,0.5666666666666667,0.4014678948412129,-3.0,-2.0,1.0
12129,True,18,2,25,0.75,-10,54,0.6,-38,0,1,True,0,0.3444444444444444,0.3617314932413465,16.25,17.199999999999996,0.9499999999999957
12130,True,18,2,27,0.5,21,24,0.8,18,0,1,False,1,0.1888888888888888,0.302711061786821,24.0,22.8,-1.1999999999999993
12132,True,16,4,25,0.99,24,50,0.4,7,2,2,False,-1,0.525,0.3924283374069717,24.990000000000002,24.2,-0.7900000000000027
12133,True,16,4,62,0.4,-15,69,0.5,-38,0,1,False,0,0.4,0.4442221666388715,15.8,15.5,-0.3000000000000007
12134,True,16,5,16,1.0,16,29,0.5,9,1,8,False,0,0.6249999999999999,0.4123105625617659,16.0,19.0,3.0
12135,True,16,3,17,1.0,17,17,0.8,13,0,1,False,0,0.2,0.3265986323710904,17.0,16.200000000000003,-0.7999999999999972
12136,True,16,3,-1,1.0,-1,66,0.25,-22,0,1,False,0,0.475,0.4312771730569565,-1.0,0.0,1.0
12137,True,16,4,3,1.0,3,67,0.05,3,1,8,True,0,0.8625,0.3403429642777023,3.0,6.199999999999999,3.1999999999999993
12138,True,16,4,28,0.95,6,90,0.05,22,0,1,False,0,0.5499999999999999,0.4289522117905443,26.9,25.4,-1.5
12141,True,16,3,39,0.01,6,12,0.8,-17,2,4,False,0,0.575,0.4123105625617661,6.329999999999999,6.200000000000002,-0.12999999999999723
12142,True,16,5,-10,1.0,-10,4,0.2,-14,2,5,True,0,0.8125,0.3304037933599835,-10.0,-10.4,-0.40000000000000036
12145,True,16,4,28,1.0,28,42,0.01,27,0,1,False,0,0.5874999999999999,0.4410215414239989,28.0,27.150000000000002,-0.8499999999999979
12146,True,16,4,18,1.0,18,38,0.4,0,0,1,False,0,0.3125000000000001,0.3008321791298265,18.0,15.200000000000001,-2.799999999999999
12149,True,17,5,17,0.1,-1,90,0.05,-7,0,1,False,0,0.2117647058823529,0.2595244519818327,0.8000000000000002,-2.1499999999999995,-2.9499999999999997
12150,True,17,5,69,0.1,8,19,0.75,-5,1,2,False,-1,0.3764705882352941,0.3666221006784538,14.100000000000001,13.0,-1.1000000000000014
12151,True,17,2,61,0.5,-1,52,0.5,2,2,6,False,0,0.3294117647058824,0.345985378813818,30.0,27.0,-3.0
12152,True,17,4,80,0.05,27,33,0.9,-17,0,1,True,0,0.3294117647058825,0.2995094027788463,29.65,28.0,-1.6499999999999986
12154,True,17,2,20,1.0,20,29,0.6,4,3,3,False,0,0.3764705882352941,0.4115966043420212,20.0,19.0,-1.0
12159,True,17,3,8,1.0,8,73,0.1,-2,0,1,False,0,0.2235294117647058,0.2818009309883173,8.0,5.500000000000001,-2.499999999999999
12160,True,17,5,96,0.01,29,73,0.4,3,1,8,True,1,0.5882352941176472,0.2689850203570276,29.67,31.000000000000004,1.3300000000000018
12162,True,17,2,-9,1.0,-9,-7,0.9,-15,0,1,False,0,0.6823529411764706,0.3468344239648925,-9.0,-7.799999999999999,1.200000000000001
12164,True,16,2,-1,1.0,-1,10,0.01,1,2,5,False,0,0.9,0.1788854381999831,-1.0,1.09,2.09
12165,True,31,2,-2,1.0,-2,86,0.25,-30,1,8,False,0,0.5483870967741936,0.3345354667215775,-2.0,-1.0,1.0
12167,True,16,5,27,1.0,27,27,1.0,27,3,4,False,0,0.6125,0.3685557397915997,27.0,27.0,0.0
12170,True,16,3,96,0.2,-14,22,0.01,7,1,2,True,0,0.8125,0.212524508390601,8.000000000000002,7.1499999999999995,-0.8500000000000023
12171,True,16,2,23,0.25,14,16,1.0,16,0,1,False,0,0.35,0.3540244812627134,16.25,16.0,-0.25
12178,True,16,4,47,0.2,-8,5,0.99,2,0,1,False,0,0.7500000000000001,0.3224903099319419,3.0,4.970000000000001,1.9700000000000006
12179,True,17,5,99,0.4,-36,110,0.05,13,0,1,False,0,0.7647058823529411,0.2473387769603369,18.000000000000004,17.85,-0.15000000000000213
12180,True,17,2,5,1.0,5,61,0.4,-32,0,1,True,0,0.3882352941176471,0.2781239672816253,5.0,5.200000000000003,0.20000000000000284
12181,True,17,3,21,1.0,21,27,0.2,22,0,1,False,0,0.8352941176470589,0.3180824902257829,21.0,23.0,2.0
12183,True,17,5,3,1.0,3,12,0.05,5,1,6,False,0,0.9647058823529412,0.1057188279741848,3.0,5.35,2.3499999999999996
12185,True,17,3,18,1.0,18,84,0.25,-7,0,1,False,0,0.3411764705882353,0.2895229341723462,18.0,15.75,-2.25
12186,True,17,5,-5,1.0,-5,14,0.1,-8,0,1,False,0,0.6470588235294118,0.3710081654405053,-5.0,-5.8,-0.7999999999999998
12187,True,17,5,17,1.0,17,50,0.4,-6,2,6,True,0,0.7058823529411765,0.3091734712004212,17.0,16.4,-0.6000000000000014
12191,True,17,2,56,0.5,-14,34,0.01,19,0,1,True,0,0.7294117647058824,0.3531372004659678,21.0,19.15,-1.8500000000000014
12192,True,17,5,101,0.2,8,33,0.2,28,0,1,False,0,0.5882352941176473,0.3351909025860793,26.6,29.000000000000004,2.400000000000002
12195,True,16,4,24,1.0,24,53,0.25,10,0,1,False,0,0.4125,0.3827531841800928,24.0,20.75,-3.25
12196,True,16,5,35,0.75,-14,45,0.6,-11,1,2,False,0,0.475,0.3492849839314596,22.75,22.6,-0.14999999999999858
12197,True,16,4,1,1.0,1,11,0.6,-22,1,6,False,0,0.475,0.3714835124201342,1.0,-2.200000000000001,-3.200000000000001
12198,True,16,3,23,1.0,23,67,0.25,12,2,3,False,0,0.375,0.3714835124201341,23.0,25.75,2.75
12201,True,16,5,-10,1.0,-10,-12,0.99,-28,0,1,False,0,0.0875,0.1454876856186346,-10.0,-12.16,-2.16
12202,True,16,2,15,1.0,15,16,0.05,14,1,4,False,0,0.325,0.3492849839314596,15.0,14.1,-0.9000000000000004
12204,True,32,5,22,0.99,22,40,0.01,20,1,4,False,0,0.5749999999999998,0.3860469635478514,22.0,20.2,-1.8000000000000007
12207,True,16,2,18,1.0,18,78,0.05,15,3,7,False,0,0.5625,0.3739429546512855,18.0,18.15,0.14999999999999858
12208,True,16,3,15,1.0,15,35,0.6,-10,1,4,True,0,0.6375,0.3283798613394758,15.0,17.0,2.0
12211,True,15,3,7,1.0,7,102,0.25,-21,0,1,False,0,0.36,0.2414243448488869,7.0,9.75,2.75
12213,True,15,5,30,0.2,15,81,0.01,14,0,1,True,0,0.6533333333333332,0.3067494712224262,18.0,14.67,-3.33
12215,True,15,4,21,0.25,9,41,0.2,6,0,1,False,0,0.3733333333333333,0.3534860406754147,12.0,13.000000000000002,1.0000000000000018
12216,True,15,4,16,1.0,16,16,1.0,16,1,8,True,0,0.4666666666666667,0.4253849796976628,16.0,16.0,0.0
12220,True,15,3,-2,1.0,-2,49,0.4,-34,0,1,False,0,0.5466666666666666,0.3067494712224262,-2.0,-0.7999999999999972,1.2000000000000028
12222,True,15,4,15,1.0,15,30,0.2,14,1,8,False,0,0.6666666666666666,0.3436498771936898,15.0,17.200000000000003,2.200000000000003
12224,True,15,2,20,0.25,12,18,0.6,16,1,2,True,0,0.7511111111111112,0.2422993906492435,14.0,17.2,3.1999999999999993
12227,True,15,4,90,0.4,-43,10,1.0,10,1,8,True,0,0.8133333333333332,0.2199567056967174,10.2,10.0,-0.1999999999999993
12228,True,15,3,14,0.5,-24,14,0.2,-11,0,1,False,1,0.2533333333333333,0.2445598573141631,-5.0,-6.0,-1.0
12230,True,15,3,11,1.0,11,15,0.6,1,3,2,False,0,0.4666666666666667,0.4047338925881101,11.0,9.4,-1.5999999999999996
12232,True,15,5,72,0.25,-7,114,0.4,-50,0,1,False,0,0.5466666666666667,0.3888934240098375,12.75,15.600000000000001,2.8500000000000014
12233,True,15,3,79,0.05,25,48,0.25,23,0,1,False,-1,0.4266666666666667,0.3990464825532174,27.7,29.25,1.5500000000000007
12234,True,15,4,-9,1.0,-9,0,0.5,-16,0,1,False,0,0.8,0.2507132682112035,-9.0,-8.0,1.0
12238,True,15,4,8,1.0,8,34,0.1,5,0,1,False,0,0.4533333333333333,0.4373077809027587,8.0,7.9,-0.09999999999999964
12239,True,15,2,20,0.6,18,35,0.5,1,0,1,False,0,0.4133333333333334,0.3502380143083653,19.2,18.0,-1.1999999999999993
12241,True,15,3,10,1.0,10,10,0.75,3,1,8,False,0,0.2533333333333333,0.3248442850410171,10.0,8.25,-1.75
12243,True,15,5,11,0.4,-2,55,0.1,-6,0,1,False,0,0.1466666666666666,0.2972893411828826,3.2,0.09999999999999964,-3.1000000000000005
12245,True,15,2,5,1.0,5,9,0.75,-3,0,1,True,0,0.4933333333333334,0.3990464825532175,5.0,6.0,1.0
12246,True,15,5,27,1.0,27,95,0.25,5,0,1,False,0,0.4666666666666667,0.3598941643369749,27.0,27.5,0.5
12247,True,15,5,-10,1.0,-10,7,0.6,-28,1,4,False,0,0.84,0.2746426249302381,-10.0,-7.000000000000001,2.999999999999999
12249,True,15,5,38,0.4,-42,-10,1.0,-10,0,1,False,0,0.4266666666666667,0.3283436063174123,-9.999999999999998,-10.0,-1.7763568394002505e-15
12250,True,15,3,14,1.0,14,14,1.0,14,1,2,False,0,0.36,0.4355620342893601,14.0,14.0,0.0
12254,True,15,4,26,1.0,26,77,0.1,21,0,1,True,0,0.6933333333333334,0.4131182235954578,26.0,26.6,0.6000000000000014
12256,True,15,3,2,1.0,2,10,0.75,-22,0,1,False,0,0.5733333333333334,0.4199773236508757,2.0,2.0,0.0
12257,True,15,2,26,1.0,26,68,0.2,14,0,1,False,0,0.3066666666666667,0.3918211448145818,26.0,24.800000000000004,-1.1999999999999957
12259,True,16,3,8,1.0,8,57,0.05,7,0,1,False,0,0.7124999999999999,0.3344149119482164,8.0,9.5,1.5
12263,True,16,5,6,1.0,6,21,0.25,-1,0,1,False,0,0.3125,0.3095695936834451,6.0,4.5,-1.5
12265,True,16,3,-1,1.0,-1,4,0.2,0,0,1,False,0,0.9653846153846154,0.0750542210316951,-1.0,0.8,1.8
12266,True,16,3,28,1.0,28,25,0.99,6,0,1,True,0,0.1125,0.162788205960997,28.0,24.81,-3.1900000000000013
12267,True,16,2,47,0.05,21,24,0.75,17,0,1,True,0,0.4875,0.4064070209367287,22.3,22.25,-0.05000000000000071
12268,True,16,3,18,0.95,9,32,0.6,-11,1,2,False,0,0.475,0.3785938897200182,17.549999999999997,14.799999999999999,-2.7499999999999982
12269,True,16,2,16,0.4,-1,50,0.05,2,1,6,True,0,0.7875000000000001,0.3383784863137726,5.800000000000001,4.4,-1.4000000000000004
12271,True,16,2,73,0.2,-16,2,1.0,2,1,2,False,0,0.6249999999999999,0.4057914078275521,1.8000000000000007,2.0,0.1999999999999993
12276,True,18,3,4,1.0,4,27,0.6,-31,0,1,True,0,0.577777777777778,0.3209463131860412,4.0,3.799999999999999,-0.20000000000000107
12279,True,18,5,18,1.0,18,26,0.05,21,3,3,False,0,0.8888888888888888,0.1409584372989131,18.0,21.25,3.25
12280,True,18,4,7,0.9,4,64,0.25,-12,0,1,False,0,0.3555555555555555,0.3467873093244571,6.699999999999999,7.0,0.3000000000000007
12284,True,18,4,17,1.0,17,24,0.4,16,0,1,False,0,0.5999999999999999,0.2910427500435995,17.0,19.200000000000003,2.200000000000003
12285,True,18,4,0,0.95,-20,-1,1.0,-1,3,2,False,0,0.4888888888888889,0.3160210136142084,-1.0000000000000009,-1.0,8.881784197001252e-16
12287,True,18,3,7,1.0,7,36,0.6,-44,0,1,False,0,0.5111111111111112,0.3084856539497589,7.0,3.9999999999999964,-3.0000000000000036
12288,True,18,4,-6,1.0,-6,109,0.2,-34,1,8,False,0,0.4666666666666666,0.3143620991973503,-6.0,-5.400000000000002,0.5999999999999979
12290,True,18,3,39,0.01,28,32,0.6,15,2,5,False,0,0.6000000000000001,0.3880570000581328,28.11,25.2,-2.91
12292,True,18,4,-10,1.0,-10,-12,0.95,-27,1,2,False,0,0.0333333333333333,0.1028991510855053,-10.0,-12.75,-2.75
12293,True,18,5,15,0.05,-4,-4,0.99,-19,2,3,False,0,0.1777777777777777,0.3135293504518696,-3.05,-4.15,-1.1000000000000005
12297,True,18,4,17,1.0,17,32,0.25,15,3,3,True,0,0.8222222222222223,0.2734433064276128,17.0,19.25,2.25
12300,True,18,2,3,1.0,3,3,0.95,-39,0,1,False,0,0.0555555555555555,0.19165600993392,3.0,0.8999999999999979,-2.1000000000000023
12301,True,18,3,5,1.0,5,49,0.4,-19,2,7,True,0,0.6666666666666666,0.3564531154716027,5.0,8.200000000000001,3.200000000000001
12305,True,18,5,-10,1.0,-10,63,0.01,-9,1,2,True,0,0.9000000000000001,0.1970368732287556,-10.0,-8.28,1.7200000000000006
12306,True,18,4,19,1.0,19,18,0.99,-19,0,1,False,0,0.2444444444444445,0.3791976393296808,19.0,17.63,-1.370000000000001
12308,True,16,2,13,1.0,13,20,0.5,12,1,6,False,0,0.7499999999999999,0.3386246693120079,13.0,16.0,3.0
12309,True,16,2,25,0.1,-14,-5,0.01,-9,0,1,False,0,0.35,0.3464101615137755,-10.1,-8.96,1.1399999999999988
12311,True,16,4,90,0.4,-15,34,0.6,19,2,5,False,0,0.7,0.3098386676965933,27.0,28.0,1.0
12312,True,16,5,67,0.05,20,75,0.5,-26,0,1,False,0,0.2375,0.2655183609470351,22.35,24.5,2.1499999999999986
12314,True,16,3,6,0.75,2,82,0.2,-18,0,1,False,-1,0.3875000000000001,0.3827531841800928,5.0,2.0000000000000018,-2.9999999999999982
12315,True,16,2,37,0.25,-7,48,0.1,-1,3,3,False,0,0.725,0.3642343567906063,4.0,3.900000000000001,-0.0999999999999992
12316,True,31,2,21,1.0,21,90,0.25,-2,0,1,False,0,0.4580645161290323,0.3801527706491932,21.0,21.0,0.0
12317,True,16,2,7,0.8,-2,34,0.5,-26,0,1,True,0,0.4125000000000001,0.3304037933599835,5.200000000000001,4.0,-1.200000000000001
12318,True,16,5,65,0.4,-7,87,0.5,-46,0,1,False,0,0.4125,0.3612478373637688,21.8,20.5,-1.3000000000000007
12321,True,16,2,-5,1.0,-5,52,0.4,-40,0,1,False,0,0.6625,0.3159641329855863,-5.0,-3.1999999999999993,1.8000000000000007
12322,True,16,3,46,0.4,11,30,0.8,13,2,4,False,0,0.5624999999999999,0.3667424164178449,25.0,26.6,1.6000000000000014
12325,True,16,3,30,1.0,30,100,0.2,16,2,4,True,0,0.6500000000000001,0.2966479394838265,30.0,32.8,2.799999999999997
12326,True,16,2,-6,0.95,-13,-4,0.8,-5,0,1,False,0,0.8875,0.1927865832122833,-6.35,-4.2,2.1499999999999995
12327,True,16,5,-8,1.0,-8,0,0.4,-14,0,1,False,0,0.6375000000000001,0.2753785273643051,-8.0,-8.4,-0.40000000000000036
12330,True,16,4,79,0.2,18,86,0.1,23,0,1,False,0,0.75,0.3055050463303893,30.200000000000003,29.299999999999997,-0.9000000000000057
12333,True,16,5,10,1.0,10,48,0.5,-31,3,6,False,0,0.4875,0.3862210075418822,10.0,8.5,-1.5
12339,True,16,2,46,0.2,12,29,0.4,15,0,1,False,0,0.55,0.4033195589934446,18.800000000000004,20.6,1.7999999999999972
12341,True,16,2,16,1.0,16,20,0.9,-11,0,1,True,0,0.325,0.3855731664245668,16.0,16.9,0.8999999999999986
12344,True,16,2,10,1.0,10,93,0.01,11,2,5,False,0,0.8125,0.3222318006239194,10.0,11.82,1.8200000000000003
12345,True,16,3,26,0.95,-2,31,0.5,14,1,2,True,0,0.7749999999999999,0.3172801075810879,24.599999999999998,22.5,-2.099999999999998
12346,True,16,3,-9,1.0,-9,27,0.4,-38,0,1,False,0,0.6875,0.3344149119482164,-9.0,-12.0,-3.0
12347,True,16,5,53,0.25,4,16,1.0,16,0,1,False,0,0.4125,0.3685557397915997,16.25,16.0,-0.25
12348,True,16,3,29,1.0,29,29,0.99,-29,1,4,True,0,0.275,0.3924283374069717,29.0,28.42,-0.5799999999999983
12349,True,16,3,-6,1.0,-6,80,0.1,-17,0,1,False,0,0.45,0.4226897995772628,-6.0,-7.300000000000001,-1.3000000000000007
12354,True,16,5,21,1.0,21,116,0.2,-5,0,1,False,0,0.3875,0.3757215280851853,21.0,19.200000000000003,-1.7999999999999972
12355,True,16,2,23,1.0,23,40,0.6,-6,0,1,False,0,0.5250000000000001,0.3492849839314596,23.0,21.6,-1.3999999999999986
12356,True,16,2,51,0.4,-17,23,0.5,-6,0,1,False,0,0.4,0.3011090610836324,10.200000000000003,8.5,-1.7000000000000028
12357,True,16,5,12,0.75,-29,2,1.0,2,0,1,False,0,0.4000000000000001,0.282842712474619,1.75,2.0,0.25
12358,True,16,3,9,1.0,9,50,0.05,10,0,1,False,0,0.8750000000000001,0.161245154965971,9.0,12.0,3.0
12361,True,16,3,30,1.0,30,35,0.8,2,3,5,False,0,0.575,0.3336665001664586,30.0,28.4,-1.6000000000000014
12362,True,16,2,19,1.0,19,50,0.2,11,0,1,False,0,0.5625,0.3518996068956789,19.0,18.8,-0.1999999999999993
12370,True,16,2,1,0.6,-6,1,0.9,-22,0,1,True,0,0.3375,0.3159641329855864,-1.8000000000000003,-1.2999999999999994,0.5000000000000009
12374,True,15,3,43,0.01,26,28,0.99,4,0,1,False,-1,0.6266666666666666,0.3534860406754148,26.169999999999998,27.759999999999998,1.5899999999999999
12377,True,15,4,22,1.0,22,19,0.99,-11,0,1,True,0,0.1733333333333333,0.3195234546871921,22.0,18.7,-3.3000000000000007
12379,True,15,3,4,1.0,4,49,0.01,6,0,1,True,0,0.8666666666666667,0.2225394561056747,4.0,6.43,2.4299999999999997
12380,True,15,4,34,0.75,-19,21,0.01,20,0,1,False,0,0.6666666666666666,0.2894987457822983,20.75,20.01,-0.7399999999999984
12382,True,15,3,7,1.0,7,10,0.01,7,0,1,False,0,0.8133333333333334,0.3159264531651691,7.0,7.029999999999999,0.02999999999999936
12383,True,15,4,42,0.2,16,41,0.1,16,0,1,False,0,0.3066666666666667,0.3534860406754147,21.200000000000003,18.5,-2.700000000000003
12385,True,15,5,24,1.0,24,63,0.25,11,3,3,False,0,0.6,0.3779644730092272,24.0,24.0,0.0
12390,True,16,3,98,0.1,8,17,1.0,17,1,2,False,0,0.575,0.3172801075810877,17.0,17.0,0.0
12392,True,16,5,48,0.5,12,37,0.8,-4,0,1,True,0,0.15,0.2,30.0,28.8,-1.1999999999999993
12393,True,32,5,0,0.01,-9,-3,0.5,-13,0,1,False,0,0.5041666666666667,0.3181206011025979,-8.91,-8.0,0.9100000000000001
12395,True,16,2,-5,1.0,-5,27,0.1,-5,0,1,False,0,0.8999999999999999,0.2633122354417533,-5.0,-1.7999999999999998,3.2
12396,True,16,4,2,1.0,2,10,0.2,4,0,1,False,0,0.8375000000000001,0.2655183609470351,2.0,5.2,3.2
12398,True,16,5,24,1.0,24,46,0.25,17,0,1,False,0,0.4375,0.3201562118716424,24.0,24.25,0.25
12401,True,16,4,24,1.0,24,36,0.25,21,1,4,False,0,0.5375,0.4177319714841085,24.0,24.75,0.75
12402,True,16,4,10,1.0,10,70,0.5,-47,0,1,False,0,0.3625,0.3283798613394758,10.0,11.5,1.5
12403,True,16,2,57,0.6,-31,25,0.99,23,3,3,False,0,0.75,0.2966479394838265,21.799999999999997,24.98,3.1800000000000033
12407,True,16,3,17,1.0,17,88,0.01,15,3,5,True,0,0.625,0.3785938897200182,17.0,15.73,-1.2699999999999996
12410,True,16,5,86,0.25,-22,7,0.9,-8,0,1,True,0,0.4055555555555555,0.3096792446514639,5.0,5.5,0.5
12411,True,16,4,11,0.8,4,43,0.4,-7,0,1,True,0,0.3375000000000001,0.3556683848755748,9.600000000000001,13.0,3.3999999999999986
12414,True,16,3,8,1.0,8,16,0.1,8,0,1,False,0,0.825,0.2816617356570348,8.0,8.8,0.8000000000000007
12418,True,32,4,26,0.9,18,30,0.5,21,1,4,False,0,0.53125,0.3754030092511762,25.200000000000003,25.5,0.29999999999999716
12419,True,16,4,30,1.0,30,39,0.9,-37,1,6,False,0,0.54375,0.3463500156392856,30.0,31.400000000000002,1.4000000000000021
12425,True,32,4,23,1.0,23,57,0.6,-29,1,6,False,0,0.5625,0.3535533905932737,23.0,22.599999999999994,-0.4000000000000057
12426,True,16,3,21,0.1,18,23,0.75,17,2,7,False,0,0.675,0.3924283374069717,18.3,21.5,3.1999999999999993
12427,True,33,4,27,0.05,-2,50,0.5,-47,0,1,False,0,0.4484848484848484,0.3355231103452601,-0.5499999999999998,1.5,2.05
12428,True,16,5,9,1.0,9,86,0.01,7,3,3,False,0,0.55,0.4289522117905444,9.0,7.79,-1.21
12432,True,16,4,44,0.05,16,17,1.0,17,2,7,True,0,0.4625,0.307408522978788,17.4,17.0,-0.3999999999999986
12434,True,16,5,16,1.0,16,89,0.2,-6,0,1,False,0,0.275,0.3415650255319866,16.0,13.0,-3.0
12437,True,15,3,-7,1.0,-7,25,0.2,-13,0,1,False,0,0.6266666666666666,0.3614784456460256,-7.0,-5.4,1.5999999999999996
12438,True,15,5,55,0.01,24,25,0.4,22,3,6,False,0,0.2133333333333332,0.3335237551331168,24.31,23.2,-1.1099999999999994
12439,True,15,3,1,1.0,1,78,0.4,-49,0,1,True,0,0.4933333333333334,0.4061433010064071,1.0,1.8000000000000043,0.8000000000000043
12440,True,15,2,-6,1.0,-6,-6,0.8,-18,0,1,False,0,0.1866666666666666,0.3419830126663911,-6.0,-8.4,-2.4000000000000004
12441,True,15,3,54,0.05,6,9,0.95,-6,1,8,False,0,0.4933333333333334,0.3844600418893019,8.399999999999999,8.249999999999998,-0.15000000000000036
12448,True,15,4,37,0.05,26,27,1.0,27,0,1,False,0,0.4533333333333334,0.4033195589934446,26.55,27.0,0.4499999999999993
12449,True,15,4,-6,1.0,-6,35,0.4,-28,1,8,False,0,0.7866666666666667,0.2445598573141631,-6.0,-2.8000000000000007,3.1999999999999993
12451,True,15,5,8,1.0,8,6,0.99,-20,0,1,False,0,0.1733333333333333,0.2814926202195987,8.0,5.739999999999999,-2.2600000000000007
12452,True,15,5,18,0.01,3,87,0.01,0,2,3,True,1,0.6666666666666666,0.3436498771936898,3.15,0.87,-2.28
12456,True,15,2,99,0.2,-37,-10,1.0,-10,0,1,False,0,0.4133333333333333,0.341983012666391,-9.8,-10.0,-0.1999999999999993
12457,True,15,2,-10,1.0,-10,1,0.5,-21,1,6,False,0,0.5733333333333334,0.3990464825532174,-10.0,-10.0,0.0
12459,True,15,2,25,1.0,25,82,0.4,-18,0,1,False,0,0.2933333333333333,0.3283436063174123,25.0,22.000000000000007,-2.999999999999993
12462,True,15,2,8,1.0,8,18,0.5,-2,1,2,False,0,0.44,0.3561701038227982,8.0,8.0,0.0
12470,True,15,4,6,0.9,5,6,1.0,6,0,1,False,0,0.7466666666666666,0.3661901665736508,5.9,6.0,0.09999999999999964
12472,True,15,5,25,0.4,-17,17,0.5,-15,0,1,False,1,0.4733333333333334,0.3750555514409388,-0.1999999999999993,1.0,1.1999999999999993
12473,True,15,2,27,0.25,-9,37,0.4,-29,0,1,False,-1,0.2933333333333333,0.2491891612715892,0.0,-2.599999999999998,-2.599999999999998
12475,True,15,4,30,1.0,30,31,0.95,-26,0,1,False,0,0.28,0.3447566429485338,30.0,28.15,-1.8500000000000014
12478,True,15,3,55,0.6,-45,15,1.0,15,1,6,False,0,0.5466666666666666,0.4033195589934446,15.0,15.0,0.0
12479,True,15,2,-1,1.0,-1,39,0.5,-40,0,1,False,0,0.52,0.3004758131459407,-1.0,-0.5,0.5
12480,True,15,5,13,1.0,13,71,0.2,-5,1,6,False,0,0.3866666666666667,0.3814758308514571,13.0,10.200000000000001,-2.799999999999999
12485,True,16,2,23,1.0,23,50,0.1,17,0,1,False,0,0.6375,0.4395072999014541,23.0,20.3,-2.6999999999999993
12486,True,16,2,29,0.6,6,20,0.95,-22,0,1,False,0,0.275,0.3642343567906062,19.799999999999997,17.9,-1.8999999999999986
12488,True,16,3,26,1.0,26,99,0.25,-2,2,6,False,0,0.4125000000000001,0.389657969677682,26.0,23.25,-2.75
12489,True,16,3,64,0.5,-36,39,0.5,-9,0,1,False,0,0.6124999999999999,0.3757215280851853,14.0,15.0,1.0
12490,True,16,2,2,1.0,2,20,0.4,-8,1,8,False,0,0.65,0.3966526608171605,2.0,3.2,1.2000000000000002
12492,True,16,5,55,0.01,-4,19,0.25,-15,0,1,False,0,0.5375,0.3844910055298216,-3.41,-6.5,-3.09
12493,True,16,3,13,1.0,13,15,0.1,12,0,1,True,0,0.6625000000000001,0.3703601850451351,13.0,12.3,-0.6999999999999993
12497,True,16,3,2,1.0,2,15,0.25,-3,1,4,True,0,0.8,0.3265986323710904,2.0,1.5,-0.5
12500,True,18,3,32,0.8,12,30,0.5,23,1,4,True,0,0.4111111111111112,0.3848435723295877,28.0,26.5,-1.5
12502,True,18,3,14,1.0,14,43,0.1,11,1,6,False,0,0.4111111111111111,0.4309891344186395,14.0,14.2,0.1999999999999993
12504,True,18,5,103,0.25,-22,70,0.5,-49,0,1,True,0,0.5777777777777778,0.355718916719955,9.25,10.5,1.25
12505,True,18,3,25,1.0,25,103,0.25,-4,0,1,False,0,0.3666666666666667,0.4297742225319489,25.0,22.75,-2.25
12506,True,18,4,6,1.0,6,6,1.0,6,3,2,False,0,0.5888888888888889,0.4522998600471736,6.0,6.0,0.0
12507,True,18,2,16,1.0,16,17,0.99,15,2,3,False,0,0.6555555555555554,0.4273340368903081,16.0,16.979999999999997,0.9799999999999969
12508,True,18,2,-7,1.0,-7,-7,1.0,-7,1,8,True,0,0.7555555555555555,0.3110177264140917,-7.0,-7.0,0.0
12511,True,18,5,1,1.0,1,4,0.8,-4,1,8,False,0,0.7333333333333334,0.3497898528780825,1.0,2.4000000000000004,1.4000000000000004
12513,True,18,4,-10,1.0,-10,36,0.05,-13,0,1,False,0,0.4555555555555555,0.4104835344153816,-10.0,-10.549999999999999,-0.5499999999999989
12520,True,18,2,23,1.0,23,35,0.5,6,0,1,True,0,0.3666666666666665,0.2765331593774861,23.0,20.5,-2.5
12521,True,18,5,12,1.0,12,49,0.2,2,0,1,False,0,0.4925925925925926,0.3322640802537493,12.0,11.4,-0.5999999999999996
12522,True,18,3,20,1.0,20,65,0.25,9,0,1,False,0,0.5000000000000001,0.3378130356555583,20.0,23.0,3.0
12530,True,18,2,21,0.8,16,31,0.1,19,0,1,False,0,0.5222222222222224,0.3370382340949318,20.0,20.200000000000003,0.20000000000000284
12537,True,16,5,3,1.0,3,9,0.2,0,3,4,False,0,0.31875,0.3816084380618437,3.0,1.8,-1.2
12539,True,30,2,17,1.0,17,46,0.2,7,1,8,False,0,0.5800000000000002,0.4012050812756231,17.0,14.8,-2.1999999999999993
12541,True,16,3,33,0.5,-23,15,0.4,-1,0,1,False,0,0.7124999999999999,0.35,5.0,5.4,0.40000000000000036
12546,True,33,2,30,1.0,30,92,0.4,-16,0,1,False,0,0.3818181818181817,0.3441062203870934,30.0,27.200000000000003,-2.799999999999997
12547,True,16,3,6,1.0,6,72,0.4,-37,2,7,False,0,0.5625000000000001,0.3810074364978545,6.0,6.600000000000001,0.6000000000000014
12549,True,16,3,-1,1.0,-1,-3,0.6,-5,3,5,True,0,0.2125,0.3537890143385839,-1.0,-3.8,-2.8
12551,True,16,2,116,0.05,-12,94,0.2,-28,0,1,False,0,0.475,0.405791407827552,-5.599999999999998,-3.6000000000000014,1.9999999999999964
12555,True,16,2,-10,1.0,-10,79,0.05,-17,1,4,False,0,0.575,0.3642343567906062,-10.0,-12.2,-2.1999999999999993
12556,True,16,2,17,1.0,17,41,0.4,5,0,1,False,0,0.6625000000000001,0.3630886025935451,17.0,19.400000000000002,2.400000000000002
12557,True,16,5,57,0.05,-3,0,0.8,-17,1,4,False,0,0.3624999999999999,0.3879432948254165,4.440892098500626e-16,-3.3999999999999995,-3.4
12559,True,16,5,16,1.0,16,31,0.4,7,1,2,False,0,0.5750000000000001,0.405791407827552,16.0,16.6,0.6000000000000014
12560,True,16,2,13,0.9,-10,12,0.25,9,0,1,False,-1,0.7375,0.3556683848755748,10.700000000000001,9.75,-0.9500000000000011
12562,True,16,5,13,1.0,13,51,0.1,11,0,1,False,0,0.6875,0.3575378767813745,13.0,15.0,2.0
12563,True,16,3,17,1.0,17,63,0.25,4,0,1,False,0,0.525,0.3642343567906062,17.0,18.75,1.75
12564,True,16,5,9,1.0,9,21,0.75,-25,1,4,False,0,0.6750000000000002,0.3568379650952703,9.0,9.5,0.5
12567,True,16,4,27,1.0,27,32,0.95,-9,0,1,False,0,0.725,0.3255764119219941,27.0,29.95,2.9499999999999993
12569,True,32,3,49,0.5,-25,12,1.0,12,1,4,False,0,0.6000000000000001,0.3627849269550851,12.0,12.0,0.0
12571,True,16,3,28,1.0,28,91,0.25,10,3,6,False,0,0.475,0.3336665001664585,28.0,30.25,2.25
12575,True,16,5,22,1.0,22,33,0.05,18,0,1,False,0,0.3,0.3346640106136301,22.0,18.749999999999996,-3.2500000000000036
12577,True,16,2,26,1.0,26,82,0.4,-8,0,1,False,0,0.4500000000000001,0.3464101615137755,26.0,28.000000000000004,2.0000000000000036
12579,True,16,3,33,0.01,-7,-4,0.95,-37,0,1,False,0,0.5500000000000002,0.3540244812627134,-6.6,-5.650000000000001,0.9499999999999984
12580,True,16,4,24,0.25,8,32,0.1,6,1,8,False,0,0.4208333333333332,0.3263433774416144,12.0,8.600000000000001,-3.3999999999999986
12581,True,16,3,20,0.05,-8,0,0.2,-5,3,2,False,0,0.5624999999999999,0.311715682420161,-6.6,-4.0,2.5999999999999996
12583,True,16,3,7,0.4,-5,60,0.25,-24,0,1,False,0,0.4000000000000001,0.282842712474619,-0.19999999999999973,-3.0,-2.8000000000000003
12585,True,16,5,21,0.05,-3,34,0.4,-29,2,7,False,-1,0.5875,0.3461695153148719,-1.7999999999999996,-3.799999999999997,-1.9999999999999976
12588,True,16,3,2,0.01,-6,-2,0.9,-28,3,4,True,0,0.5249999999999999,0.3087609647175843,-5.92,-4.6,1.3200000000000003
12590,True,16,2,24,1.0,24,40,0.6,4,0,1,False,0,0.6000000000000001,0.3425395354310701,24.0,25.6,1.6000000000000014
12591,True,16,2,27,0.5,19,47,0.6,-16,3,2,True,0,0.4875000000000001,0.3008321791298265,23.0,21.799999999999997,-1.2000000000000028
12592,True,16,5,0,0.4,-12,1,0.01,-5,0,1,False,0,0.75,0.2581988897471611,-7.199999999999999,-4.94,2.259999999999999
12595,True,16,2,27,1.0,27,36,0.1,23,0,1,False,0,0.2625,0.4047633053197058,27.0,24.3,-2.6999999999999993
12597,True,16,5,5,0.95,2,30,0.5,-20,1,8,False,0,0.4875000000000001,0.3862210075418823,4.85,5.0,0.15000000000000036
12599,True,16,5,36,0.8,6,33,0.95,-34,1,8,False,0,0.2,0.282842712474619,30.0,29.649999999999995,-0.350000000000005
12600,True,16,4,22,1.0,22,34,0.8,-14,0,1,False,0,0.4875,0.4064070209367287,22.0,24.400000000000002,2.400000000000002
12602,True,16,3,28,0.75,4,23,0.9,14,1,8,False,-1,0.4125,0.4588027898781785,22.0,22.099999999999998,0.09999999999999787
12604,True,16,2,18,1.0,18,65,0.6,-50,1,2,True,0,0.4875,0.35,18.0,19.0,1.0
12608,True,16,4,8,0.9,7,22,0.6,-11,1,4,False,0,0.575,0.4312771730569565,7.9,8.799999999999999,0.8999999999999986
12611,True,16,4,30,1.0,30,32,0.99,29,0,1,False,0,0.6,0.4,30.0,31.97,1.9699999999999989
12612,True,16,5,46,0.75,-18,30,1.0,30,0,1,False,0,0.45625,0.3054368456271552,30.0,30.0,0.0
12615,True,16,5,24,0.8,-4,18,1.0,18,0,1,False,0,0.45,0.3055050463303893,18.400000000000002,18.0,-0.40000000000000213
12616,True,16,3,58,0.2,-5,16,0.25,6,1,8,False,0,0.7625000000000001,0.2334523505985751,7.600000000000001,8.5,0.8999999999999986
12618,True,16,5,2,0.8,-9,25,0.01,-2,0,1,False,0,0.3375,0.3844910055298216,-0.1999999999999995,-1.73,-1.5300000000000005
12620,True,16,2,30,0.05,14,106,0.25,-20,1,2,True,-1,0.45,0.3055050463303893,14.799999999999999,11.5,-3.299999999999999
12622,True,16,4,23,0.6,-24,89,0.05,-2,0,1,False,1,0.4625,0.3403429642777023,4.1999999999999975,2.5500000000000003,-1.6499999999999972
12623,True,16,4,-5,1.0,-5,99,0.25,-44,0,1,False,0,0.525,0.3,-5.0,-8.25,-3.25
12626,True,16,3,0,1.0,0,113,0.2,-24,0,1,False,0,0.375,0.3336665001664586,0.0,3.3999999999999986,3.3999999999999986
12628,True,33,3,21,0.8,18,51,0.4,2,0,1,False,0,0.4666666666666666,0.3662876829305985,20.4,21.6,1.2000000000000028
12629,True,16,3,19,1.0,19,84,0.5,-46,3,7,False,0,0.375,0.3336665001664586,19.0,19.0,0.0
12630,True,16,4,41,0.01,14,14,0.95,-42,3,4,False,-1,0.325,0.3568379650952703,14.27,11.199999999999998,-3.070000000000002
12635,True,16,5,11,1.0,11,11,1.0,11,3,2,False,0,0.275,0.3785938897200183,11.0,11.0,0.0
12637,True,16,2,22,1.0,22,26,0.01,24,0,1,False,0,0.65,0.3540244812627134,22.0,24.02,2.0199999999999996
12639,True,16,5,23,0.9,11,62,0.5,-24,0,1,False,0,0.3375000000000001,0.3324154027718932,21.799999999999997,19.0,-2.799999999999997
12641,True,16,3,37,0.75,8,28,0.75,24,1,4,True,-1,0.3,0.3502380143083653,29.75,27.0,-2.75
12642,True,16,4,26,1.0,26,48,0.5,1,0,1,False,0,0.3125,0.3862210075418822,26.0,24.5,-1.5
12643,True,15,4,21,1.0,21,24,0.4,18,1,6,False,0,0.4266666666666667,0.3990464825532174,21.0,20.4,-0.6000000000000014
12644,True,15,4,26,1.0,26,62,0.01,25,1,6,False,0,0.4933333333333334,0.439913411393435,26.0,25.37,-0.629999999999999
12645,True,15,4,7,1.0,7,29,0.6,-28,3,3,False,0,0.4133333333333333,0.341983012666391,7.0,6.1999999999999975,-0.8000000000000025
12646,True,15,5,25,0.1,6,38,0.25,1,1,2,False,0,0.2666666666666666,0.359894164336975,7.9,10.25,2.3499999999999996
12647,True,15,2,19,1.0,19,17,0.6,16,0,1,False,0,0.1066666666666666,0.2120197654757238,19.0,16.6,-2.3999999999999986
12650,True,15,3,68,0.25,-7,12,1.0,12,0,1,False,0,0.8266666666666667,0.2374467358818654,11.75,12.0,0.25
12651,True,15,2,60,0.01,26,35,0.9,-22,0,1,False,0,0.3538461538461539,0.3135702299254823,26.34,29.3,2.960000000000001
12652,True,15,2,30,1.0,30,31,0.8,16,0,1,False,0,0.36,0.4548155041960893,30.0,28.0,-2.0
12653,True,15,5,68,0.05,24,89,0.2,11,1,4,False,0,0.2666666666666666,0.3598941643369749,26.199999999999996,26.6,0.4000000000000057
12654,True,15,2,56,0.4,-31,4,0.9,2,3,4,False,0,0.6933333333333334,0.3614784456460256,3.8000000000000043,3.8,-4.440892098500626e-15
12655,True,15,2,-3,1.0,-3,20,0.05,-6,0,1,True,0,0.5333333333333333,0.3598941643369749,-3.0,-4.699999999999999,-1.6999999999999993
12658,True,15,3,7,1.0,7,10,0.01,6,0,1,True,0,0.4933333333333334,0.4267261863247181,7.0,6.039999999999999,-0.9600000000000009
12659,True,16,2,29,1.0,29,48,0.1,30,0,1,False,0,0.9125,0.1454876856186346,29.0,31.8,2.8000000000000007
12665,True,16,3,23,1.0,23,39,0.05,24,0,1,True,0,0.9625,0.1087811258138714,23.0,24.749999999999996,1.7499999999999964
12666,True,16,5,9,1.0,9,35,0.25,3,0,1,False,0,0.525,0.2909753712372692,9.0,11.0,2.0
12668,True,16,4,-7,1.0,-7,9,0.25,-11,0,1,True,0,0.6875,0.35,-7.0,-6.0,1.0
12669,True,16,4,28,1.0,28,30,0.99,-8,2,2,False,0,0.7875,0.3222318006239193,28.0,29.619999999999997,1.6199999999999974
12670,True,16,3,15,1.0,15,33,0.5,2,0,1,False,0,0.625,0.3336665001664586,15.0,17.5,2.5
12671,True,16,3,25,1.0,25,55,0.5,-3,0,1,False,0,0.45,0.3540244812627134,25.0,26.0,1.0
12672,True,16,4,16,1.0,16,58,0.01,16,1,2,True,0,0.8999999999999999,0.1460593486680443,16.0,16.419999999999998,0.41999999999999815
12673,True,16,2,7,1.0,7,13,0.5,-4,2,5,False,0,0.55,0.4226897995772629,7.0,4.5,-2.5
12674,True,16,3,18,1.0,18,21,0.99,-3,0,1,True,0,0.3750000000000001,0.3492849839314596,18.0,20.759999999999998,2.759999999999998
12676,True,16,5,27,0.8,-37,30,0.05,12,0,1,False,0,0.6125,0.3612478373637689,14.200000000000003,12.899999999999999,-1.3000000000000043
12678,True,16,3,29,0.6,-33,2,0.6,1,0,1,False,0,0.525,0.3255764119219941,4.1999999999999975,1.6,-2.5999999999999974
12679,True,16,2,76,0.4,-39,34,0.1,6,2,6,True,0,0.8125000000000001,0.212524508390601,7.0000000000000036,8.8,1.7999999999999972
12682,True,16,4,66,0.6,-37,31,0.75,0,1,2,False,0,0.575,0.3642343567906062,24.8,23.25,-1.5500000000000007
12683,True,16,3,4,0.4,-13,-9,0.99,-13,0,1,False,0,0.25,0.2780887148615228,-6.199999999999999,-9.040000000000001,-2.8400000000000016
12684,True,16,2,44,0.5,8,32,0.5,22,1,4,False,0,0.4,0.282842712474619,26.0,27.0,1.0
12685,True,16,5,92,0.25,-28,44,0.1,-2,0,1,True,-1,0.6250000000000001,0.3492849839314596,2.0,2.6000000000000005,0.6000000000000005
12688,True,16,5,24,0.05,11,17,0.95,-23,1,4,False,0,0.6,0.3651483716701107,11.649999999999999,14.999999999999998,3.3499999999999996
12692,True,16,3,28,1.0,28,68,0.6,-40,1,6,False,0,0.4125,0.4031128874149275,28.0,24.799999999999997,-3.200000000000003
12693,True,16,5,15,1.0,15,35,0.25,10,0,1,True,0,0.5874999999999999,0.3612478373637688,15.0,16.25,1.25
12696,True,16,3,18,0.9,-2,30,0.01,13,0,1,False,0,0.6196428571428573,0.3313495390170367,16.0,13.17,-2.83
12701,True,16,3,-7,1.0,-7,5,0.1,-12,1,4,False,0,0.575,0.3492849839314596,-7.0,-10.3,-3.3000000000000007
12702,True,16,4,17,0.75,-6,46,0.5,-19,2,2,False,0,0.6,0.3183289703016885,11.25,13.5,2.25
12705,True,16,3,36,0.05,0,20,0.1,2,0,1,False,0,0.6375000000000001,0.3810074364978545,1.8,3.8,1.9999999999999998
12708,True,15,4,72,0.4,-38,7,0.8,-7,1,8,True,0,0.4533333333333334,0.3814758308514571,6.0,4.200000000000001,-1.799999999999999
12709,True,15,4,17,1.0,17,15,0.99,3,0,1,False,0,0.2266666666666666,0.3283436063174123,17.0,14.879999999999999,-2.120000000000001
12712,True,15,2,28,0.9,11,25,0.9,4,1,6,False,-1,0.2133333333333332,0.341983012666391,26.299999999999997,22.9,-3.3999999999999986
12713,True,15,3,73,0.1,-19,79,0.2,-32,0,1,False,0,0.539047619047619,0.3706218345128725,-9.8,-9.8,0.0
12714,True,15,4,-9,1.0,-9,-7,0.99,-11,0,1,True,0,0.7066666666666668,0.3283436063174123,-9.0,-7.04,1.96
12719,True,15,2,-10,1.0,-10,-10,0.99,-34,0,1,False,0,0.1733333333333333,0.2814926202195987,-10.0,-10.24,-0.2400000000000002
12721,True,15,4,3,1.0,3,40,0.25,-7,0,1,False,0,0.4933333333333334,0.3614784456460256,3.0,4.75,1.75
12725,True,15,4,7,1.0,7,7,1.0,7,1,4,True,0,0.52,0.4459340117743239,7.0,7.0,0.0
12726,True,15,5,24,0.5,-22,6,0.9,-14,0,1,False,0,0.5599999999999999,0.3718678720805473,1.0,4.000000000000001,3.000000000000001
12727,True,15,5,24,0.6,22,28,0.2,23,0,1,False,0,0.7466666666666667,0.3335237551331168,23.2,24.000000000000004,0.8000000000000043
12729,True,15,3,32,0.6,-23,17,0.9,-26,2,4,False,0,0.6844444444444446,0.2587720289423935,9.999999999999998,12.700000000000001,2.700000000000003
12731,True,15,3,5,0.4,2,9,0.9,-30,1,4,False,0,0.56,0.4222389303293981,3.2,5.1000000000000005,1.9000000000000004
12732,True,15,2,54,0.4,-16,18,0.4,10,0,1,False,0,0.7733333333333333,0.198086080374405,12.000000000000002,13.2,1.1999999999999975
12733,True,15,4,-8,1.0,-8,-5,0.5,-9,3,4,False,0,0.6,0.4598136268408881,-8.0,-7.0,1.0
12734,True,15,4,12,0.1,4,5,1.0,5,0,1,False,0,0.4933333333333334,0.4267261863247181,4.800000000000001,5.0,0.1999999999999993
12735,True,15,3,7,1.0,7,47,0.25,-4,0,1,False,0,0.5066666666666666,0.3011090610836324,7.0,8.75,1.75
12736,True,15,4,58,0.2,-10,47,0.4,-21,0,1,False,0,0.48,0.352946778667023,3.6000000000000014,6.200000000000001,2.5999999999999996
12739,True,15,3,19,0.6,-14,67,0.2,-13,0,1,True,0,0.5333333333333333,0.4047338925881101,5.8,3.0,-2.8
12744,True,15,3,26,0.5,-4,24,0.75,-25,0,1,False,0,0.32,0.2908116719999879,11.0,11.75,0.75
12749,True,15,3,4,1.0,4,20,0.5,-12,0,1,False,0,0.5066666666666667,0.3692979181920098,4.0,4.0,0.0
12755,True,16,3,69,0.2,-6,22,0.4,3,0,1,False,0,0.8250000000000001,0.1914854215512677,9.0,10.600000000000001,1.6000000000000014
12757,True,16,3,71,0.25,-29,90,0.2,-28,2,7,False,0,0.5375,0.3324154027718932,-4.0,-4.400000000000002,-0.40000000000000213
12758,True,16,3,0,1.0,0,0,1.0,0,2,5,False,0,0.5375,0.3556683848755748,0.0,0.0,0.0
12759,True,16,5,-3,1.0,-3,70,0.2,-20,1,4,False,0,0.5874999999999999,0.3537890143385838,-3.0,-2.0,1.0
12761,True,16,5,0,1.0,0,45,0.01,1,1,6,False,0,0.9,0.2309401076758503,0.0,1.44,1.44
12762,True,16,5,12,1.0,12,25,0.8,-32,2,5,False,0,0.6,0.2921186973360886,12.0,13.600000000000001,1.6000000000000014
12763,True,16,5,15,1.0,15,15,1.0,15,2,2,False,0,0.5624999999999999,0.4080441152620633,15.0,15.0,0.0
12764,True,16,4,3,1.0,3,5,0.8,2,1,2,False,0,0.9,0.1788854381999831,3.0,4.4,1.4000000000000004
12765,True,16,2,20,1.0,20,38,0.2,16,0,1,False,0,0.375,0.3714835124201341,20.0,20.400000000000002,0.40000000000000213
12766,True,16,4,21,1.0,21,47,0.5,-2,2,5,True,0,0.5875,0.3612478373637688,21.0,22.5,1.5
12768,True,16,2,30,0.8,2,61,0.5,-10,0,1,False,0,0.4375000000000001,0.3364025366531392,24.4,25.5,1.1000000000000014
12770,True,16,5,8,0.2,-11,-6,0.8,-26,0,1,False,0,0.3500000000000001,0.3687817782917155,-7.200000000000001,-10.0,-2.799999999999999
12774,True,16,3,1,0.5,-15,41,0.01,-5,3,2,False,0,0.55,0.4226897995772628,-7.0,-4.54,2.46
12776,True,16,3,19,1.0,19,22,0.75,17,1,4,False,0,0.7124999999999999,0.3721558813185679,19.0,20.75,1.75
12777,True,16,2,56,0.6,-27,23,1.0,23,0,1,False,0,0.5750000000000001,0.4057914078275521,22.8,23.0,0.1999999999999993
12783,True,16,2,29,1.0,29,43,0.25,25,0,1,False,0,0.675,0.3855731664245668,29.0,29.5,0.5
12784,True,16,2,28,1.0,28,28,1.0,28,2,4,False,0,0.5625,0.4080441152620633,28.0,28.0,0.0
12785,True,16,3,22,1.0,22,37,0.05,23,0,1,True,0,0.5750000000000001,0.4187282332651254,22.0,23.7,1.6999999999999993
12789,True,16,4,27,0.4,-8,6,1.0,6,0,1,False,0,0.7374999999999998,0.3159641329855863,6.000000000000001,6.0,-8.881784197001252e-16
12790,True,16,4,3,1.0,3,8,0.25,-1,0,1,False,0,0.25,0.2683281572999748,3.0,1.25,-1.75
12791,True,32,2,29,1.0,29,37,0.8,-7,0,1,False,0,0.4916666666666666,0.3299831645537221,29.0,28.200000000000003,-0.7999999999999972
12792,True,16,4,2,0.6,0,19,0.6,-33,1,6,False,1,0.4500000000000001,0.3966526608171605,1.2,-1.8000000000000007,-3.000000000000001
12793,True,16,5,-7,1.0,-7,7,0.4,-16,1,8,True,0,0.9088235294117648,0.1613381184530631,-7.0,-6.799999999999999,0.20000000000000107
12794,True,32,3,46,0.2,-14,-2,1.0,-2,0,1,False,0,0.46875,0.3649458643017725,-2.0,-2.0,0.0
12795,True,16,3,21,0.5,3,39,0.6,-33,3,4,False,0,0.4,0.4381780460041329,12.0,10.199999999999998,-1.8000000000000025
12799,True,16,3,5,1.0,5,5,0.99,-43,3,5,True,0,0.2625,0.3556683848755748,5.0,4.52,-0.4800000000000004
12802,True,16,3,80,0.01,8,18,0.1,9,0,1,False,0,0.575,0.3855731664245668,8.72,9.9,1.1799999999999997
12804,True,16,4,29,1.0,29,35,0.6,24,2,3,False,0,0.8250000000000001,0.2909753712372692,29.0,30.6,1.6000000000000014
12806,True,16,2,10,1.0,10,70,0.5,-44,1,2,False,0,0.4464285714285714,0.3787376095276892,10.0,13.0,3.0
12807,True,16,3,25,1.0,25,101,0.25,4,0,1,True,0,0.5791666666666667,0.2918332857414772,25.0,28.25,3.25
12808,True,16,5,23,1.0,23,83,0.2,12,2,4,True,0,0.6375000000000001,0.3810074364978545,23.0,26.200000000000003,3.200000000000003
12810,True,16,3,7,1.0,7,61,0.4,-25,0,1,False,0,0.6,0.3183289703016885,7.0,9.400000000000002,2.400000000000002
12812,True,16,3,23,0.8,3,41,0.4,-1,0,1,False,0,0.3750000000000001,0.3255764119219941,19.000000000000004,15.800000000000002,-3.200000000000001
12814,True,16,3,32,0.75,8,55,0.4,6,2,2,False,0,0.425,0.3642343567906063,26.0,25.6,-0.3999999999999986
12815,True,16,2,0,1.0,0,43,0.1,-5,1,6,False,0,0.4545454545454546,0.3871773961482698,0.0,-0.20000000000000018,-0.20000000000000018
12816,True,16,5,104,0.25,-20,61,0.25,-9,0,1,False,0,0.6,0.39327683210007,11.0,8.5,-2.5
12817,True,16,3,56,0.2,12,103,0.4,-31,2,3,False,-1,0.3986111111111112,0.3485862098233554,20.800000000000004,22.600000000000005,1.8000000000000007
12819,True,15,2,23,1.0,23,75,0.25,9,1,8,False,0,0.2843771043771043,0.3151470905326972,23.0,25.5,2.5
12821,True,15,5,4,1.0,4,45,0.1,0,0,1,False,0,0.3942857142857143,0.4291424766975677,4.0,4.5,0.5
12823,True,15,5,52,0.25,0,48,0.5,-17,0,1,False,1,0.3733333333333333,0.3104528182847635,13.0,15.5,2.5
12827,True,15,5,15,1.0,15,15,0.8,1,0,1,False,0,0.2133333333333333,0.2972893411828826,15.0,12.2,-2.8000000000000007
12828,True,15,4,53,0.25,22,87,0.25,12,0,1,False,0,0.4838095238095238,0.4021033136271473,29.75,30.75,1.0
12830,True,15,3,55,0.1,-3,7,0.95,-29,0,1,False,-1,0.5333333333333333,0.3976119189552021,2.8,5.199999999999998,2.3999999999999986
12831,True,15,4,1,0.9,-20,65,0.25,-20,0,1,False,0,0.3885714285714286,0.3740566365497861,-1.0999999999999996,1.25,2.3499999999999996
12832,True,15,4,46,0.6,-24,24,0.9,-13,0,1,False,0,0.5140740740740741,0.3593906921528631,17.999999999999996,20.3,2.3000000000000043
12833,True,15,2,64,0.1,24,33,0.9,-19,0,1,True,0,0.2933333333333333,0.3534860406754147,28.0,27.8,-0.1999999999999993
12835,True,15,5,-5,0.1,-7,0,0.5,-20,1,4,False,0,0.5066666666666667,0.3614784456460256,-6.8,-10.0,-3.2
12838,True,15,5,27,1.0,27,32,0.4,20,0,1,False,0,0.5466666666666666,0.4172472146045293,27.0,24.8,-2.1999999999999993
12839,True,15,5,47,0.05,18,19,1.0,19,2,6,False,0,0.4800000000000001,0.3839642840533107,19.45,19.0,-0.4499999999999993
12841,True,15,2,37,0.75,-47,21,0.8,-11,0,1,False,0,0.3333333333333333,0.3677473252630061,16.0,14.600000000000001,-1.3999999999999986
12843,True,15,2,-9,1.0,-9,-3,0.9,-48,1,6,False,0,0.7466666666666667,0.3335237551331168,-9.0,-7.499999999999999,1.5000000000000009
12844,True,15,3,68,0.05,15,33,0.25,9,0,1,False,0,0.2533333333333333,0.3067494712224262,17.65,15.0,-2.6499999999999986
12845,True,15,3,7,1.0,7,27,0.05,8,2,4,True,0,0.8000000000000002,0.3116774889895918,7.0,8.95,1.9499999999999993
12846,True,15,5,4,1.0,4,18,0.5,-7,0,1,False,0,0.3066666666666667,0.3011090610836324,4.0,5.5,1.5
12847,True,15,2,4,1.0,4,23,0.25,-1,1,4,False,0,0.4,0.3625307868699863,4.0,5.0,1.0
12851,True,15,2,1,1.0,1,77,0.1,-10,0,1,False,0,0.28,0.3004758131459408,1.0,-1.2999999999999998,-2.3
12854,True,15,4,27,1.0,27,52,0.5,8,0,1,False,0,0.6933333333333331,0.3011090610836324,27.0,30.0,3.0
12859,True,15,4,76,0.2,-3,30,0.25,6,1,4,True,0,0.7733333333333334,0.2374467358818654,12.8,12.0,-0.8000000000000007
12861,True,15,2,22,1.0,22,81,0.5,-43,2,5,False,0,0.4666666666666666,0.3829708431025353,22.0,19.0,-3.0
12862,True,15,3,97,0.2,2,54,0.4,-5,2,3,False,0,0.45,0.3784366336842744,21.000000000000004,18.6,-2.400000000000002
12864,True,15,3,25,1.0,25,79,0.05,19,0,1,False,0,0.4266666666666668,0.3534860406754147,25.0,22.0,-3.0
12866,True,15,3,7,1.0,7,89,0.01,9,0,1,False,0,0.8133333333333332,0.2325838302531758,7.0,9.8,2.8000000000000007
12868,True,16,2,27,1.0,27,31,0.2,24,0,1,False,0,0.425,0.3336665001664586,27.0,25.400000000000002,-1.5999999999999979
12872,True,16,4,7,0.9,1,54,0.4,-25,3,6,True,0,0.575,0.3172801075810878,6.3999999999999995,6.600000000000001,0.20000000000000195
12873,True,16,3,-2,1.0,-2,5,0.75,-11,1,2,False,0,0.75,0.2780887148615228,-2.0,1.0,3.0
12875,True,16,5,100,0.01,29,97,0.5,-33,1,6,False,0,0.3625,0.4145278438577236,29.71,32.0,2.289999999999999
12876,True,16,2,31,0.9,-3,93,0.2,7,1,8,False,0,0.3875,0.3612478373637689,27.6,24.200000000000003,-3.3999999999999986
12877,True,33,4,19,1.0,19,44,0.6,-20,1,8,False,0,0.4242424242424242,0.352695250030305,19.0,18.4,-0.6000000000000014
12878,True,16,4,-3,0.75,-20,17,0.05,-11,0,1,False,0,0.5750000000000001,0.4057914078275521,-7.25,-9.6,-2.3499999999999996
12879,True,16,3,0,1.0,0,21,0.4,-11,3,5,False,0,0.6625,0.3324154027718932,0.0,1.8000000000000007,1.8000000000000007
12880,True,16,5,26,1.0,26,85,0.4,-9,0,1,False,0,0.45,0.3540244812627134,26.0,28.6,2.6000000000000014
12883,True,15,5,6,0.01,5,5,1.0,5,0,1,False,0,0.1733333333333333,0.3692979181920098,5.01,5.0,-0.009999999999999787
12884,True,15,2,25,1.0,25,22,0.99,9,0,1,False,0,0.0933333333333333,0.1667618775665584,25.0,21.87,-3.129999999999999
12886,True,15,2,38,0.6,-39,10,0.99,-4,0,1,True,0,0.5333333333333332,0.3177300441449957,7.199999999999999,9.86,2.66
12887,True,15,4,-7,1.0,-7,56,0.25,-24,0,1,False,0,0.6400000000000001,0.322490309931942,-7.0,-4.0,3.0
12888,True,15,2,50,0.4,8,80,0.4,-12,0,1,False,0,0.24,0.33123146848433,24.8,24.8,0.0
12892,True,15,4,84,0.25,4,50,0.5,-2,0,1,False,0,0.3466666666666667,0.3888934240098375,24.0,24.0,0.0
12897,True,15,2,28,1.0,28,26,0.95,15,2,4,False,0,0.4533333333333333,0.4240395309514477,28.0,25.45,-2.5500000000000007
12899,True,16,4,8,1.0,8,10,0.9,9,0,1,True,0,0.7000000000000001,0.3723797345005051,8.0,9.9,1.9000000000000004
12900,True,16,5,-2,1.0,-2,27,0.05,0,0,1,False,0,0.9000000000000001,0.1460593486680443,-2.0,1.35,3.35
12902,True,16,2,-3,0.95,-7,20,0.4,-23,2,4,True,0,0.6625000000000001,0.3159641329855864,-3.2,-5.799999999999999,-2.5999999999999988
12904,True,16,5,19,1.0,19,48,0.5,-13,0,1,True,0,0.3,0.2633122354417533,19.0,17.5,-1.5
12907,True,16,5,66,0.2,20,51,0.4,11,2,6,False,0,0.3750000000000001,0.2620432534271139,29.200000000000003,27.0,-2.200000000000003
12908,True,16,4,4,1.0,4,12,0.8,-30,1,6,False,0,0.5625,0.3879432948254165,4.0,3.600000000000003,-0.3999999999999968
12909,True,16,5,9,1.0,9,74,0.1,1,1,8,False,0,0.4625,0.3981205847478877,9.0,8.3,-0.6999999999999993
12911,True,16,4,8,1.0,8,14,0.75,-14,0,1,True,0,0.3375,0.3324154027718932,8.0,7.0,-1.0
12912,True,16,2,4,1.0,4,14,0.6,-18,0,1,True,0,0.31875,0.3208712098854201,4.0,1.2000000000000002,-2.8
12913,True,16,4,-9,1.0,-9,77,0.1,-21,3,3,False,0,0.475,0.3568379650952703,-9.0,-11.200000000000003,-2.200000000000003
12915,True,16,5,11,1.0,11,30,0.25,1,0,1,False,0,0.425,0.3855731664245668,11.0,8.25,-2.75
12916,True,16,3,37,0.05,28,53,0.1,24,1,4,False,0,0.425,0.3991657967979388,28.45,26.900000000000002,-1.5499999999999972
12919,True,16,3,2,1.0,2,73,0.1,-7,0,1,False,0,0.3625,0.3879432948254165,2.0,1.0000000000000009,-0.9999999999999991
12920,True,16,5,15,0.5,5,14,0.75,-12,2,7,False,0,0.4125,0.3685557397915997,10.0,7.5,-2.5
12921,True,16,5,27,0.2,-13,21,0.01,-6,1,4,False,0,0.5142857142857142,0.3417442254760985,-5.0,-5.7299999999999995,-0.7299999999999995
12925,True,16,2,-1,0.99,-31,25,0.2,-7,1,2,False,0,0.5375,0.370360185045135,-1.3000000000000003,-0.6000000000000005,0.6999999999999997
12926,True,16,5,29,1.0,29,114,0.2,11,0,1,False,0,0.5374999999999999,0.3556683848755748,29.0,31.6,2.6000000000000014
12927,True,16,2,26,1.0,26,24,0.9,13,0,1,False,0,0.2,0.3265986323710904,26.0,22.900000000000002,-3.099999999999998
12933,True,15,2,8,0.95,5,14,0.5,-4,0,1,False,0,0.32,0.2808151400069855,7.85,5.0,-2.8499999999999996
12934,True,15,4,23,0.75,-49,67,0.1,-2,0,1,False,0,0.4133333333333333,0.3583028779970269,5.0,4.9,-0.09999999999999964
12936,True,15,3,71,0.6,-39,49,0.6,-12,2,5,False,0,0.5733333333333334,0.4061433010064071,27.0,24.599999999999998,-2.400000000000002
12938,True,15,2,22,1.0,22,30,0.5,12,1,2,False,0,0.3866666666666666,0.3067494712224262,22.0,21.0,-1.0
12941,True,15,3,14,0.95,1,56,0.1,8,0,1,False,0,0.4605128205128205,0.3618991264706348,13.35,12.8,-0.5499999999999989
12942,True,15,4,14,1.0,14,32,0.6,-11,0,1,False,0,0.4133333333333333,0.341983012666391,14.0,14.799999999999999,0.7999999999999989
12946,True,15,5,-6,0.99,-13,-6,1.0,-6,2,5,False,0,0.6533333333333334,0.3888934240098375,-6.069999999999999,-6.0,0.0699999999999994
12947,True,15,2,26,1.0,26,31,0.01,24,1,8,False,0,0.3866666666666667,0.4103424818136094,26.0,24.069999999999997,-1.9300000000000033
12950,True,15,3,22,0.5,12,17,1.0,17,2,4,False,0,0.4799999999999999,0.3609511245109429,17.0,17.0,0.0
12951,True,15,2,13,1.0,13,108,0.05,7,0,1,False,0,0.2133333333333332,0.2669046557070431,13.0,12.05,-0.9499999999999993
12952,True,15,2,-7,1.0,-7,-8,0.99,-25,1,4,False,0,0.0666666666666666,0.1447493728911491,-7.0,-8.17,-1.17
12954,True,15,2,28,1.0,28,38,0.2,28,0,1,True,0,0.76,0.3480558247506528,28.0,30.000000000000004,2.0000000000000036
12955,True,15,4,20,1.0,20,95,0.25,-5,1,2,False,0,0.32,0.405674042269688,20.0,20.0,0.0
12956,True,15,2,15,0.25,-17,-9,1.0,-9,3,4,True,0,0.2533333333333333,0.2875181153713043,-9.0,-9.0,0.0
12957,True,15,5,21,1.0,21,27,0.25,17,2,4,False,0,0.4740740740740741,0.4010274869226419,21.0,19.5,-1.5
12958,True,15,3,7,1.0,7,78,0.4,-37,1,4,True,0,0.5066666666666667,0.3692979181920098,7.0,9.000000000000004,2.0000000000000036
12959,True,15,4,-6,1.0,-6,55,0.4,-48,1,8,False,0,0.6666666666666666,0.2992052966172383,-6.0,-6.799999999999997,-0.7999999999999972
12960,True,15,5,30,0.9,-8,26,1.0,26,0,1,False,0,0.5866666666666667,0.3661901665736508,26.2,26.0,-0.1999999999999993
12961,True,15,3,1,1.0,1,10,0.75,-13,0,1,False,0,0.6266666666666667,0.3011090610836324,1.0,4.25,3.25
12962,True,15,4,8,1.0,8,18,0.01,8,1,6,False,0,0.88,0.211119465164699,8.0,8.1,0.09999999999999964
12963,True,19,5,19,1.0,19,94,0.2,1,0,1,False,0,0.368421052631579,0.3544207035257947,19.0,19.6,0.6000000000000014
12965,True,19,3,17,1.0,17,37,0.5,-3,0,1,False,0,0.3263157894736842,0.3141869670950685,17.0,17.0,0.0
12967,True,19,5,1,1.0,1,25,0.5,-19,1,2,False,0,0.5789473684210528,0.3392458095514897,1.0,3.0,2.0
12968,True,19,3,33,0.01,5,3,0.6,2,3,3,False,0,0.1368421052631579,0.2832559233778792,5.28,2.5999999999999996,-2.6800000000000006
12969,True,19,5,29,0.4,-28,53,0.01,-7,1,6,False,0,0.5473684210526317,0.3991218430680475,-5.199999999999999,-6.3999999999999995,-1.2000000000000002
12974,True,19,4,13,1.0,13,60,0.01,12,1,6,True,0,0.7052631578947368,0.3792883456195392,13.0,12.479999999999999,-0.5200000000000014
12977,True,19,4,15,1.0,15,31,0.01,15,0,1,True,0,0.7894736842105263,0.3016523695361659,15.0,15.16,0.16000000000000014
12978,True,19,5,68,0.4,-25,14,0.4,11,0,1,False,-1,0.7789473684210527,0.3392458095514897,12.200000000000003,12.2,-3.552713678800501e-15
12979,True,32,3,19,1.0,19,67,0.25,4,0,1,False,0,0.53125,0.3316016848861821,19.0,19.75,0.75
12980,True,16,5,16,1.0,16,33,0.6,-8,0,1,True,0,0.35,0.3540244812627134,16.0,16.6,0.6000000000000014
12986,True,16,5,42,0.1,26,40,0.1,30,1,6,False,0,0.625,0.3336665001664586,27.6,31.0,3.3999999999999986
12987,True,16,3,76,0.4,-36,43,0.1,5,1,4,False,0,0.6499999999999999,0.3614784456460256,8.800000000000004,8.8,-3.552713678800501e-15
12988,True,32,2,2,0.25,-3,73,0.2,-22,0,1,False,0,0.5125000000000001,0.3087435515847436,-1.75,-3.0,-1.25
12991,True,16,2,10,1.0,10,10,0.25,10,3,5,True,0,0.3375,0.3556683848755748,10.0,10.0,0.0
12993,True,16,5,112,0.05,21,25,0.95,5,1,6,False,0,0.375,0.3336665001664586,25.55,24.0,-1.5500000000000007
12996,True,15,2,19,1.0,19,104,0.25,-6,1,6,False,0,0.4,0.3464101615137754,19.0,21.5,2.5
12998,True,15,4,27,0.6,-35,5,0.95,5,0,1,False,0,0.7733333333333333,0.3534860406754147,2.1999999999999993,5.0,2.8000000000000007
12999,True,15,3,10,0.8,-25,5,0.8,0,0,1,False,0,0.6666666666666667,0.3754362541795624,3.000000000000001,4.0,0.9999999999999991
13003,True,15,5,70,0.5,-42,18,0.8,7,0,1,False,0,0.7599999999999999,0.3641035959331198,14.0,15.8,1.8000000000000007
13004,True,15,5,8,0.4,-17,31,0.4,-34,1,6,False,0,0.6666666666666666,0.3677473252630061,-6.999999999999999,-7.999999999999998,-0.9999999999999991
